sex,age,height,weight,duration,heart_rate,body_temp,calorie_burn_rate,calories
male,54,166.0,70.0,18.0,99.0,40.4,5.888888888888889,106.0
male,45,194.0,103.0,14.0,85.0,39.9,4.071428571428571,57.0
male,46,182.0,82.0,2.0,79.0,38.5,2.5,5.0
male,67,187.0,89.0,20.0,100.0,40.6,7.05,141.0
female,77,171.0,68.0,21.0,101.0,40.6,6.333333333333333,133.0
male,54,180.0,79.0,19.0,105.0,40.3,6.947368421052632,132.0
female,46,168.0,70.0,5.0,77.0,39.1,3.2,16.0
male,47,192.0,101.0,18.0,99.0,40.6,6.222222222222222,112.0
female,35,169.0,69.0,21.0,99.0,40.5,5.380952380952381,113.0
male,21,199.0,99.0,20.0,108.0,40.3,6.25,125.0
male,35,180.0,84.0,23.0,106.0,40.6,6.304347826086956,145.0
female,28,173.0,65.0,10.0,96.0,40.0,5.0,50.0
female,35,167.0,65.0,8.0,97.0,39.6,5.25,42.0
female,21,159.0,62.0,21.0,95.0,40.4,4.809523809523809,101.0
female,74,168.0,69.0,5.0,85.0,39.4,4.6,23.0
male,63,175.0,78.0,26.0,105.0,41.0,7.384615384615385,192.0
male,63,189.0,89.0,7.0,90.0,39.4,5.428571428571429,38.0
male,49,196.0,100.0,22.0,99.0,40.6,6.2727272727272725,138.0
male,22,199.0,97.0,24.0,104.0,40.6,5.666666666666667,136.0
male,33,175.0,81.0,21.0,102.0,40.6,5.571428571428571,117.0
female,78,170.0,67.0,9.0,94.0,40.0,5.666666666666667,51.0
female,53,165.0,67.0,21.0,104.0,40.8,6.238095238095238,131.0
female,29,166.0,65.0,11.0,84.0,40.0,3.727272727272727,41.0
female,30,161.0,54.0,5.0,80.0,39.2,3.4,17.0
female,52,149.0,47.0,8.0,83.0,40.1,4.25,34.0
male,24,195.0,97.0,9.0,83.0,39.3,2.5555555555555554,23.0
female,24,170.0,64.0,8.0,90.0,39.6,4.25,34.0
female,39,165.0,65.0,19.0,106.0,40.6,6.2631578947368425,119.0
female,30,173.0,68.0,27.0,100.0,41.0,5.407407407407407,146.0
male,24,179.0,74.0,12.0,93.0,40.3,3.5833333333333335,43.0
male,24,171.0,76.0,16.0,95.0,40.2,3.9375,63.0
female,42,158.0,60.0,24.0,99.0,40.7,5.625,135.0
male,53,170.0,78.0,16.0,94.0,40.7,5.25,84.0
male,42,191.0,89.0,26.0,98.0,40.3,5.538461538461538,144.0
male,38,181.0,81.0,20.0,101.0,40.3,5.65,113.0
female,71,180.0,76.0,13.0,89.0,40.3,4.846153846153846,63.0
male,71,181.0,84.0,15.0,99.0,39.9,7.0,105.0
male,56,192.0,101.0,18.0,96.0,40.3,6.166666666666667,111.0
female,38,155.0,59.0,28.0,115.0,40.4,7.285714285714286,204.0
female,67,147.0,49.0,7.0,86.0,39.5,4.857142857142857,34.0
female,24,165.0,65.0,6.0,94.0,39.5,4.666666666666667,28.0
male,59,181.0,84.0,12.0,95.0,40.0,5.833333333333333,70.0
female,54,153.0,51.0,8.0,87.0,39.5,4.625,37.0
female,27,170.0,66.0,21.0,113.0,40.5,6.761904761904762,142.0
male,71,191.0,91.0,12.0,87.0,39.8,5.333333333333333,64.0
female,67,166.0,64.0,17.0,90.0,40.3,5.0588235294117645,86.0
female,26,169.0,70.0,19.0,99.0,40.6,5.2105263157894735,99.0
male,64,204.0,105.0,19.0,105.0,40.5,8.0,152.0
male,25,179.0,78.0,6.0,97.0,39.3,4.333333333333333,26.0
female,26,163.0,65.0,14.0,92.0,40.2,4.5,63.0
female,21,171.0,62.0,19.0,100.0,40.1,5.315789473684211,101.0
female,22,153.0,56.0,7.0,92.0,39.5,4.571428571428571,32.0
male,27,193.0,92.0,21.0,97.0,40.6,4.761904761904762,100.0
male,27,207.0,100.0,8.0,88.0,39.7,3.5,28.0
female,42,174.0,67.0,10.0,88.0,39.6,4.4,44.0
female,65,172.0,71.0,17.0,94.0,40.5,5.352941176470588,91.0
female,24,164.0,65.0,14.0,98.0,40.4,5.142857142857143,72.0
male,54,188.0,90.0,23.0,108.0,40.9,7.6521739130434785,176.0
male,29,186.0,93.0,25.0,101.0,40.7,5.48,137.0
male,27,185.0,85.0,17.0,108.0,40.4,6.235294117647059,106.0
female,67,167.0,65.0,22.0,104.0,40.6,6.545454545454546,144.0
female,75,158.0,56.0,10.0,91.0,40.0,5.4,54.0
male,70,182.0,83.0,17.0,96.0,40.2,6.470588235294118,110.0
male,25,194.0,99.0,1.0,78.0,37.7,2.0,2.0
male,55,198.0,104.0,18.0,103.0,40.0,7.277777777777778,131.0
male,25,193.0,93.0,23.0,94.0,40.6,4.217391304347826,97.0
female,37,147.0,49.0,27.0,102.0,40.3,6.0,162.0
female,32,178.0,73.0,18.0,102.0,40.2,5.611111111111111,101.0
male,26,197.0,99.0,30.0,118.0,41.1,8.0,240.0
female,31,177.0,73.0,9.0,90.0,39.4,4.333333333333333,39.0
female,46,179.0,67.0,10.0,97.0,39.5,5.4,54.0
male,29,196.0,100.0,24.0,106.0,40.6,6.375,153.0
male,23,179.0,74.0,15.0,89.0,40.0,2.933333333333333,44.0
female,51,168.0,66.0,25.0,104.0,41.1,6.24,156.0
male,34,190.0,93.0,9.0,85.0,39.6,3.3333333333333335,30.0
male,22,187.0,84.0,26.0,99.0,40.6,4.615384615384615,120.0
male,42,190.0,95.0,26.0,104.0,41.1,6.576923076923077,171.0
female,34,176.0,75.0,23.0,99.0,41.1,5.260869565217392,121.0
female,60,148.0,52.0,11.0,84.0,39.7,4.454545454545454,49.0
female,57,161.0,61.0,27.0,108.0,40.8,6.851851851851852,185.0
male,45,185.0,87.0,24.0,107.0,40.8,7.0,168.0
female,70,161.0,63.0,13.0,85.0,39.9,4.615384615384615,60.0
female,34,144.0,50.0,7.0,83.0,39.3,3.857142857142857,27.0
female,77,176.0,72.0,30.0,110.0,41.0,7.266666666666667,218.0
female,40,177.0,73.0,7.0,82.0,39.5,3.5714285714285716,25.0
male,35,201.0,104.0,22.0,107.0,40.6,6.909090909090909,152.0
male,33,188.0,90.0,14.0,99.0,40.1,5.285714285714286,74.0
female,63,161.0,61.0,11.0,91.0,40.4,5.090909090909091,56.0
male,71,184.0,91.0,14.0,87.0,40.0,5.357142857142857,75.0
female,41,166.0,62.0,14.0,94.0,40.3,5.071428571428571,71.0
female,34,159.0,52.0,29.0,102.0,40.8,5.896551724137931,171.0
female,23,146.0,48.0,7.0,91.0,39.7,4.571428571428571,32.0
male,31,200.0,110.0,9.0,91.0,40.0,4.444444444444445,40.0
male,21,194.0,86.0,15.0,92.0,40.2,3.6,54.0
male,34,179.0,80.0,18.0,98.0,40.7,5.0,90.0
male,31,182.0,86.0,22.0,101.0,40.6,5.409090909090909,119.0
male,63,185.0,90.0,29.0,112.0,40.9,8.689655172413794,252.0
male,56,196.0,101.0,9.0,87.0,39.9,4.777777777777778,43.0
male,29,182.0,85.0,25.0,101.0,41.0,5.28,132.0
male,22,188.0,83.0,28.0,113.0,40.7,6.714285714285714,188.0
male,24,186.0,88.0,2.0,91.0,38.1,3.5,7.0
female,26,153.0,49.0,21.0,93.0,40.5,4.857142857142857,102.0
male,58,199.0,105.0,8.0,95.0,39.7,6.25,50.0
female,22,173.0,66.0,20.0,93.0,40.8,4.55,91.0
male,44,184.0,84.0,10.0,92.0,39.6,4.6,46.0
female,22,155.0,54.0,19.0,103.0,40.3,5.7894736842105265,110.0
male,63,199.0,105.0,2.0,74.0,38.5,3.5,7.0
female,48,171.0,68.0,16.0,96.0,40.4,5.3125,85.0
male,25,186.0,86.0,11.0,98.0,40.1,4.636363636363637,51.0
male,40,177.0,84.0,7.0,82.0,39.4,3.0,21.0
male,29,177.0,73.0,11.0,96.0,40.1,4.2727272727272725,47.0
male,21,171.0,72.0,5.0,86.0,39.4,2.4,12.0
female,24,167.0,63.0,16.0,94.0,40.3,4.75,76.0
male,29,170.0,71.0,13.0,91.0,40.3,3.4615384615384617,45.0
female,65,164.0,64.0,4.0,87.0,38.6,4.75,19.0
male,29,189.0,96.0,4.0,83.0,38.6,2.75,11.0
female,77,178.0,73.0,9.0,84.0,39.8,4.444444444444445,40.0
male,71,193.0,98.0,24.0,99.0,40.9,7.291666666666667,175.0
male,40,179.0,76.0,5.0,85.0,39.4,3.2,16.0
male,68,188.0,90.0,10.0,85.0,40.1,4.9,49.0
female,27,189.0,82.0,13.0,96.0,40.2,4.769230769230769,62.0
female,30,154.0,55.0,1.0,86.0,37.5,4.0,4.0
male,22,180.0,84.0,28.0,111.0,40.7,6.428571428571429,180.0
female,23,161.0,60.0,26.0,112.0,40.5,6.6923076923076925,174.0
female,75,168.0,65.0,21.0,104.0,40.3,6.666666666666667,140.0
male,48,152.0,59.0,2.0,79.0,38.0,2.5,5.0
female,76,148.0,52.0,18.0,91.0,40.1,5.5,99.0
male,70,171.0,79.0,13.0,94.0,39.9,6.076923076923077,79.0
male,66,199.0,100.0,17.0,98.0,40.5,6.9411764705882355,118.0
male,27,180.0,79.0,21.0,105.0,40.0,5.666666666666667,119.0
female,42,150.0,52.0,6.0,94.0,39.4,5.166666666666667,31.0
male,79,185.0,91.0,12.0,94.0,40.0,6.75,81.0
male,51,198.0,94.0,17.0,87.0,40.1,4.411764705882353,75.0
male,51,182.0,86.0,2.0,94.0,38.3,5.5,11.0
male,29,190.0,92.0,22.0,93.0,40.5,4.2272727272727275,93.0
male,41,190.0,95.0,13.0,96.0,40.4,5.3076923076923075,69.0
female,68,168.0,66.0,26.0,102.0,41.1,6.3076923076923075,164.0
female,39,161.0,63.0,16.0,94.0,40.1,5.0,80.0
male,37,199.0,101.0,7.0,91.0,39.1,4.571428571428571,32.0
female,20,173.0,70.0,5.0,75.0,38.8,2.6,13.0
male,62,183.0,94.0,5.0,84.0,39.2,4.6,23.0
female,37,159.0,62.0,25.0,101.0,40.6,5.72,143.0
male,37,189.0,97.0,11.0,88.0,39.7,4.0,44.0
male,70,173.0,78.0,20.0,95.0,40.4,6.2,124.0
female,33,150.0,48.0,15.0,89.0,40.4,4.533333333333333,68.0
male,61,194.0,91.0,26.0,102.0,41.3,7.115384615384615,185.0
male,53,173.0,77.0,11.0,90.0,39.7,4.636363636363637,51.0
male,38,194.0,101.0,14.0,90.0,39.8,4.428571428571429,62.0
male,27,185.0,85.0,18.0,106.0,39.8,5.944444444444445,107.0
female,32,151.0,54.0,20.0,100.0,40.6,5.65,113.0
male,34,172.0,81.0,21.0,103.0,40.7,5.761904761904762,121.0
female,66,145.0,51.0,22.0,105.0,40.7,6.818181818181818,150.0
female,28,166.0,64.0,19.0,93.0,40.7,4.684210526315789,89.0
female,40,189.0,89.0,25.0,109.0,40.4,6.28,157.0
female,71,165.0,67.0,27.0,111.0,41.2,7.333333333333333,198.0
female,40,162.0,66.0,22.0,101.0,40.9,5.7272727272727275,126.0
female,43,176.0,75.0,7.0,87.0,39.8,4.142857142857143,29.0
female,26,176.0,63.0,17.0,92.0,40.5,4.529411764705882,77.0
female,50,165.0,66.0,7.0,98.0,39.6,5.571428571428571,39.0
male,42,189.0,97.0,18.0,102.0,40.3,6.333333333333333,114.0
male,21,180.0,78.0,14.0,105.0,40.2,5.357142857142857,75.0
male,69,186.0,83.0,16.0,91.0,40.4,5.6875,91.0
female,65,162.0,62.0,14.0,86.0,39.8,4.642857142857143,65.0
male,28,178.0,85.0,24.0,110.0,40.7,6.583333333333333,158.0
female,31,162.0,60.0,12.0,92.0,39.6,4.666666666666667,56.0
female,77,160.0,66.0,15.0,94.0,40.5,5.6,84.0
female,72,145.0,49.0,25.0,109.0,40.6,7.36,184.0
female,79,178.0,82.0,16.0,90.0,40.2,5.0,80.0
female,28,168.0,66.0,28.0,109.0,40.7,6.357142857142857,178.0
male,76,193.0,101.0,14.0,99.0,40.2,7.571428571428571,106.0
female,34,169.0,67.0,8.0,76.0,39.5,2.875,23.0
male,37,182.0,83.0,29.0,104.0,40.8,6.103448275862069,177.0
female,44,186.0,81.0,22.0,101.0,40.8,5.590909090909091,123.0
female,68,170.0,73.0,6.0,93.0,39.3,5.333333333333333,32.0
female,78,183.0,79.0,20.0,104.0,40.4,6.55,131.0
male,73,175.0,76.0,4.0,86.0,38.9,5.0,20.0
male,57,177.0,83.0,12.0,91.0,39.7,5.083333333333333,61.0
female,21,181.0,73.0,20.0,100.0,40.4,5.2,104.0
male,48,180.0,86.0,11.0,91.0,40.0,4.7272727272727275,52.0
female,23,176.0,68.0,18.0,107.0,40.4,6.055555555555555,109.0
male,75,184.0,89.0,22.0,97.0,40.7,7.0,154.0
male,77,182.0,88.0,28.0,104.0,41.1,8.142857142857142,228.0
male,37,183.0,90.0,16.0,96.0,40.2,5.0625,81.0
male,50,170.0,77.0,17.0,101.0,40.4,6.117647058823529,104.0
female,46,161.0,63.0,23.0,99.0,40.5,5.6521739130434785,130.0
male,20,190.0,93.0,16.0,99.0,40.2,4.75,76.0
female,21,150.0,50.0,19.0,104.0,40.1,5.947368421052632,113.0
female,58,151.0,52.0,28.0,109.0,41.0,7.071428571428571,198.0
female,22,161.0,62.0,29.0,99.0,40.8,5.241379310344827,152.0
female,29,157.0,57.0,22.0,99.0,40.9,5.454545454545454,120.0
male,31,185.0,86.0,9.0,83.0,39.9,2.6666666666666665,24.0
male,51,193.0,100.0,4.0,85.0,38.8,4.25,17.0
male,27,194.0,90.0,7.0,89.0,39.5,3.4285714285714284,24.0
male,32,187.0,88.0,8.0,97.0,39.4,4.875,39.0
male,55,191.0,98.0,17.0,104.0,40.2,7.294117647058823,124.0
male,41,187.0,87.0,2.0,82.0,38.3,3.0,6.0
female,36,170.0,69.0,8.0,88.0,39.6,4.25,34.0
female,21,166.0,62.0,26.0,113.0,40.7,6.730769230769231,175.0
male,53,196.0,97.0,27.0,108.0,40.9,7.777777777777778,210.0
female,79,168.0,70.0,23.0,97.0,40.5,5.913043478260869,136.0
female,20,168.0,69.0,30.0,113.0,40.8,6.6,198.0
female,21,168.0,65.0,29.0,105.0,41.2,5.827586206896552,169.0
male,34,175.0,76.0,15.0,92.0,40.3,4.0,60.0
male,41,185.0,85.0,2.0,79.0,38.1,2.5,5.0
female,41,161.0,62.0,8.0,90.0,39.5,4.625,37.0
male,24,209.0,110.0,8.0,80.0,40.0,2.375,19.0
female,21,177.0,77.0,16.0,97.0,40.3,4.8125,77.0
female,27,164.0,63.0,22.0,102.0,40.9,5.636363636363637,124.0
male,25,179.0,80.0,4.0,89.0,39.1,3.25,13.0
male,21,176.0,72.0,12.0,86.0,40.0,2.3333333333333335,28.0
female,26,158.0,60.0,12.0,91.0,40.0,4.5,54.0
female,29,164.0,64.0,16.0,96.0,40.2,5.0,80.0
female,43,167.0,71.0,19.0,97.0,40.4,5.2631578947368425,100.0
female,33,162.0,57.0,17.0,97.0,40.5,5.294117647058823,90.0
female,22,165.0,63.0,4.0,88.0,39.0,4.0,16.0
female,49,155.0,58.0,10.0,96.0,39.9,5.5,55.0
male,50,174.0,76.0,25.0,107.0,40.9,7.0,175.0
male,72,195.0,99.0,15.0,99.0,40.4,7.4,111.0
female,26,169.0,62.0,11.0,79.0,39.8,3.1818181818181817,35.0
male,25,197.0,97.0,14.0,92.0,40.4,4.0,56.0
female,20,146.0,46.0,14.0,91.0,40.5,4.571428571428571,64.0
female,52,157.0,56.0,16.0,93.0,40.2,5.1875,83.0
female,29,171.0,69.0,4.0,81.0,39.3,3.25,13.0
female,27,184.0,73.0,13.0,91.0,40.3,4.3076923076923075,56.0
male,69,177.0,76.0,15.0,102.0,40.3,7.2,108.0
female,35,182.0,74.0,27.0,101.0,41.1,5.518518518518518,149.0
male,20,185.0,82.0,6.0,83.0,39.5,2.0,12.0
male,44,170.0,70.0,9.0,85.0,39.5,3.3333333333333335,30.0
female,23,185.0,80.0,8.0,91.0,39.4,4.125,33.0
male,22,181.0,79.0,25.0,116.0,40.6,7.08,177.0
female,24,158.0,56.0,6.0,79.0,39.6,3.1666666666666665,19.0
male,25,187.0,91.0,13.0,89.0,40.0,3.3846153846153846,44.0
female,22,167.0,64.0,16.0,89.0,40.2,4.125,66.0
male,22,179.0,73.0,10.0,84.0,39.9,2.1,21.0
male,37,186.0,90.0,28.0,118.0,40.5,8.357142857142858,234.0
female,34,169.0,69.0,8.0,91.0,39.6,4.5,36.0
male,46,194.0,91.0,14.0,91.0,40.0,4.714285714285714,66.0
female,36,170.0,65.0,12.0,93.0,40.1,4.833333333333333,58.0
female,39,168.0,64.0,6.0,80.0,39.5,3.5,21.0
male,31,188.0,86.0,10.0,94.0,39.4,4.4,44.0
female,22,164.0,64.0,18.0,91.0,40.5,4.333333333333333,78.0
female,42,155.0,53.0,14.0,91.0,40.1,4.857142857142857,68.0
female,22,154.0,49.0,16.0,95.0,40.3,5.0,80.0
male,57,182.0,86.0,10.0,95.0,39.8,5.8,58.0
female,25,160.0,60.0,5.0,89.0,39.4,4.2,21.0
female,75,153.0,62.0,11.0,87.0,40.0,4.909090909090909,54.0
female,53,172.0,70.0,25.0,102.0,40.6,6.0,150.0
male,54,199.0,98.0,3.0,89.0,38.8,5.0,15.0
male,21,188.0,82.0,2.0,85.0,38.1,2.5,5.0
male,32,198.0,100.0,29.0,105.0,40.8,6.379310344827586,185.0
female,51,168.0,63.0,20.0,103.0,40.7,6.15,123.0
female,36,175.0,67.0,23.0,103.0,40.7,5.869565217391305,135.0
male,25,189.0,88.0,4.0,90.0,39.1,3.5,14.0
male,30,174.0,71.0,29.0,114.0,40.9,7.0,203.0
female,53,160.0,63.0,9.0,97.0,39.9,5.555555555555555,50.0
male,53,183.0,81.0,20.0,107.0,40.7,7.25,145.0
male,45,184.0,91.0,16.0,91.0,40.2,4.6875,75.0
female,51,171.0,71.0,17.0,95.0,40.2,5.176470588235294,88.0
male,36,182.0,79.0,17.0,96.0,40.5,4.764705882352941,81.0
male,35,186.0,86.0,10.0,93.0,39.8,4.4,44.0
male,51,177.0,85.0,10.0,87.0,39.8,4.2,42.0
male,71,185.0,96.0,5.0,85.0,39.1,5.2,26.0
female,31,180.0,75.0,27.0,104.0,40.9,5.7407407407407405,155.0
female,77,177.0,80.0,16.0,98.0,40.6,5.875,94.0
female,20,155.0,56.0,4.0,82.0,39.0,3.5,14.0
male,79,176.0,81.0,6.0,101.0,39.1,7.666666666666667,46.0
female,21,157.0,56.0,17.0,100.0,40.0,5.411764705882353,92.0
male,24,179.0,82.0,28.0,104.0,40.4,5.428571428571429,152.0
male,38,186.0,88.0,27.0,102.0,40.9,5.925925925925926,160.0
female,20,169.0,64.0,20.0,99.0,40.8,5.2,104.0
female,22,172.0,65.0,8.0,83.0,39.6,3.5,28.0
female,67,164.0,67.0,22.0,105.0,40.4,6.590909090909091,145.0
male,32,186.0,85.0,8.0,88.0,39.5,3.5,28.0
female,20,164.0,63.0,22.0,113.0,40.5,6.681818181818182,147.0
female,37,170.0,69.0,25.0,118.0,40.7,7.44,186.0
female,55,141.0,52.0,16.0,103.0,40.1,6.375,102.0
female,29,161.0,61.0,9.0,87.0,39.4,4.111111111111111,37.0
male,42,188.0,92.0,22.0,99.0,40.6,5.7727272727272725,127.0
female,28,146.0,48.0,14.0,107.0,40.4,6.428571428571429,90.0
male,66,164.0,75.0,27.0,114.0,40.7,8.814814814814815,238.0
female,24,164.0,63.0,16.0,94.0,40.2,4.75,76.0
male,51,186.0,88.0,3.0,81.0,38.6,3.3333333333333335,10.0
female,56,183.0,80.0,21.0,97.0,40.4,5.380952380952381,113.0
male,34,178.0,80.0,21.0,106.0,40.4,6.190476190476191,130.0
female,28,152.0,53.0,13.0,98.0,40.1,5.384615384615385,70.0
female,34,169.0,68.0,7.0,88.0,39.3,4.142857142857143,29.0
female,79,178.0,73.0,19.0,99.0,40.6,6.105263157894737,116.0
female,27,170.0,67.0,5.0,77.0,39.1,3.0,15.0
female,32,197.0,90.0,22.0,105.0,40.7,5.681818181818182,125.0
female,34,164.0,60.0,6.0,81.0,39.0,3.5,21.0
female,33,163.0,55.0,12.0,93.0,40.0,4.916666666666667,59.0
male,23,172.0,74.0,22.0,102.0,40.1,4.909090909090909,108.0
male,46,173.0,72.0,19.0,103.0,40.4,6.157894736842105,117.0
female,77,162.0,66.0,12.0,92.0,40.2,5.416666666666667,65.0
female,74,161.0,59.0,7.0,89.0,39.3,5.142857142857143,36.0
female,61,157.0,62.0,5.0,83.0,38.8,4.2,21.0
male,49,198.0,105.0,12.0,94.0,40.2,5.666666666666667,68.0
female,56,167.0,70.0,19.0,103.0,40.7,6.157894736842105,117.0
male,44,171.0,80.0,26.0,112.0,40.8,7.576923076923077,197.0
female,36,152.0,55.0,26.0,121.0,40.9,7.923076923076923,206.0
female,30,148.0,53.0,18.0,89.0,40.5,4.444444444444445,80.0
male,33,168.0,73.0,21.0,99.0,40.6,4.904761904761905,103.0
male,31,173.0,77.0,13.0,95.0,40.2,4.3076923076923075,56.0
male,77,181.0,85.0,7.0,85.0,39.5,5.142857142857143,36.0
female,40,148.0,53.0,9.0,87.0,39.6,4.444444444444445,40.0
male,79,177.0,83.0,13.0,88.0,40.5,5.6923076923076925,74.0
male,73,186.0,96.0,20.0,103.0,40.4,7.95,159.0
female,38,177.0,77.0,14.0,83.0,40.1,3.642857142857143,51.0
male,22,177.0,80.0,7.0,86.0,39.5,2.5714285714285716,18.0
male,53,183.0,85.0,24.0,105.0,40.8,7.041666666666667,169.0
male,30,177.0,79.0,15.0,96.0,39.9,4.466666666666667,67.0
female,47,164.0,64.0,18.0,110.0,40.2,6.833333333333333,123.0
female,50,161.0,57.0,23.0,111.0,40.5,7.086956521739131,163.0
male,41,179.0,80.0,26.0,106.0,40.6,6.538461538461538,170.0
male,56,201.0,100.0,17.0,101.0,40.4,6.9411764705882355,118.0
male,47,191.0,98.0,29.0,116.0,40.8,8.689655172413794,252.0
male,23,195.0,93.0,2.0,81.0,38.5,2.0,4.0
female,59,142.0,45.0,14.0,99.0,40.3,6.142857142857143,86.0
male,60,182.0,88.0,30.0,103.0,40.9,7.166666666666667,215.0
male,54,199.0,98.0,7.0,88.0,39.6,4.857142857142857,34.0
male,34,190.0,95.0,17.0,91.0,40.2,4.235294117647059,72.0
female,26,169.0,64.0,4.0,84.0,38.8,3.75,15.0
female,39,166.0,56.0,16.0,100.0,40.3,5.75,92.0
female,24,155.0,50.0,16.0,98.0,40.2,5.3125,85.0
female,20,164.0,65.0,25.0,105.0,40.5,5.8,145.0
female,54,178.0,71.0,9.0,88.0,40.0,4.555555555555555,41.0
male,78,174.0,80.0,28.0,109.0,40.7,8.75,245.0
male,26,180.0,84.0,15.0,92.0,40.3,3.8,57.0
female,26,168.0,65.0,13.0,88.0,40.3,4.076923076923077,53.0
female,24,178.0,78.0,2.0,93.0,38.2,4.5,9.0
male,50,193.0,99.0,3.0,81.0,38.3,3.6666666666666665,11.0
male,36,175.0,70.0,24.0,104.0,40.3,5.75,138.0
female,43,156.0,58.0,6.0,87.0,39.1,4.333333333333333,26.0
male,26,173.0,76.0,21.0,102.0,40.2,5.095238095238095,107.0
male,31,178.0,78.0,19.0,106.0,40.4,6.0,114.0
female,50,170.0,72.0,18.0,102.0,40.4,5.944444444444445,107.0
male,20,183.0,85.0,13.0,89.0,40.3,3.076923076923077,40.0
male,29,191.0,87.0,13.0,94.0,40.1,4.3076923076923075,56.0
female,42,165.0,65.0,3.0,79.0,38.6,3.3333333333333335,10.0
male,36,192.0,98.0,24.0,105.0,40.8,6.5,156.0
female,25,174.0,73.0,13.0,90.0,40.3,4.153846153846154,54.0
male,27,158.0,65.0,9.0,87.0,39.4,2.6666666666666665,24.0
male,32,208.0,103.0,25.0,108.0,40.9,6.88,172.0
male,37,185.0,83.0,26.0,106.0,41.0,6.384615384615385,166.0
male,46,182.0,84.0,17.0,99.0,40.4,5.764705882352941,98.0
male,47,195.0,94.0,20.0,94.0,40.5,5.3,106.0
male,46,203.0,107.0,6.0,82.0,39.4,3.6666666666666665,22.0
female,66,174.0,74.0,23.0,99.0,40.8,5.869565217391305,135.0
male,79,205.0,105.0,6.0,86.0,39.5,5.833333333333333,35.0
male,24,184.0,83.0,11.0,93.0,40.0,3.8181818181818183,42.0
female,65,169.0,72.0,7.0,94.0,39.6,5.285714285714286,37.0
male,43,194.0,96.0,13.0,95.0,40.0,5.3076923076923075,69.0
female,58,165.0,62.0,16.0,100.0,40.3,6.0,96.0
female,78,175.0,73.0,21.0,107.0,40.6,6.9523809523809526,146.0
female,61,175.0,71.0,18.0,99.0,40.3,5.833333333333333,105.0
male,44,189.0,88.0,13.0,94.0,40.0,5.0,65.0
male,21,181.0,79.0,18.0,91.0,40.3,3.2777777777777777,59.0
female,35,160.0,57.0,22.0,103.0,40.5,5.954545454545454,131.0
female,34,137.0,44.0,9.0,90.0,39.6,4.777777777777778,43.0
female,34,162.0,61.0,20.0,99.0,40.7,5.45,109.0
female,20,158.0,60.0,17.0,91.0,40.2,4.352941176470588,74.0
female,28,159.0,55.0,24.0,106.0,41.0,6.208333333333333,149.0
male,20,180.0,82.0,11.0,92.0,40.1,3.4545454545454546,38.0
male,43,211.0,113.0,7.0,81.0,39.4,3.5714285714285716,25.0
female,28,163.0,66.0,21.0,99.0,40.8,5.285714285714286,111.0
male,40,179.0,84.0,17.0,99.0,40.2,5.529411764705882,94.0
male,29,179.0,80.0,28.0,108.0,41.0,6.25,175.0
male,55,171.0,70.0,17.0,93.0,40.3,5.0,85.0
female,27,159.0,59.0,14.0,88.0,39.9,4.214285714285714,59.0
male,27,187.0,82.0,25.0,101.0,40.8,5.12,128.0
female,30,168.0,70.0,28.0,103.0,41.1,5.714285714285714,160.0
male,36,181.0,84.0,19.0,101.0,40.2,5.631578947368421,107.0
female,30,163.0,64.0,14.0,89.0,40.4,4.285714285714286,60.0
female,40,166.0,63.0,10.0,86.0,39.7,4.2,42.0
female,59,161.0,58.0,24.0,104.0,40.9,6.5,156.0
female,60,156.0,56.0,18.0,94.0,40.8,5.444444444444445,98.0
female,24,162.0,62.0,15.0,89.0,40.1,4.2,63.0
female,66,167.0,71.0,27.0,106.0,40.8,6.62962962962963,179.0
male,69,193.0,99.0,7.0,90.0,39.4,5.857142857142857,41.0
female,30,159.0,53.0,16.0,101.0,40.5,5.75,92.0
female,52,164.0,63.0,3.0,78.0,38.6,3.6666666666666665,11.0
female,32,159.0,63.0,23.0,103.0,40.3,5.826086956521739,134.0
male,39,190.0,90.0,7.0,89.0,39.5,4.142857142857143,29.0
male,56,192.0,99.0,19.0,94.0,40.2,5.842105263157895,111.0
female,21,182.0,72.0,6.0,87.0,39.0,3.8333333333333335,23.0
male,56,205.0,108.0,28.0,106.0,40.6,7.857142857142857,220.0
male,55,184.0,86.0,2.0,83.0,37.6,4.0,8.0
male,23,178.0,81.0,23.0,105.0,40.5,5.521739130434782,127.0
female,21,178.0,71.0,7.0,89.0,39.8,4.0,28.0
female,65,173.0,68.0,9.0,81.0,39.4,4.0,36.0
male,51,178.0,81.0,8.0,85.0,39.4,3.875,31.0
female,59,155.0,55.0,20.0,96.0,40.4,5.65,113.0
male,52,177.0,77.0,23.0,99.0,40.4,5.913043478260869,136.0
female,22,157.0,59.0,3.0,88.0,38.6,4.0,12.0
female,38,157.0,57.0,5.0,83.0,39.3,3.8,19.0
female,55,144.0,50.0,7.0,82.0,39.4,4.142857142857143,29.0
female,57,167.0,63.0,21.0,100.0,40.5,5.9523809523809526,125.0
male,44,184.0,88.0,22.0,98.0,40.8,5.636363636363637,124.0
female,46,171.0,60.0,14.0,93.0,40.2,5.071428571428571,71.0
male,67,183.0,87.0,26.0,106.0,40.4,7.923076923076923,206.0
male,29,198.0,100.0,11.0,78.0,40.0,2.1818181818181817,24.0
male,32,176.0,82.0,9.0,86.0,39.5,3.111111111111111,28.0
male,21,165.0,70.0,12.0,103.0,40.1,4.916666666666667,59.0
male,60,187.0,83.0,7.0,91.0,39.4,5.285714285714286,37.0
female,53,162.0,58.0,30.0,111.0,40.8,7.133333333333334,214.0
male,46,173.0,81.0,13.0,88.0,40.2,4.076923076923077,53.0
male,20,188.0,89.0,7.0,95.0,39.3,4.0,28.0
male,22,189.0,92.0,27.0,113.0,40.7,6.925925925925926,187.0
female,55,170.0,72.0,21.0,99.0,40.7,5.666666666666667,119.0
female,41,182.0,77.0,23.0,115.0,40.6,7.086956521739131,163.0
male,20,189.0,90.0,16.0,96.0,40.1,4.1875,67.0
female,78,166.0,68.0,20.0,98.0,40.1,6.05,121.0
male,42,188.0,93.0,10.0,88.0,39.7,4.1,41.0
male,48,175.0,75.0,17.0,95.0,40.3,5.117647058823529,87.0
male,35,191.0,94.0,17.0,96.0,40.3,5.0,85.0
male,62,183.0,86.0,19.0,97.0,40.9,6.315789473684211,120.0
female,20,165.0,61.0,28.0,102.0,41.0,5.535714285714286,155.0
female,24,157.0,51.0,9.0,89.0,39.8,4.333333333333333,39.0
male,56,196.0,94.0,5.0,86.0,39.0,4.6,23.0
female,36,168.0,69.0,26.0,104.0,41.1,5.923076923076923,154.0
female,62,162.0,67.0,12.0,99.0,40.2,5.916666666666667,71.0
male,46,189.0,89.0,20.0,95.0,40.5,5.3,106.0
male,48,203.0,106.0,17.0,98.0,40.5,6.235294117647059,106.0
male,45,190.0,94.0,19.0,100.0,40.4,6.105263157894737,116.0
male,62,181.0,81.0,27.0,108.0,40.6,7.851851851851852,212.0
female,30,171.0,71.0,8.0,75.0,39.6,2.75,22.0
male,55,172.0,73.0,17.0,89.0,40.3,4.470588235294118,76.0
female,38,177.0,78.0,4.0,79.0,38.9,3.25,13.0
male,73,189.0,91.0,29.0,106.0,40.9,8.310344827586206,241.0
male,68,190.0,95.0,15.0,94.0,40.2,6.333333333333333,95.0
female,66,156.0,54.0,9.0,77.0,39.5,3.7777777777777777,34.0
male,47,200.0,103.0,3.0,72.0,39.1,2.3333333333333335,7.0
male,50,184.0,83.0,27.0,100.0,40.9,6.111111111111111,165.0
female,56,172.0,65.0,27.0,108.0,41.0,6.777777777777778,183.0
male,64,188.0,92.0,14.0,87.0,40.4,5.0,70.0
female,21,156.0,56.0,1.0,86.0,37.4,4.0,4.0
male,58,188.0,90.0,6.0,81.0,39.0,3.8333333333333335,23.0
male,71,179.0,90.0,15.0,94.0,40.0,6.4,96.0
female,26,180.0,73.0,14.0,99.0,40.0,5.142857142857143,72.0
male,43,192.0,100.0,16.0,100.0,40.5,6.125,98.0
female,20,170.0,68.0,8.0,85.0,39.4,3.625,29.0
male,72,183.0,94.0,9.0,88.0,39.6,5.555555555555555,50.0
female,67,167.0,70.0,21.0,104.0,40.7,6.476190476190476,136.0
male,32,187.0,85.0,19.0,99.0,40.7,5.157894736842105,98.0
female,27,149.0,50.0,19.0,98.0,40.4,5.368421052631579,102.0
male,35,172.0,79.0,25.0,103.0,41.3,5.76,144.0
female,43,188.0,83.0,25.0,113.0,40.7,6.84,171.0
male,59,170.0,74.0,22.0,103.0,40.6,6.818181818181818,150.0
male,51,181.0,87.0,10.0,85.0,39.7,4.0,40.0
female,26,169.0,68.0,9.0,85.0,39.5,3.7777777777777777,34.0
male,79,199.0,101.0,11.0,97.0,40.1,7.454545454545454,82.0
male,56,184.0,88.0,7.0,89.0,39.4,4.857142857142857,34.0
female,25,170.0,70.0,2.0,84.0,38.5,3.5,7.0
male,43,192.0,94.0,25.0,109.0,40.5,7.36,184.0
male,25,177.0,75.0,10.0,96.0,39.7,4.1,41.0
male,78,187.0,88.0,22.0,98.0,40.8,7.2727272727272725,160.0
male,30,176.0,78.0,8.0,87.0,39.6,3.125,25.0
male,27,183.0,84.0,27.0,118.0,40.8,7.7407407407407405,209.0
male,24,166.0,63.0,13.0,99.0,39.9,4.3076923076923075,56.0
male,74,180.0,84.0,22.0,107.0,40.6,8.363636363636363,184.0
male,35,185.0,87.0,11.0,85.0,40.0,3.1818181818181817,35.0
female,59,150.0,59.0,8.0,89.0,39.6,4.875,39.0
female,64,163.0,65.0,25.0,99.0,40.9,5.96,149.0
female,49,177.0,70.0,26.0,110.0,40.7,6.769230769230769,176.0
female,54,164.0,61.0,17.0,96.0,40.4,5.529411764705882,94.0
male,24,183.0,83.0,26.0,109.0,40.6,6.230769230769231,162.0
male,45,183.0,86.0,16.0,98.0,40.2,5.625,90.0
male,31,184.0,83.0,2.0,83.0,37.9,2.5,5.0
male,32,181.0,84.0,17.0,101.0,40.0,5.411764705882353,92.0
female,77,176.0,76.0,9.0,85.0,39.3,4.555555555555555,41.0
male,37,168.0,68.0,25.0,97.0,41.1,4.72,118.0
female,30,185.0,84.0,9.0,85.0,39.6,3.5555555555555554,32.0
male,22,155.0,60.0,6.0,92.0,39.3,3.0,18.0
female,55,160.0,62.0,4.0,87.0,39.1,4.5,18.0
female,50,165.0,68.0,27.0,105.0,41.0,6.296296296296297,170.0
female,46,167.0,62.0,28.0,102.0,40.5,6.0,168.0
male,44,175.0,80.0,5.0,91.0,39.2,4.4,22.0
female,39,177.0,72.0,21.0,92.0,40.2,4.666666666666667,98.0
male,54,194.0,95.0,24.0,96.0,40.7,5.958333333333333,143.0
female,23,162.0,59.0,2.0,83.0,38.4,3.5,7.0
female,33,159.0,60.0,20.0,94.0,40.5,4.95,99.0
female,44,158.0,57.0,28.0,111.0,41.0,7.0,196.0
male,51,185.0,86.0,3.0,82.0,38.8,3.6666666666666665,11.0
female,24,159.0,58.0,3.0,88.0,38.5,4.0,12.0
male,30,183.0,86.0,9.0,87.0,39.7,3.2222222222222223,29.0
male,63,173.0,79.0,18.0,92.0,40.5,5.444444444444445,98.0
female,79,165.0,59.0,14.0,100.0,39.8,6.428571428571429,90.0
male,42,195.0,95.0,17.0,105.0,40.2,6.764705882352941,115.0
male,40,184.0,87.0,5.0,88.0,39.5,4.0,20.0
female,22,153.0,56.0,29.0,117.0,40.9,7.241379310344827,210.0
male,39,191.0,93.0,21.0,97.0,40.5,5.333333333333333,112.0
male,23,187.0,87.0,16.0,92.0,40.4,3.6875,59.0
female,42,179.0,80.0,9.0,87.0,39.9,4.111111111111111,37.0
female,71,155.0,57.0,21.0,103.0,40.5,6.619047619047619,139.0
male,73,176.0,81.0,22.0,102.0,40.8,7.5,165.0
female,20,164.0,61.0,18.0,94.0,40.6,4.666666666666667,84.0
male,32,182.0,86.0,29.0,110.0,40.8,6.827586206896552,198.0
female,39,164.0,58.0,25.0,106.0,40.6,6.36,159.0
female,73,190.0,91.0,18.0,103.0,40.1,6.166666666666667,111.0
male,22,196.0,89.0,13.0,96.0,40.0,4.3076923076923075,56.0
male,77,186.0,93.0,7.0,81.0,39.2,4.714285714285714,33.0
female,39,174.0,72.0,20.0,93.0,40.6,4.75,95.0
female,22,148.0,51.0,19.0,102.0,40.5,5.7368421052631575,109.0
female,40,162.0,60.0,14.0,91.0,39.9,4.714285714285714,66.0
male,26,191.0,93.0,12.0,93.0,40.0,4.083333333333333,49.0
female,46,161.0,54.0,10.0,88.0,40.2,4.6,46.0
male,29,190.0,90.0,2.0,88.0,38.6,3.5,7.0
male,41,179.0,81.0,30.0,105.0,40.8,6.4,192.0
male,31,203.0,110.0,7.0,84.0,39.4,3.4285714285714284,24.0
female,38,178.0,77.0,7.0,87.0,39.6,4.0,28.0
male,35,201.0,108.0,10.0,95.0,39.5,5.2,52.0
male,31,178.0,80.0,27.0,107.0,40.7,6.185185185185185,167.0
female,43,150.0,54.0,23.0,106.0,40.7,6.478260869565218,149.0
female,32,176.0,70.0,24.0,101.0,40.6,5.541666666666667,133.0
female,22,169.0,62.0,19.0,99.0,40.3,5.2631578947368425,100.0
male,43,187.0,92.0,23.0,102.0,40.7,6.260869565217392,144.0
male,24,169.0,73.0,26.0,118.0,40.6,7.346153846153846,191.0
male,70,189.0,87.0,12.0,88.0,40.3,5.333333333333333,64.0
female,25,157.0,54.0,5.0,85.0,39.1,4.0,20.0
female,29,147.0,50.0,15.0,97.0,40.0,5.333333333333333,80.0
female,52,169.0,67.0,18.0,96.0,40.1,5.388888888888889,97.0
female,56,164.0,68.0,10.0,96.0,39.8,5.4,54.0
male,51,190.0,87.0,25.0,103.0,40.4,6.72,168.0
male,21,188.0,93.0,14.0,91.0,40.3,3.5714285714285716,50.0
male,47,190.0,88.0,26.0,109.0,40.6,7.423076923076923,193.0
female,69,164.0,65.0,23.0,113.0,40.4,7.521739130434782,173.0
female,58,162.0,62.0,25.0,103.0,40.9,6.32,158.0
female,47,173.0,67.0,2.0,86.0,38.1,4.0,8.0
female,28,163.0,64.0,14.0,98.0,40.4,5.214285714285714,73.0
female,39,171.0,63.0,3.0,84.0,38.9,4.0,12.0
male,29,184.0,89.0,14.0,95.0,40.1,4.5,63.0
male,31,189.0,88.0,27.0,110.0,40.6,6.814814814814815,184.0
male,66,178.0,82.0,6.0,87.0,39.5,4.833333333333333,29.0
male,23,185.0,89.0,27.0,109.0,40.7,6.296296296296297,170.0
female,23,140.0,50.0,21.0,93.0,41.0,4.761904761904762,100.0
female,79,178.0,80.0,25.0,104.0,40.5,6.52,163.0
female,49,166.0,63.0,8.0,95.0,39.4,5.25,42.0
female,25,179.0,75.0,2.0,77.0,38.3,3.0,6.0
female,32,160.0,59.0,6.0,79.0,39.6,3.3333333333333335,20.0
female,32,174.0,69.0,2.0,77.0,38.2,3.0,6.0
male,35,194.0,99.0,5.0,86.0,39.1,3.6,18.0
female,30,171.0,67.0,4.0,82.0,38.8,3.5,14.0
female,62,171.0,75.0,12.0,92.0,39.8,5.0,60.0
female,52,152.0,58.0,13.0,98.0,40.4,5.6923076923076925,74.0
female,53,179.0,76.0,30.0,114.0,40.7,7.2,216.0
female,38,156.0,56.0,19.0,93.0,40.3,4.947368421052632,94.0
female,66,165.0,63.0,26.0,98.0,40.7,5.884615384615385,153.0
female,63,181.0,77.0,30.0,106.0,40.5,6.5,195.0
female,21,184.0,69.0,14.0,98.0,40.3,5.0,70.0
male,26,183.0,86.0,2.0,82.0,38.0,2.5,5.0
male,57,198.0,100.0,24.0,108.0,40.8,8.041666666666666,193.0
female,79,151.0,51.0,4.0,83.0,39.1,4.75,19.0
male,29,173.0,71.0,4.0,81.0,39.1,2.0,8.0
female,25,185.0,79.0,27.0,90.0,40.7,4.111111111111111,111.0
female,50,148.0,55.0,24.0,109.0,40.8,6.916666666666667,166.0
male,76,186.0,92.0,25.0,100.0,40.8,7.56,189.0
male,31,187.0,88.0,12.0,101.0,40.1,5.416666666666667,65.0
male,29,183.0,78.0,22.0,93.0,40.6,3.9545454545454546,87.0
male,37,191.0,93.0,18.0,88.0,39.9,3.888888888888889,70.0
female,79,163.0,62.0,8.0,83.0,39.2,4.5,36.0
male,50,182.0,85.0,14.0,90.0,40.2,4.642857142857143,65.0
female,50,173.0,72.0,8.0,89.0,39.7,4.5,36.0
male,43,182.0,90.0,21.0,102.0,40.4,6.238095238095238,131.0
female,23,160.0,55.0,28.0,113.0,41.0,6.857142857142857,192.0
male,22,172.0,73.0,25.0,100.0,40.5,4.56,114.0
female,41,176.0,75.0,18.0,101.0,40.5,5.611111111111111,101.0
female,77,153.0,58.0,8.0,90.0,39.5,5.25,42.0
male,63,188.0,95.0,24.0,105.0,40.6,7.75,186.0
female,32,170.0,70.0,10.0,98.0,39.7,5.2,52.0
female,39,158.0,63.0,11.0,87.0,39.6,4.2727272727272725,47.0
female,25,170.0,68.0,23.0,90.0,40.5,4.260869565217392,98.0
female,77,160.0,61.0,9.0,82.0,39.3,4.444444444444445,40.0
female,21,172.0,68.0,21.0,97.0,40.6,4.9523809523809526,104.0
female,36,161.0,58.0,17.0,90.0,40.2,4.588235294117647,78.0
female,69,167.0,68.0,5.0,85.0,39.2,4.4,22.0
male,20,190.0,85.0,22.0,103.0,40.6,5.181818181818182,114.0
female,66,173.0,71.0,9.0,92.0,39.9,5.111111111111111,46.0
female,28,154.0,60.0,25.0,102.0,40.7,5.68,142.0
female,20,155.0,51.0,11.0,86.0,39.9,4.0,44.0
male,50,180.0,83.0,29.0,116.0,41.2,8.517241379310345,247.0
female,36,159.0,62.0,23.0,105.0,40.5,6.130434782608695,141.0
male,29,194.0,95.0,16.0,99.0,40.1,5.1875,83.0
male,61,170.0,78.0,8.0,93.0,39.3,5.5,44.0
female,27,176.0,69.0,6.0,82.0,39.2,3.5,21.0
male,29,196.0,103.0,7.0,83.0,39.7,3.0,21.0
female,34,163.0,61.0,1.0,74.0,38.2,3.0,3.0
female,44,160.0,57.0,22.0,107.0,40.6,6.545454545454546,144.0
male,31,171.0,72.0,20.0,99.0,40.4,4.8,96.0
male,25,187.0,90.0,19.0,92.0,40.4,3.8421052631578947,73.0
female,30,147.0,53.0,28.0,117.0,40.6,7.428571428571429,208.0
female,50,155.0,59.0,18.0,113.0,40.3,7.277777777777778,131.0
male,41,190.0,88.0,24.0,103.0,40.6,6.25,150.0
female,21,148.0,52.0,15.0,92.0,40.0,4.6,69.0
female,33,157.0,60.0,3.0,80.0,38.7,3.3333333333333335,10.0
female,29,156.0,54.0,28.0,102.0,40.8,5.785714285714286,162.0
female,57,155.0,55.0,19.0,99.0,40.3,5.947368421052632,113.0
male,49,186.0,85.0,17.0,94.0,40.5,5.176470588235294,88.0
female,25,156.0,60.0,28.0,110.0,40.8,6.5,182.0
female,41,186.0,81.0,10.0,95.0,39.3,4.9,49.0
female,34,158.0,61.0,12.0,85.0,39.9,4.0,48.0
female,24,157.0,56.0,25.0,107.0,40.8,6.2,155.0
male,63,208.0,112.0,16.0,92.0,39.9,6.1875,99.0
female,63,172.0,70.0,3.0,85.0,38.6,4.333333333333333,13.0
male,42,178.0,81.0,27.0,106.0,40.8,6.592592592592593,178.0
male,20,182.0,82.0,20.0,92.0,40.2,3.45,69.0
male,54,197.0,99.0,18.0,112.0,40.6,8.444444444444445,152.0
female,72,158.0,59.0,2.0,71.0,38.6,3.0,6.0
female,65,157.0,59.0,4.0,82.0,38.7,4.25,17.0
male,51,169.0,69.0,20.0,100.0,40.1,5.85,117.0
female,76,153.0,55.0,14.0,93.0,40.0,5.642857142857143,79.0
female,28,166.0,62.0,22.0,99.0,40.5,5.363636363636363,118.0
male,20,172.0,73.0,6.0,84.0,39.4,2.0,12.0
female,20,161.0,60.0,29.0,107.0,40.3,6.103448275862069,177.0
female,37,158.0,57.0,27.0,106.0,40.8,6.333333333333333,171.0
male,60,162.0,72.0,6.0,89.0,39.1,4.666666666666667,28.0
female,21,156.0,55.0,19.0,108.0,40.5,6.2631578947368425,119.0
female,66,156.0,61.0,5.0,81.0,38.9,4.2,21.0
male,49,173.0,76.0,25.0,109.0,40.8,7.28,182.0
male,50,176.0,80.0,13.0,89.0,40.1,4.384615384615385,57.0
male,71,187.0,97.0,13.0,90.0,40.3,5.923076923076923,77.0
male,26,182.0,84.0,5.0,81.0,39.1,2.2,11.0
male,45,179.0,82.0,26.0,107.0,40.6,6.923076923076923,180.0
female,51,159.0,58.0,26.0,112.0,40.8,7.1923076923076925,187.0
male,77,182.0,91.0,27.0,107.0,40.8,8.62962962962963,233.0
female,56,160.0,57.0,25.0,104.0,40.2,6.44,161.0
male,28,183.0,90.0,12.0,88.0,39.9,3.4166666666666665,41.0
male,30,193.0,95.0,26.0,115.0,40.9,7.653846153846154,199.0
female,43,165.0,64.0,27.0,111.0,40.6,6.851851851851852,185.0
female,53,139.0,48.0,29.0,101.0,40.6,6.206896551724138,180.0
female,78,175.0,74.0,19.0,101.0,40.4,6.2631578947368425,119.0
female,60,157.0,61.0,12.0,93.0,40.1,5.25,63.0
male,29,186.0,90.0,8.0,91.0,39.6,3.875,31.0
male,49,190.0,97.0,4.0,88.0,39.1,4.5,18.0
female,21,162.0,63.0,8.0,91.0,39.8,4.375,35.0
male,27,185.0,87.0,7.0,89.0,39.6,3.4285714285714284,24.0
male,72,179.0,81.0,21.0,97.0,40.6,6.666666666666667,140.0
female,67,168.0,64.0,6.0,95.0,39.2,5.666666666666667,34.0
female,51,154.0,56.0,15.0,96.0,40.6,5.533333333333333,83.0
male,75,176.0,77.0,20.0,95.0,40.4,6.45,129.0
male,25,189.0,90.0,21.0,102.0,40.5,5.380952380952381,113.0
male,21,188.0,87.0,24.0,98.0,40.9,4.5,108.0
male,26,184.0,85.0,17.0,96.0,40.4,4.411764705882353,75.0
male,24,195.0,98.0,20.0,96.0,40.6,4.6,92.0
male,20,194.0,92.0,10.0,92.0,39.7,3.7,37.0
female,77,160.0,63.0,9.0,98.0,39.6,6.111111111111111,55.0
male,62,181.0,83.0,13.0,94.0,40.1,5.769230769230769,75.0
male,47,182.0,83.0,24.0,100.0,40.8,5.958333333333333,143.0
male,33,189.0,88.0,10.0,90.0,39.7,3.9,39.0
female,27,160.0,61.0,16.0,99.0,40.3,5.375,86.0
female,32,155.0,56.0,27.0,107.0,40.4,6.37037037037037,172.0
male,20,169.0,70.0,22.0,97.0,40.5,3.9545454545454546,87.0
male,49,171.0,71.0,11.0,98.0,40.2,5.545454545454546,61.0
male,20,180.0,77.0,16.0,95.0,40.2,3.8125,61.0
female,63,155.0,58.0,14.0,88.0,40.2,4.857142857142857,68.0
male,53,183.0,84.0,22.0,103.0,40.5,6.7272727272727275,148.0
female,25,172.0,70.0,2.0,84.0,38.5,3.5,7.0
female,25,157.0,58.0,29.0,104.0,40.8,5.896551724137931,171.0
male,31,178.0,80.0,11.0,95.0,39.6,4.363636363636363,48.0
male,31,187.0,82.0,27.0,105.0,40.5,5.925925925925926,160.0
male,70,150.0,59.0,1.0,80.0,37.9,4.0,4.0
female,27,163.0,65.0,12.0,84.0,39.9,3.6666666666666665,44.0
female,54,166.0,68.0,12.0,94.0,40.1,5.166666666666667,62.0
female,57,139.0,44.0,28.0,108.0,40.9,7.071428571428571,198.0
female,62,185.0,77.0,13.0,84.0,40.4,4.153846153846154,54.0
female,22,145.0,50.0,3.0,89.0,38.7,4.333333333333333,13.0
female,52,181.0,76.0,19.0,98.0,40.2,5.473684210526316,104.0
female,35,181.0,76.0,28.0,107.0,40.9,6.142857142857143,172.0
female,58,170.0,72.0,11.0,97.0,40.1,5.545454545454546,61.0
male,61,184.0,83.0,12.0,86.0,39.9,4.5,54.0
male,23,170.0,68.0,16.0,88.0,40.6,2.6875,43.0
female,50,163.0,64.0,12.0,94.0,40.3,5.166666666666667,62.0
female,51,162.0,59.0,11.0,89.0,40.0,4.7272727272727275,52.0
male,62,203.0,108.0,3.0,86.0,38.2,5.0,15.0
female,71,163.0,65.0,11.0,90.0,40.0,5.090909090909091,56.0
female,22,189.0,82.0,19.0,93.0,40.6,4.315789473684211,82.0
female,48,150.0,53.0,17.0,93.0,40.4,5.176470588235294,88.0
female,30,165.0,60.0,11.0,90.0,40.0,4.454545454545454,49.0
male,20,183.0,80.0,21.0,103.0,40.4,5.0476190476190474,106.0
female,39,164.0,58.0,22.0,99.0,40.6,5.590909090909091,123.0
female,35,160.0,61.0,11.0,98.0,40.3,5.363636363636363,59.0
female,34,160.0,57.0,5.0,84.0,39.4,4.0,20.0
female,35,162.0,63.0,8.0,83.0,39.5,3.75,30.0
female,44,173.0,75.0,27.0,115.0,40.7,7.148148148148148,193.0
female,28,164.0,64.0,27.0,107.0,40.9,6.185185185185185,167.0
male,47,182.0,89.0,17.0,100.0,40.0,6.117647058823529,104.0
female,48,147.0,54.0,14.0,101.0,40.1,6.0,84.0
male,27,172.0,75.0,3.0,92.0,38.6,3.6666666666666665,11.0
female,74,167.0,72.0,19.0,102.0,40.5,6.368421052631579,121.0
female,39,152.0,57.0,22.0,102.0,40.5,5.954545454545454,131.0
female,79,170.0,75.0,8.0,87.0,39.4,4.75,38.0
male,33,188.0,84.0,18.0,103.0,40.7,5.777777777777778,104.0
male,48,192.0,92.0,23.0,96.0,40.4,5.608695652173913,129.0
female,44,156.0,55.0,29.0,107.0,40.9,6.586206896551724,191.0
female,69,147.0,51.0,20.0,96.0,40.1,5.9,118.0
male,23,190.0,91.0,20.0,100.0,40.6,5.0,100.0
female,69,160.0,60.0,24.0,104.0,40.9,6.625,159.0
male,26,195.0,86.0,26.0,102.0,40.7,5.3076923076923075,138.0
male,71,198.0,103.0,22.0,111.0,41.0,9.227272727272727,203.0
male,38,190.0,94.0,28.0,118.0,40.7,8.5,238.0
male,53,180.0,85.0,13.0,94.0,40.0,5.384615384615385,70.0
female,43,151.0,50.0,2.0,72.0,37.9,3.0,6.0
female,24,174.0,72.0,5.0,89.0,39.3,4.0,20.0
male,65,179.0,80.0,6.0,91.0,39.5,5.333333333333333,32.0
male,37,181.0,76.0,5.0,79.0,39.6,2.2,11.0
female,77,175.0,75.0,11.0,95.0,39.9,5.636363636363637,62.0
male,35,180.0,86.0,17.0,101.0,40.4,5.588235294117647,95.0
female,78,156.0,56.0,24.0,96.0,40.7,6.0,144.0
male,26,183.0,76.0,16.0,102.0,40.4,5.125,82.0
female,72,146.0,53.0,12.0,94.0,40.1,5.75,69.0
female,27,170.0,66.0,10.0,92.0,40.0,4.5,45.0
female,21,171.0,66.0,16.0,97.0,40.2,4.9375,79.0
male,29,181.0,82.0,7.0,90.0,39.5,3.5714285714285716,25.0
female,39,135.0,43.0,12.0,91.0,39.9,4.916666666666667,59.0
female,28,157.0,49.0,7.0,89.0,39.2,4.428571428571429,31.0
male,20,170.0,75.0,27.0,103.0,40.9,4.962962962962963,134.0
female,63,176.0,70.0,5.0,85.0,39.0,4.4,22.0
female,24,151.0,50.0,28.0,101.0,40.7,5.642857142857143,158.0
male,43,175.0,79.0,7.0,96.0,39.7,5.142857142857143,36.0
male,43,187.0,88.0,8.0,95.0,40.0,5.125,41.0
male,58,181.0,84.0,11.0,78.0,39.9,3.1818181818181817,35.0
male,23,195.0,91.0,5.0,94.0,39.3,4.0,20.0
male,31,191.0,98.0,4.0,85.0,38.7,3.25,13.0
female,79,168.0,65.0,6.0,90.0,39.3,5.166666666666667,31.0
female,44,182.0,83.0,28.0,108.0,41.1,6.321428571428571,177.0
female,28,150.0,51.0,18.0,99.0,40.5,5.5,99.0
male,62,172.0,81.0,14.0,88.0,40.5,4.857142857142857,68.0
female,47,169.0,70.0,13.0,96.0,40.1,5.230769230769231,68.0
female,76,160.0,61.0,5.0,89.0,39.0,5.2,26.0
male,58,197.0,98.0,14.0,102.0,40.1,7.142857142857143,100.0
female,50,174.0,65.0,18.0,100.0,40.1,5.777777777777778,104.0
female,45,164.0,64.0,17.0,92.0,40.3,4.882352941176471,83.0
female,71,177.0,75.0,14.0,93.0,40.2,5.285714285714286,74.0
female,50,174.0,70.0,24.0,101.0,40.5,5.833333333333333,140.0
female,22,170.0,69.0,26.0,100.0,41.0,5.269230769230769,137.0
female,28,169.0,68.0,3.0,81.0,38.5,3.3333333333333335,10.0
female,39,165.0,65.0,19.0,106.0,40.4,6.2631578947368425,119.0
male,41,200.0,104.0,9.0,89.0,39.5,4.444444444444445,40.0
male,44,186.0,82.0,16.0,100.0,40.5,5.8125,93.0
female,56,160.0,63.0,4.0,84.0,38.7,4.25,17.0
female,38,163.0,63.0,19.0,105.0,40.5,6.157894736842105,117.0
male,59,184.0,86.0,26.0,101.0,40.8,6.769230769230769,176.0
male,71,177.0,83.0,17.0,100.0,40.0,7.117647058823529,121.0
male,57,203.0,107.0,22.0,96.0,40.7,6.363636363636363,140.0
female,47,176.0,76.0,7.0,78.0,39.0,3.2857142857142856,23.0
male,79,200.0,108.0,26.0,97.0,40.9,7.615384615384615,198.0
female,59,177.0,73.0,13.0,104.0,39.9,6.3076923076923075,82.0
male,34,192.0,93.0,21.0,91.0,40.6,4.190476190476191,88.0
female,33,158.0,59.0,20.0,96.0,40.5,5.15,103.0
male,28,184.0,88.0,1.0,86.0,37.7,3.0,3.0
female,23,170.0,67.0,3.0,88.0,38.3,4.0,12.0
male,30,199.0,104.0,4.0,89.0,39.3,4.0,16.0
female,36,173.0,71.0,11.0,86.0,39.7,4.0,44.0
male,48,179.0,78.0,10.0,85.0,40.1,3.6,36.0
male,38,187.0,93.0,7.0,84.0,39.5,3.2857142857142856,23.0
male,61,199.0,112.0,23.0,99.0,40.6,7.130434782608695,164.0
male,33,190.0,90.0,11.0,101.0,40.0,5.636363636363637,62.0
male,66,172.0,77.0,18.0,97.0,40.6,6.277777777777778,113.0
female,21,173.0,71.0,21.0,104.0,40.6,5.619047619047619,118.0
male,47,185.0,91.0,9.0,88.0,39.4,4.333333333333333,39.0
female,20,165.0,64.0,21.0,107.0,40.7,6.0476190476190474,127.0
male,31,191.0,93.0,14.0,94.0,40.1,4.5,63.0
male,59,183.0,88.0,22.0,101.0,40.8,6.818181818181818,150.0
male,30,170.0,76.0,19.0,101.0,40.5,5.157894736842105,98.0
female,58,175.0,71.0,26.0,105.0,40.8,6.384615384615385,166.0
male,45,190.0,87.0,14.0,98.0,40.0,5.642857142857143,79.0
male,34,187.0,91.0,12.0,94.0,39.9,4.583333333333333,55.0
female,74,173.0,68.0,10.0,91.0,39.9,5.2,52.0
female,46,161.0,60.0,22.0,96.0,40.5,5.363636363636363,118.0
female,23,173.0,72.0,28.0,110.0,40.9,6.285714285714286,176.0
male,38,186.0,82.0,17.0,95.0,40.1,4.764705882352941,81.0
male,72,195.0,103.0,6.0,93.0,39.6,6.5,39.0
female,74,164.0,67.0,6.0,84.0,39.4,4.5,27.0
female,50,170.0,66.0,6.0,85.0,39.5,4.166666666666667,25.0
female,38,175.0,74.0,16.0,99.0,40.5,5.375,86.0
male,65,187.0,98.0,29.0,108.0,41.3,8.379310344827585,243.0
female,21,172.0,63.0,9.0,91.0,39.7,4.333333333333333,39.0
female,33,151.0,51.0,16.0,88.0,40.3,4.4375,71.0
female,74,164.0,64.0,13.0,98.0,40.1,6.0,78.0
female,24,171.0,66.0,24.0,105.0,40.6,5.875,141.0
female,25,165.0,66.0,11.0,103.0,40.2,5.636363636363637,62.0
female,54,185.0,82.0,4.0,86.0,39.1,4.25,17.0
male,50,190.0,94.0,6.0,90.0,39.4,4.833333333333333,29.0
female,58,175.0,72.0,21.0,101.0,40.5,5.9523809523809526,125.0
male,45,176.0,80.0,30.0,112.0,41.0,7.633333333333334,229.0
male,23,195.0,97.0,3.0,83.0,38.5,2.6666666666666665,8.0
female,29,154.0,55.0,26.0,102.0,40.9,5.769230769230769,150.0
male,35,190.0,89.0,6.0,89.0,39.3,3.8333333333333335,23.0
male,46,197.0,99.0,5.0,85.0,38.6,4.0,20.0
female,44,157.0,61.0,6.0,85.0,39.2,4.166666666666667,25.0
male,67,192.0,92.0,24.0,108.0,40.7,8.333333333333334,200.0
female,60,164.0,62.0,23.0,103.0,40.8,6.3478260869565215,146.0
female,41,163.0,62.0,3.0,87.0,38.5,4.333333333333333,13.0
male,35,192.0,94.0,20.0,105.0,40.5,6.4,128.0
female,22,163.0,60.0,12.0,86.0,39.5,3.9166666666666665,47.0
female,60,141.0,46.0,6.0,86.0,39.5,4.666666666666667,28.0
female,35,164.0,63.0,26.0,110.0,40.5,6.653846153846154,173.0
female,51,166.0,65.0,25.0,91.0,40.5,4.88,122.0
female,67,161.0,57.0,18.0,94.0,40.3,5.555555555555555,100.0
female,32,163.0,60.0,11.0,100.0,39.4,5.545454545454546,61.0
female,65,165.0,61.0,12.0,98.0,40.0,5.916666666666667,71.0
male,27,180.0,78.0,25.0,103.0,40.3,5.36,134.0
male,70,192.0,93.0,29.0,114.0,40.8,9.413793103448276,273.0
male,49,202.0,104.0,18.0,101.0,40.7,6.666666666666667,120.0
female,49,166.0,68.0,5.0,90.0,38.9,4.6,23.0
male,41,188.0,91.0,20.0,106.0,40.5,6.75,135.0
female,72,163.0,65.0,10.0,94.0,39.6,5.6,56.0
male,54,190.0,94.0,8.0,86.0,39.8,4.375,35.0
male,60,187.0,87.0,13.0,82.0,40.2,4.0,52.0
male,44,175.0,74.0,1.0,74.0,37.9,2.0,2.0
female,25,161.0,61.0,17.0,99.0,40.5,5.294117647058823,90.0
male,28,181.0,81.0,30.0,108.0,41.1,6.2,186.0
male,48,180.0,86.0,8.0,92.0,39.3,4.875,39.0
female,70,166.0,66.0,13.0,98.0,39.7,5.923076923076923,77.0
female,52,160.0,57.0,25.0,105.0,40.7,6.48,162.0
female,33,167.0,65.0,16.0,92.0,40.1,4.625,74.0
female,44,175.0,69.0,2.0,79.0,38.1,3.5,7.0
male,61,169.0,75.0,24.0,106.0,41.1,7.375,177.0
female,25,158.0,62.0,10.0,90.0,39.7,4.3,43.0
male,22,175.0,73.0,16.0,93.0,40.6,3.5,56.0
male,48,177.0,82.0,30.0,99.0,40.5,5.833333333333333,175.0
female,50,170.0,71.0,15.0,97.0,40.1,5.4,81.0
female,72,166.0,68.0,3.0,76.0,38.2,3.6666666666666665,11.0
male,60,176.0,76.0,27.0,100.0,40.6,6.444444444444445,174.0
female,42,165.0,63.0,8.0,94.0,39.5,5.0,40.0
male,70,183.0,87.0,9.0,82.0,39.8,4.444444444444445,40.0
female,43,164.0,61.0,2.0,81.0,37.8,3.5,7.0
female,41,147.0,49.0,2.0,87.0,38.2,4.5,9.0
male,65,193.0,96.0,27.0,107.0,40.5,8.185185185185185,221.0
male,46,172.0,75.0,18.0,94.0,40.3,4.833333333333333,87.0
female,24,179.0,68.0,16.0,101.0,40.1,5.4375,87.0
male,44,192.0,94.0,28.0,109.0,41.1,7.428571428571429,208.0
female,23,184.0,72.0,15.0,96.0,40.5,4.8,72.0
female,34,163.0,65.0,16.0,105.0,40.1,6.0625,97.0
female,55,169.0,69.0,2.0,80.0,37.8,3.5,7.0
male,61,169.0,72.0,29.0,110.0,41.0,7.931034482758621,230.0
female,75,168.0,67.0,18.0,102.0,40.5,6.444444444444445,116.0
female,53,166.0,54.0,17.0,101.0,40.2,6.117647058823529,104.0
female,37,169.0,68.0,26.0,110.0,40.8,6.615384615384615,172.0
female,48,163.0,68.0,23.0,96.0,40.9,5.304347826086956,122.0
female,48,179.0,82.0,28.0,114.0,40.7,7.035714285714286,197.0
male,64,184.0,92.0,18.0,102.0,40.4,7.277777777777778,131.0
male,77,176.0,82.0,21.0,102.0,39.9,7.714285714285714,162.0
male,29,167.0,71.0,5.0,85.0,39.2,2.6,13.0
female,27,169.0,69.0,27.0,116.0,41.1,7.037037037037037,190.0
male,28,188.0,83.0,24.0,102.0,40.8,5.375,129.0
female,56,155.0,58.0,3.0,93.0,38.4,5.333333333333333,16.0
male,46,177.0,83.0,20.0,98.0,41.0,5.6,112.0
female,21,168.0,63.0,15.0,96.0,40.1,4.866666666666666,73.0
female,46,154.0,55.0,16.0,90.0,40.5,4.8125,77.0
male,28,190.0,94.0,5.0,93.0,39.1,4.2,21.0
male,39,171.0,77.0,16.0,103.0,40.4,5.875,94.0
female,48,166.0,70.0,4.0,87.0,38.8,4.25,17.0
female,23,161.0,61.0,13.0,91.0,40.1,4.384615384615385,57.0
female,31,158.0,60.0,10.0,101.0,39.5,5.6,56.0
female,48,168.0,73.0,28.0,99.0,40.6,5.535714285714286,155.0
male,39,162.0,72.0,28.0,108.0,40.7,6.535714285714286,183.0
male,42,167.0,71.0,19.0,111.0,40.2,7.105263157894737,135.0
female,53,164.0,65.0,13.0,98.0,40.3,5.615384615384615,73.0
female,55,160.0,62.0,19.0,95.0,40.7,5.421052631578948,103.0
male,22,188.0,90.0,20.0,96.0,40.5,4.3,86.0
female,22,160.0,59.0,17.0,88.0,40.6,4.117647058823529,70.0
female,74,175.0,75.0,13.0,87.0,40.1,4.6923076923076925,61.0
female,59,145.0,49.0,14.0,97.0,39.8,5.857142857142857,82.0
male,73,182.0,92.0,3.0,88.0,39.0,5.666666666666667,17.0
male,46,169.0,72.0,25.0,108.0,40.7,6.88,172.0
male,24,176.0,80.0,9.0,91.0,40.1,3.4444444444444446,31.0
female,22,154.0,55.0,20.0,100.0,40.3,5.45,109.0
female,26,170.0,69.0,24.0,107.0,40.8,6.083333333333333,146.0
male,36,180.0,83.0,21.0,107.0,40.5,6.476190476190476,136.0
male,35,176.0,81.0,21.0,107.0,40.3,6.380952380952381,134.0
male,63,174.0,76.0,25.0,112.0,40.7,8.4,210.0
male,22,194.0,92.0,6.0,92.0,39.0,3.8333333333333335,23.0
female,31,163.0,59.0,16.0,90.0,40.5,4.5,72.0
male,26,199.0,96.0,26.0,101.0,40.9,5.384615384615385,140.0
female,59,177.0,78.0,19.0,97.0,40.1,5.473684210526316,104.0
male,38,179.0,81.0,16.0,93.0,40.3,4.4375,71.0
female,72,182.0,81.0,18.0,95.0,40.4,5.444444444444445,98.0
male,63,184.0,91.0,18.0,98.0,40.6,6.611111111111111,119.0
male,27,166.0,65.0,13.0,88.0,40.3,2.769230769230769,36.0
male,72,180.0,86.0,27.0,117.0,41.2,9.814814814814815,265.0
female,52,165.0,65.0,23.0,106.0,40.6,6.478260869565218,149.0
female,28,164.0,56.0,28.0,115.0,40.7,7.142857142857143,200.0
male,26,182.0,78.0,28.0,105.0,40.7,5.607142857142857,157.0
male,54,187.0,88.0,23.0,101.0,40.9,6.565217391304348,151.0
female,47,160.0,61.0,11.0,89.0,40.0,4.636363636363637,51.0
female,46,181.0,75.0,11.0,88.0,39.7,4.2727272727272725,47.0
male,23,195.0,98.0,14.0,94.0,40.2,4.214285714285714,59.0
male,23,192.0,89.0,19.0,94.0,40.3,4.052631578947368,77.0
female,78,156.0,61.0,20.0,102.0,40.4,6.55,131.0
male,25,192.0,87.0,18.0,99.0,40.2,4.833333333333333,87.0
male,46,171.0,72.0,18.0,92.0,40.3,4.5,81.0
male,42,189.0,93.0,22.0,105.0,40.6,6.681818181818182,147.0
female,20,171.0,66.0,25.0,104.0,40.4,5.68,142.0
male,68,178.0,78.0,10.0,90.0,40.1,5.4,54.0
female,65,198.0,96.0,15.0,98.0,39.9,5.4,81.0
male,35,201.0,101.0,26.0,106.0,41.0,6.6923076923076925,174.0
male,34,190.0,93.0,4.0,84.0,39.1,3.25,13.0
female,77,157.0,59.0,23.0,107.0,40.5,7.130434782608695,164.0
female,23,162.0,61.0,15.0,90.0,40.1,4.333333333333333,65.0
male,59,196.0,93.0,25.0,98.0,40.7,6.48,162.0
male,38,173.0,77.0,9.0,94.0,39.6,4.555555555555555,41.0
male,53,179.0,83.0,14.0,99.0,39.7,6.071428571428571,85.0
male,44,181.0,84.0,30.0,114.0,40.9,7.966666666666667,239.0
female,44,177.0,71.0,24.0,104.0,40.5,6.041666666666667,145.0
male,44,200.0,103.0,16.0,97.0,40.4,5.8125,93.0
female,50,176.0,70.0,6.0,91.0,39.3,4.833333333333333,29.0
female,28,170.0,70.0,30.0,117.0,40.9,7.166666666666667,215.0
male,75,178.0,79.0,2.0,76.0,38.2,3.5,7.0
female,65,153.0,55.0,18.0,103.0,40.5,6.5,117.0
male,23,193.0,89.0,22.0,105.0,40.5,5.681818181818182,125.0
male,78,201.0,112.0,17.0,104.0,40.3,8.705882352941176,148.0
male,29,193.0,99.0,2.0,83.0,38.2,3.0,6.0
female,31,168.0,68.0,27.0,103.0,40.8,5.7407407407407405,155.0
male,45,184.0,83.0,13.0,99.0,40.0,5.6923076923076925,74.0
male,21,193.0,94.0,10.0,90.0,39.9,3.4,34.0
female,22,155.0,54.0,14.0,95.0,40.5,4.928571428571429,69.0
male,28,191.0,91.0,28.0,120.0,40.9,8.25,231.0
male,45,191.0,99.0,14.0,96.0,40.0,5.642857142857143,79.0
female,43,154.0,56.0,17.0,105.0,40.5,6.352941176470588,108.0
male,42,173.0,81.0,23.0,107.0,40.3,6.739130434782608,155.0
male,23,206.0,109.0,17.0,100.0,40.5,5.352941176470588,91.0
female,63,150.0,56.0,12.0,96.0,39.9,5.75,69.0
male,55,183.0,85.0,20.0,94.0,40.3,5.5,110.0
male,33,160.0,67.0,20.0,103.0,40.0,5.4,108.0
female,38,163.0,61.0,25.0,104.0,40.5,6.08,152.0
male,22,182.0,84.0,4.0,91.0,39.3,3.5,14.0
male,60,195.0,102.0,25.0,104.0,40.5,7.6,190.0
female,47,165.0,67.0,6.0,89.0,39.5,4.5,27.0
male,53,196.0,102.0,2.0,89.0,38.2,5.0,10.0
male,24,205.0,99.0,18.0,94.0,40.7,4.277777777777778,77.0
female,32,157.0,58.0,2.0,89.0,37.9,4.5,9.0
male,51,196.0,100.0,4.0,77.0,38.8,3.0,12.0
male,39,175.0,75.0,26.0,102.0,40.8,5.730769230769231,149.0
male,64,188.0,92.0,17.0,102.0,40.4,7.294117647058823,124.0
male,34,167.0,71.0,8.0,85.0,39.5,2.875,23.0
male,21,198.0,102.0,3.0,82.0,38.7,2.3333333333333335,7.0
female,61,181.0,75.0,15.0,94.0,40.2,5.2,78.0
female,21,170.0,67.0,13.0,90.0,39.8,4.230769230769231,55.0
male,44,186.0,83.0,10.0,88.0,40.2,4.0,40.0
female,22,154.0,53.0,28.0,106.0,41.0,6.107142857142857,171.0
female,70,177.0,78.0,5.0,84.0,39.1,4.2,21.0
female,70,163.0,68.0,23.0,92.0,40.7,5.260869565217392,121.0
female,23,172.0,67.0,7.0,86.0,39.2,3.857142857142857,27.0
female,45,176.0,72.0,13.0,106.0,40.1,6.230769230769231,81.0
male,20,191.0,94.0,22.0,105.0,40.8,5.636363636363637,124.0
female,25,153.0,58.0,20.0,102.0,40.4,5.65,113.0
male,23,182.0,81.0,30.0,112.0,41.0,6.566666666666666,197.0
female,33,170.0,61.0,3.0,83.0,38.7,3.6666666666666665,11.0
male,37,190.0,93.0,15.0,91.0,40.0,4.333333333333333,65.0
female,25,166.0,67.0,3.0,79.0,38.4,3.0,9.0
male,31,202.0,97.0,12.0,99.0,39.6,5.333333333333333,64.0
male,58,187.0,87.0,1.0,80.0,37.7,4.0,4.0
female,42,145.0,44.0,9.0,89.0,39.4,4.777777777777778,43.0
female,27,164.0,65.0,20.0,104.0,40.6,5.85,117.0
female,47,165.0,64.0,11.0,96.0,39.6,5.363636363636363,59.0
male,59,194.0,92.0,19.0,103.0,40.4,7.2105263157894735,137.0
male,79,167.0,75.0,8.0,89.0,39.6,5.625,45.0
female,72,177.0,70.0,16.0,97.0,40.4,5.8125,93.0
male,51,192.0,90.0,10.0,89.0,39.9,4.7,47.0
male,26,189.0,90.0,10.0,87.0,39.6,3.1,31.0
female,28,155.0,61.0,10.0,90.0,39.7,4.4,44.0
female,69,154.0,59.0,18.0,86.0,40.6,4.722222222222222,85.0
female,56,152.0,53.0,18.0,96.0,40.5,5.666666666666667,102.0
male,48,198.0,102.0,7.0,94.0,39.4,5.571428571428571,39.0
male,28,193.0,96.0,11.0,85.0,40.1,3.090909090909091,34.0
female,25,160.0,54.0,13.0,86.0,40.4,4.0,52.0
female,20,155.0,55.0,2.0,82.0,38.3,3.5,7.0
male,51,189.0,88.0,15.0,104.0,39.7,6.866666666666666,103.0
female,35,164.0,59.0,10.0,88.0,40.0,4.3,43.0
female,33,173.0,67.0,2.0,82.0,38.2,3.5,7.0
male,28,180.0,79.0,9.0,93.0,39.6,3.888888888888889,35.0
male,35,190.0,93.0,5.0,89.0,39.3,4.0,20.0
female,78,159.0,64.0,20.0,102.0,40.3,6.55,131.0
female,49,157.0,57.0,6.0,87.0,39.1,4.5,27.0
female,20,158.0,58.0,22.0,94.0,40.5,4.7272727272727275,104.0
female,46,147.0,50.0,8.0,83.0,39.4,4.125,33.0
male,48,175.0,78.0,5.0,86.0,39.6,3.8,19.0
female,72,146.0,51.0,18.0,93.0,40.2,5.611111111111111,101.0
male,26,191.0,96.0,8.0,92.0,39.7,4.0,32.0
female,57,158.0,58.0,12.0,93.0,40.2,5.25,63.0
female,70,164.0,63.0,12.0,94.0,40.4,5.583333333333333,67.0
female,77,151.0,53.0,16.0,94.0,40.5,5.8125,93.0
male,22,182.0,82.0,26.0,103.0,40.8,5.1923076923076925,135.0
female,31,161.0,67.0,4.0,79.0,38.7,3.25,13.0
female,62,202.0,97.0,15.0,98.0,40.3,5.333333333333333,80.0
male,52,177.0,81.0,9.0,85.0,39.5,3.888888888888889,35.0
female,58,169.0,72.0,27.0,101.0,41.2,5.962962962962963,161.0
male,58,175.0,81.0,12.0,95.0,39.8,5.666666666666667,68.0
male,27,189.0,86.0,5.0,87.0,39.2,3.2,16.0
male,29,168.0,72.0,6.0,86.0,39.4,2.8333333333333335,17.0
male,73,184.0,85.0,17.0,101.0,40.6,7.411764705882353,126.0
female,52,169.0,69.0,14.0,92.0,40.4,4.928571428571429,69.0
female,32,162.0,56.0,10.0,93.0,39.5,4.9,49.0
female,26,160.0,60.0,27.0,111.0,41.0,6.62962962962963,179.0
male,22,194.0,91.0,23.0,99.0,41.0,4.782608695652174,110.0
female,21,154.0,53.0,4.0,86.0,38.9,4.0,16.0
female,56,187.0,76.0,28.0,99.0,41.0,5.642857142857143,158.0
male,54,189.0,93.0,18.0,105.0,40.2,7.277777777777778,131.0
female,39,166.0,63.0,20.0,102.0,40.6,5.85,117.0
female,26,176.0,69.0,28.0,108.0,40.8,6.178571428571429,173.0
female,36,175.0,70.0,18.0,98.0,40.2,5.277777777777778,95.0
female,31,156.0,61.0,20.0,96.0,40.4,5.1,102.0
male,78,195.0,97.0,25.0,103.0,40.5,8.2,205.0
female,74,163.0,57.0,26.0,102.0,40.7,6.538461538461538,170.0
female,22,182.0,74.0,9.0,85.0,39.8,3.5555555555555554,32.0
female,29,138.0,45.0,28.0,105.0,40.6,6.25,175.0
female,69,149.0,55.0,15.0,95.0,40.2,5.733333333333333,86.0
male,22,165.0,64.0,17.0,97.0,40.1,3.8823529411764706,66.0
male,68,179.0,85.0,13.0,91.0,40.0,5.6923076923076925,74.0
female,26,185.0,79.0,4.0,76.0,38.8,2.5,10.0
male,44,186.0,92.0,7.0,96.0,39.8,5.428571428571429,38.0
male,35,187.0,90.0,17.0,98.0,40.2,5.235294117647059,89.0
male,20,190.0,89.0,30.0,106.0,41.2,5.7,171.0
female,52,168.0,68.0,18.0,95.0,40.6,5.277777777777778,95.0
female,73,162.0,60.0,9.0,91.0,39.8,5.333333333333333,48.0
male,43,185.0,85.0,19.0,94.0,40.3,4.894736842105263,93.0
male,24,177.0,78.0,8.0,85.0,39.6,2.5,20.0
female,43,156.0,54.0,24.0,108.0,40.9,6.666666666666667,160.0
female,26,169.0,62.0,9.0,80.0,40.2,3.3333333333333335,30.0
male,20,173.0,74.0,2.0,83.0,37.9,2.0,4.0
female,23,158.0,59.0,22.0,110.0,40.3,6.5,143.0
female,36,140.0,47.0,3.0,86.0,38.8,4.333333333333333,13.0
female,21,174.0,73.0,3.0,93.0,38.2,4.333333333333333,13.0
female,23,168.0,62.0,25.0,105.0,40.5,5.92,148.0
male,36,173.0,75.0,16.0,94.0,40.4,4.375,70.0
male,48,194.0,96.0,26.0,100.0,40.4,6.3076923076923075,164.0
female,27,158.0,56.0,25.0,97.0,40.9,5.2,130.0
female,22,169.0,67.0,8.0,90.0,39.3,4.25,34.0
female,79,161.0,67.0,9.0,89.0,39.8,5.111111111111111,46.0
female,75,159.0,57.0,6.0,86.0,39.6,4.833333333333333,29.0
female,74,171.0,69.0,3.0,90.0,38.6,5.0,15.0
female,65,153.0,52.0,9.0,81.0,39.4,4.222222222222222,38.0
female,26,158.0,55.0,19.0,98.0,40.1,5.315789473684211,101.0
female,55,151.0,54.0,23.0,99.0,40.4,5.956521739130435,137.0
male,57,196.0,96.0,19.0,101.0,40.8,6.894736842105263,131.0
male,31,188.0,89.0,7.0,90.0,39.1,3.857142857142857,27.0
female,42,157.0,60.0,8.0,94.0,39.8,5.125,41.0
female,57,157.0,56.0,15.0,100.0,40.3,6.066666666666666,91.0
male,47,187.0,97.0,20.0,90.0,40.4,4.75,95.0
female,28,148.0,48.0,6.0,91.0,39.4,4.666666666666667,28.0
female,23,171.0,68.0,17.0,92.0,40.2,4.411764705882353,75.0
female,25,164.0,61.0,18.0,87.0,40.3,4.0,72.0
male,43,185.0,82.0,5.0,83.0,39.0,3.2,16.0
female,39,164.0,61.0,17.0,95.0,40.4,5.117647058823529,87.0
male,37,189.0,88.0,5.0,88.0,38.9,3.8,19.0
female,79,163.0,61.0,7.0,93.0,39.7,5.571428571428571,39.0
female,38,143.0,49.0,6.0,87.0,39.0,4.5,27.0
male,42,193.0,91.0,13.0,99.0,40.2,5.769230769230769,75.0
female,33,170.0,71.0,11.0,95.0,40.0,4.909090909090909,54.0
male,64,184.0,87.0,12.0,89.0,40.0,5.25,63.0
female,52,149.0,52.0,15.0,105.0,40.4,6.533333333333333,98.0
female,42,166.0,69.0,21.0,103.0,40.7,5.9523809523809526,125.0
female,21,156.0,54.0,26.0,93.0,40.9,4.6923076923076925,122.0
female,25,154.0,58.0,4.0,91.0,39.2,4.5,18.0
female,71,181.0,78.0,1.0,87.0,37.8,5.0,5.0
male,56,182.0,90.0,9.0,86.0,39.4,4.444444444444445,40.0
female,52,149.0,53.0,3.0,73.0,38.3,3.0,9.0
male,20,178.0,82.0,10.0,84.0,39.7,2.2,22.0
female,26,135.0,43.0,17.0,102.0,40.4,5.882352941176471,100.0
male,73,190.0,95.0,10.0,97.0,39.4,7.0,70.0
male,21,187.0,83.0,19.0,101.0,40.5,4.842105263157895,92.0
female,41,169.0,64.0,18.0,101.0,40.6,5.777777777777778,104.0
female,28,184.0,76.0,6.0,91.0,39.3,4.333333333333333,26.0
male,37,187.0,91.0,27.0,110.0,40.6,7.185185185185185,194.0
female,23,177.0,78.0,20.0,96.0,40.5,4.7,94.0
female,39,169.0,66.0,8.0,90.0,39.6,4.5,36.0
male,30,183.0,86.0,12.0,89.0,40.3,3.5833333333333335,43.0
female,34,154.0,58.0,26.0,108.0,40.7,6.461538461538462,168.0
male,23,188.0,91.0,1.0,88.0,37.6,3.0,3.0
male,31,188.0,96.0,21.0,94.0,40.6,4.571428571428571,96.0
female,46,154.0,55.0,3.0,84.0,38.6,4.0,12.0
female,52,142.0,42.0,7.0,88.0,39.4,4.857142857142857,34.0
female,64,166.0,64.0,13.0,99.0,40.3,5.923076923076923,77.0
female,33,177.0,73.0,12.0,97.0,40.3,5.083333333333333,61.0
female,22,167.0,65.0,26.0,99.0,41.0,5.1923076923076925,135.0
male,30,177.0,82.0,24.0,103.0,40.6,5.583333333333333,134.0
male,38,181.0,88.0,19.0,100.0,40.7,5.631578947368421,107.0
male,22,185.0,85.0,24.0,107.0,40.4,5.875,141.0
female,25,179.0,69.0,27.0,112.0,40.7,6.592592592592593,178.0
female,50,159.0,60.0,7.0,91.0,39.4,4.857142857142857,34.0
female,27,175.0,69.0,25.0,105.0,40.8,5.88,147.0
male,70,188.0,86.0,3.0,89.0,38.4,5.333333333333333,16.0
female,41,174.0,72.0,29.0,115.0,40.9,7.137931034482759,207.0
female,62,167.0,65.0,22.0,103.0,40.2,6.318181818181818,139.0
female,24,156.0,58.0,16.0,105.0,40.4,6.0,96.0
male,43,179.0,84.0,11.0,97.0,39.7,5.363636363636363,59.0
female,30,167.0,66.0,27.0,99.0,40.9,5.333333333333333,144.0
male,34,189.0,94.0,23.0,99.0,40.7,5.434782608695652,125.0
female,64,150.0,47.0,22.0,101.0,40.8,6.409090909090909,141.0
male,64,183.0,90.0,22.0,93.0,40.7,5.863636363636363,129.0
female,29,164.0,60.0,12.0,91.0,40.0,4.5,54.0
male,36,195.0,94.0,11.0,89.0,39.5,4.0,44.0
female,51,153.0,56.0,27.0,102.0,40.8,6.148148148148148,166.0
male,32,182.0,83.0,17.0,108.0,40.4,6.470588235294118,110.0
female,77,182.0,84.0,4.0,88.0,38.7,4.75,19.0
female,23,176.0,72.0,23.0,107.0,40.8,6.0,138.0
female,23,174.0,69.0,2.0,83.0,38.0,3.5,7.0
female,52,178.0,74.0,22.0,98.0,40.4,5.5,121.0
male,72,188.0,88.0,20.0,96.0,40.7,6.7,134.0
male,73,190.0,99.0,5.0,85.0,38.9,5.4,27.0
female,40,158.0,59.0,10.0,89.0,40.0,4.5,45.0
female,32,181.0,78.0,12.0,92.0,39.9,4.416666666666667,53.0
female,43,175.0,73.0,1.0,91.0,37.5,5.0,5.0
female,39,165.0,62.0,2.0,73.0,37.8,3.0,6.0
male,43,169.0,73.0,9.0,84.0,39.9,3.111111111111111,28.0
female,40,176.0,74.0,7.0,92.0,39.7,4.714285714285714,33.0
male,39,180.0,88.0,22.0,104.0,40.7,6.2727272727272725,138.0
female,68,157.0,57.0,13.0,92.0,40.1,5.384615384615385,70.0
male,25,181.0,81.0,2.0,89.0,37.6,3.0,6.0
male,64,187.0,94.0,28.0,110.0,40.8,8.535714285714286,239.0
male,29,182.0,80.0,9.0,93.0,39.5,4.0,36.0
female,41,156.0,61.0,11.0,97.0,39.9,5.363636363636363,59.0
female,51,166.0,66.0,20.0,95.0,40.2,5.25,105.0
male,56,182.0,86.0,20.0,105.0,40.7,7.2,144.0
male,21,178.0,78.0,20.0,99.0,40.5,4.45,89.0
male,74,201.0,107.0,14.0,96.0,40.1,7.214285714285714,101.0
male,27,175.0,79.0,16.0,93.0,40.1,3.875,62.0
female,46,177.0,77.0,21.0,102.0,40.6,5.761904761904762,121.0
male,43,175.0,79.0,5.0,83.0,39.4,3.2,16.0
female,55,170.0,64.0,11.0,94.0,40.1,5.2727272727272725,58.0
male,66,183.0,86.0,15.0,94.0,40.3,6.066666666666666,91.0
male,61,199.0,114.0,2.0,83.0,38.2,4.5,9.0
female,21,163.0,58.0,10.0,88.0,39.9,4.1,41.0
male,32,173.0,75.0,20.0,88.0,40.0,3.25,65.0
female,33,159.0,54.0,16.0,94.0,40.1,5.0,80.0
male,56,178.0,76.0,7.0,87.0,39.4,4.285714285714286,30.0
male,59,181.0,89.0,17.0,86.0,40.2,4.588235294117647,78.0
female,29,157.0,57.0,5.0,85.0,39.4,4.0,20.0
female,30,157.0,52.0,23.0,96.0,40.5,5.217391304347826,120.0
male,68,183.0,90.0,24.0,104.0,40.8,7.75,186.0
male,39,175.0,74.0,9.0,93.0,39.5,4.333333333333333,39.0
female,65,168.0,71.0,4.0,79.0,39.0,3.75,15.0
female,59,149.0,54.0,26.0,104.0,40.8,6.538461538461538,170.0
female,45,171.0,66.0,22.0,100.0,40.7,5.681818181818182,125.0
female,38,163.0,59.0,6.0,76.0,39.5,3.1666666666666665,19.0
female,79,159.0,63.0,25.0,104.0,40.7,6.76,169.0
female,46,161.0,65.0,7.0,85.0,39.7,4.142857142857143,29.0
female,63,152.0,53.0,26.0,103.0,40.7,6.538461538461538,170.0
male,32,196.0,99.0,12.0,96.0,39.9,5.0,60.0
male,29,177.0,74.0,8.0,89.0,39.5,3.25,26.0
female,46,164.0,60.0,8.0,87.0,39.5,4.375,35.0
female,27,166.0,66.0,27.0,106.0,40.5,6.037037037037037,163.0
male,23,185.0,85.0,19.0,96.0,40.4,4.2631578947368425,81.0
female,45,169.0,63.0,16.0,94.0,40.4,5.125,82.0
female,54,179.0,72.0,28.0,110.0,40.9,6.857142857142857,192.0
female,38,169.0,70.0,16.0,100.0,39.9,5.5,88.0
female,52,171.0,69.0,10.0,96.0,40.0,5.4,54.0
male,48,187.0,88.0,11.0,89.0,40.2,4.454545454545454,49.0
female,35,170.0,63.0,16.0,98.0,40.5,5.375,86.0
male,30,183.0,89.0,29.0,109.0,41.0,6.620689655172414,192.0
female,41,161.0,61.0,11.0,84.0,39.9,4.0,44.0
male,67,195.0,107.0,17.0,105.0,40.3,8.176470588235293,139.0
male,24,182.0,86.0,18.0,91.0,40.2,3.5555555555555554,64.0
male,22,162.0,63.0,30.0,107.0,40.9,5.4,162.0
male,58,188.0,88.0,18.0,101.0,40.3,6.777777777777778,122.0
female,20,172.0,70.0,13.0,93.0,40.1,4.461538461538462,58.0
female,65,160.0,58.0,14.0,97.0,40.2,5.857142857142857,82.0
male,55,184.0,90.0,21.0,106.0,40.7,7.428571428571429,156.0
male,62,180.0,87.0,1.0,80.0,37.8,4.0,4.0
male,57,189.0,88.0,18.0,98.0,40.2,6.277777777777778,113.0
male,52,197.0,99.0,3.0,80.0,38.6,3.6666666666666665,11.0
female,69,171.0,66.0,3.0,69.0,38.8,2.6666666666666665,8.0
female,45,174.0,69.0,21.0,108.0,40.4,6.523809523809524,137.0
female,29,170.0,68.0,8.0,87.0,39.7,4.0,32.0
male,31,182.0,89.0,18.0,103.0,40.1,5.777777777777778,104.0
female,36,166.0,66.0,15.0,101.0,40.2,5.666666666666667,85.0
male,68,195.0,98.0,21.0,105.0,40.4,8.047619047619047,169.0
male,78,189.0,91.0,10.0,97.0,39.6,7.2,72.0
male,42,183.0,82.0,15.0,98.0,40.4,5.4,81.0
female,53,159.0,64.0,11.0,95.0,39.9,5.363636363636363,59.0
male,52,200.0,97.0,30.0,116.0,41.3,8.933333333333334,268.0
female,68,150.0,57.0,24.0,111.0,40.7,7.416666666666667,178.0
female,35,150.0,53.0,19.0,101.0,40.8,5.7894736842105265,110.0
male,40,176.0,77.0,6.0,92.0,39.2,4.333333333333333,26.0
female,26,175.0,66.0,4.0,80.0,39.1,3.25,13.0
female,24,159.0,56.0,23.0,112.0,40.5,6.739130434782608,155.0
male,57,190.0,96.0,2.0,83.0,37.9,4.0,8.0
male,48,169.0,77.0,27.0,109.0,40.6,7.2592592592592595,196.0
male,76,190.0,95.0,22.0,104.0,40.4,8.227272727272727,181.0
female,40,159.0,56.0,27.0,103.0,41.0,6.074074074074074,164.0
female,52,157.0,59.0,29.0,111.0,40.8,7.103448275862069,206.0
female,39,184.0,74.0,15.0,93.0,40.1,4.733333333333333,71.0
male,42,193.0,97.0,5.0,80.0,39.0,3.0,15.0
male,22,195.0,96.0,10.0,92.0,40.1,3.8,38.0
male,26,179.0,81.0,27.0,107.0,40.6,5.962962962962963,161.0
female,33,154.0,57.0,10.0,92.0,39.9,4.8,48.0
male,35,179.0,83.0,16.0,93.0,40.3,4.3125,69.0
male,20,189.0,88.0,18.0,103.0,40.4,5.222222222222222,94.0
female,77,160.0,59.0,30.0,110.0,40.8,7.433333333333334,223.0
male,53,191.0,91.0,17.0,92.0,40.5,5.235294117647059,89.0
female,51,160.0,66.0,3.0,76.0,38.5,3.3333333333333335,10.0
female,23,177.0,65.0,5.0,89.0,38.7,4.2,21.0
male,26,178.0,82.0,28.0,122.0,41.0,8.25,231.0
male,62,196.0,97.0,30.0,112.0,40.8,8.8,264.0
female,51,169.0,69.0,12.0,96.0,40.1,5.333333333333333,64.0
male,31,189.0,84.0,19.0,98.0,40.6,4.894736842105263,93.0
female,46,167.0,70.0,8.0,85.0,39.5,4.0,32.0
male,78,189.0,90.0,28.0,104.0,41.1,8.214285714285714,230.0
female,26,156.0,55.0,9.0,89.0,40.1,4.333333333333333,39.0
male,78,186.0,91.0,5.0,84.0,39.1,5.2,26.0
female,33,171.0,64.0,3.0,81.0,38.7,3.3333333333333335,10.0
male,23,192.0,98.0,27.0,104.0,40.9,5.7407407407407405,155.0
male,30,177.0,77.0,19.0,100.0,40.9,5.0,95.0
female,54,172.0,70.0,28.0,101.0,41.0,5.928571428571429,166.0
male,25,162.0,63.0,25.0,106.0,40.4,5.4,135.0
male,21,196.0,96.0,26.0,107.0,40.6,6.038461538461538,157.0
female,44,169.0,68.0,10.0,83.0,39.8,3.8,38.0
male,69,168.0,71.0,20.0,107.0,40.5,7.85,157.0
male,59,196.0,100.0,14.0,92.0,40.4,5.714285714285714,80.0
female,38,150.0,50.0,1.0,81.0,37.9,4.0,4.0
male,69,170.0,76.0,9.0,88.0,39.6,5.111111111111111,46.0
female,37,148.0,54.0,13.0,93.0,39.7,5.0,65.0
female,32,175.0,70.0,26.0,104.0,40.9,5.846153846153846,152.0
female,44,179.0,77.0,4.0,75.0,38.7,2.75,11.0
female,61,163.0,66.0,6.0,76.0,39.1,3.5,21.0
female,45,163.0,58.0,18.0,107.0,40.4,6.555555555555555,118.0
female,34,156.0,56.0,12.0,89.0,40.1,4.5,54.0
male,26,187.0,83.0,29.0,110.0,41.0,6.448275862068965,187.0
male,21,180.0,77.0,14.0,92.0,40.2,3.357142857142857,47.0
male,74,180.0,88.0,22.0,101.0,40.4,7.545454545454546,166.0
female,20,161.0,63.0,28.0,114.0,40.8,6.785714285714286,190.0
female,28,164.0,63.0,18.0,98.0,40.6,5.222222222222222,94.0
male,38,182.0,77.0,21.0,102.0,40.5,5.714285714285714,120.0
female,36,152.0,48.0,5.0,84.0,39.4,4.0,20.0
male,33,181.0,81.0,19.0,102.0,40.6,5.526315789473684,105.0
male,26,181.0,84.0,29.0,116.0,41.2,7.379310344827586,214.0
male,42,159.0,69.0,5.0,88.0,39.2,3.6,18.0
female,64,164.0,57.0,15.0,92.0,39.7,5.333333333333333,80.0
male,48,188.0,88.0,9.0,80.0,40.1,3.111111111111111,28.0
male,27,172.0,71.0,13.0,96.0,40.2,4.153846153846154,54.0
female,53,175.0,70.0,8.0,88.0,39.4,4.5,36.0
male,38,185.0,86.0,13.0,91.0,40.3,4.230769230769231,55.0
female,78,172.0,72.0,1.0,72.0,38.0,3.0,3.0
female,20,174.0,70.0,26.0,98.0,41.0,5.0,130.0
female,79,149.0,54.0,13.0,93.0,40.1,5.6923076923076925,74.0
male,39,182.0,79.0,30.0,111.0,41.0,7.166666666666667,215.0
female,64,148.0,50.0,28.0,112.0,40.8,7.535714285714286,211.0
male,29,185.0,87.0,14.0,97.0,40.1,4.714285714285714,66.0
female,26,156.0,64.0,28.0,105.0,40.9,5.928571428571429,166.0
male,44,197.0,98.0,20.0,100.0,40.5,6.15,123.0
male,23,185.0,85.0,14.0,97.0,40.5,4.428571428571429,62.0
female,54,165.0,62.0,12.0,97.0,39.8,5.583333333333333,67.0
female,26,155.0,52.0,23.0,109.0,40.4,6.521739130434782,150.0
female,49,166.0,66.0,10.0,80.0,40.0,3.6,36.0
female,59,173.0,68.0,29.0,111.0,41.0,7.103448275862069,206.0
female,49,158.0,61.0,27.0,106.0,41.0,6.481481481481482,175.0
male,31,185.0,87.0,9.0,94.0,39.4,4.333333333333333,39.0
female,55,167.0,64.0,21.0,98.0,40.6,5.714285714285714,120.0
female,36,183.0,80.0,20.0,106.0,40.3,6.0,120.0
female,39,162.0,63.0,13.0,89.0,40.2,4.461538461538462,58.0
male,32,176.0,75.0,27.0,95.0,40.3,4.333333333333333,117.0
female,49,171.0,64.0,6.0,89.0,39.6,4.666666666666667,28.0
female,26,149.0,50.0,17.0,95.0,40.2,5.0588235294117645,86.0
female,45,168.0,63.0,3.0,81.0,38.6,3.6666666666666665,11.0
female,27,165.0,59.0,20.0,96.0,40.3,5.05,101.0
female,34,149.0,52.0,23.0,98.0,40.7,5.478260869565218,126.0
female,23,169.0,68.0,8.0,83.0,39.9,3.5,28.0
female,37,161.0,60.0,26.0,99.0,41.1,5.538461538461538,144.0
female,55,158.0,54.0,27.0,105.0,41.0,6.592592592592593,178.0
female,40,170.0,68.0,21.0,99.0,40.8,5.476190476190476,115.0
female,47,164.0,68.0,10.0,90.0,39.8,4.6,46.0
female,58,175.0,71.0,11.0,100.0,39.8,5.909090909090909,65.0
male,21,187.0,92.0,4.0,81.0,38.5,2.0,8.0
male,39,197.0,96.0,3.0,78.0,38.6,2.6666666666666665,8.0
female,24,169.0,67.0,27.0,105.0,40.5,5.851851851851852,158.0
male,73,169.0,72.0,15.0,92.0,40.2,5.8,87.0
female,22,156.0,50.0,4.0,83.0,39.0,3.75,15.0
male,68,166.0,75.0,28.0,112.0,40.8,8.607142857142858,241.0
female,28,176.0,66.0,6.0,86.0,39.6,3.8333333333333335,23.0
male,21,188.0,93.0,22.0,97.0,40.8,4.5,99.0
female,67,150.0,51.0,26.0,108.0,40.6,7.153846153846154,186.0
male,56,173.0,72.0,20.0,98.0,40.5,5.85,117.0
female,53,164.0,66.0,3.0,80.0,38.8,3.6666666666666665,11.0
female,75,157.0,61.0,5.0,77.0,39.2,3.8,19.0
male,59,176.0,81.0,6.0,85.0,39.5,4.166666666666667,25.0
female,41,152.0,55.0,25.0,103.0,40.6,6.12,153.0
male,38,174.0,77.0,7.0,83.0,39.5,2.857142857142857,20.0
male,59,186.0,93.0,11.0,89.0,40.0,5.090909090909091,56.0
male,21,184.0,79.0,22.0,110.0,40.8,6.136363636363637,135.0
male,49,205.0,101.0,30.0,119.0,40.8,9.333333333333334,280.0
female,22,153.0,50.0,29.0,110.0,41.1,6.586206896551724,191.0
male,52,178.0,85.0,10.0,99.0,39.9,6.1,61.0
female,79,145.0,46.0,3.0,83.0,38.5,4.666666666666667,14.0
female,32,161.0,62.0,30.0,110.0,41.0,6.6,198.0
female,44,172.0,62.0,16.0,95.0,40.3,5.1875,83.0
male,47,174.0,80.0,16.0,101.0,40.5,6.0625,97.0
male,23,193.0,88.0,1.0,84.0,37.7,3.0,3.0
male,76,179.0,85.0,16.0,98.0,40.3,7.125,114.0
female,42,177.0,68.0,13.0,90.0,40.0,4.538461538461538,59.0
male,28,181.0,80.0,19.0,105.0,40.2,5.7368421052631575,109.0
male,78,176.0,80.0,13.0,98.0,40.1,7.076923076923077,92.0
female,55,177.0,77.0,9.0,90.0,39.7,4.666666666666667,42.0
female,35,182.0,77.0,17.0,93.0,40.0,4.647058823529412,79.0
female,32,163.0,60.0,13.0,100.0,40.0,5.538461538461538,72.0
male,51,181.0,91.0,29.0,110.0,40.9,7.827586206896552,227.0
male,29,186.0,86.0,18.0,96.0,40.3,4.555555555555555,82.0
female,33,150.0,56.0,26.0,102.0,40.8,5.846153846153846,152.0
female,40,181.0,79.0,20.0,97.0,40.5,5.1,102.0
male,35,174.0,80.0,17.0,90.0,40.5,3.823529411764706,65.0
female,50,177.0,68.0,26.0,109.0,41.1,6.730769230769231,175.0
female,23,159.0,54.0,6.0,86.0,39.5,4.0,24.0
male,54,173.0,74.0,14.0,96.0,40.1,5.5,77.0
female,49,156.0,56.0,29.0,115.0,40.9,7.517241379310345,218.0
female,38,178.0,70.0,13.0,89.0,40.2,4.384615384615385,57.0
female,21,175.0,74.0,8.0,85.0,39.5,3.625,29.0
female,48,157.0,62.0,1.0,80.0,37.7,4.0,4.0
male,33,174.0,77.0,14.0,92.0,40.2,3.9285714285714284,55.0
male,31,180.0,79.0,25.0,102.0,40.8,5.4,135.0
female,25,167.0,62.0,29.0,97.0,40.8,5.068965517241379,147.0
male,51,181.0,82.0,10.0,95.0,39.5,5.4,54.0
male,64,188.0,93.0,18.0,102.0,40.2,7.333333333333333,132.0
female,39,156.0,61.0,14.0,96.0,40.1,5.214285714285714,73.0
male,64,209.0,112.0,18.0,100.0,40.4,7.388888888888889,133.0
female,67,157.0,54.0,5.0,81.0,39.2,4.2,21.0
male,42,212.0,112.0,12.0,93.0,40.0,5.333333333333333,64.0
female,35,151.0,51.0,12.0,93.0,39.9,5.0,60.0
male,31,198.0,101.0,3.0,77.0,39.0,2.0,6.0
female,57,168.0,65.0,4.0,79.0,39.1,3.75,15.0
female,79,153.0,56.0,22.0,98.0,40.7,6.2272727272727275,137.0
male,39,188.0,89.0,27.0,108.0,40.7,6.925925925925926,187.0
male,66,192.0,90.0,2.0,79.0,37.9,4.0,8.0
male,20,200.0,102.0,23.0,101.0,40.7,5.217391304347826,120.0
male,35,176.0,83.0,16.0,102.0,40.2,5.6875,91.0
male,32,187.0,90.0,7.0,90.0,39.4,3.857142857142857,27.0
female,40,145.0,49.0,1.0,87.0,38.0,4.0,4.0
female,38,160.0,62.0,24.0,100.0,40.2,5.625,135.0
female,34,159.0,62.0,21.0,97.0,40.8,5.238095238095238,110.0
female,58,151.0,55.0,24.0,104.0,40.3,6.5,156.0
female,21,156.0,57.0,9.0,79.0,39.7,3.111111111111111,28.0
male,29,182.0,84.0,19.0,101.0,40.4,5.2631578947368425,100.0
male,46,195.0,96.0,29.0,107.0,40.6,7.241379310344827,210.0
male,39,194.0,93.0,18.0,89.0,40.3,4.166666666666667,75.0
female,73,185.0,88.0,14.0,87.0,39.9,4.5,63.0
male,75,185.0,88.0,20.0,96.0,40.3,6.8,136.0
male,39,182.0,79.0,10.0,93.0,40.1,4.4,44.0
male,60,169.0,70.0,2.0,84.0,38.0,4.0,8.0
male,67,155.0,60.0,20.0,101.0,40.6,6.6,132.0
female,68,168.0,70.0,23.0,108.0,40.6,6.913043478260869,159.0
female,36,154.0,59.0,5.0,87.0,39.3,4.2,21.0
male,22,181.0,83.0,22.0,108.0,40.6,5.954545454545454,131.0
female,56,161.0,60.0,29.0,104.0,40.8,6.413793103448276,186.0
male,36,192.0,90.0,10.0,83.0,40.2,3.0,30.0
male,20,178.0,77.0,12.0,96.0,40.0,3.9166666666666665,47.0
female,23,169.0,62.0,15.0,87.0,40.1,4.0,60.0
female,40,169.0,74.0,10.0,90.0,39.9,4.4,44.0
male,38,201.0,101.0,8.0,87.0,39.7,4.0,32.0
male,66,165.0,67.0,9.0,90.0,39.7,5.0,45.0
male,28,199.0,94.0,11.0,94.0,39.9,4.363636363636363,48.0
male,28,183.0,87.0,15.0,100.0,40.3,5.133333333333334,77.0
male,52,172.0,81.0,27.0,105.0,41.2,6.925925925925926,187.0
male,34,195.0,95.0,21.0,101.0,40.5,5.761904761904762,121.0
male,65,174.0,81.0,21.0,103.0,40.6,7.238095238095238,152.0
female,36,182.0,83.0,27.0,105.0,40.8,5.851851851851852,158.0
male,20,176.0,79.0,26.0,103.0,40.8,5.038461538461538,131.0
female,28,166.0,58.0,10.0,93.0,39.5,4.8,48.0
male,38,171.0,70.0,9.0,97.0,39.5,4.777777777777778,43.0
female,25,164.0,56.0,20.0,93.0,40.4,4.75,95.0
male,61,194.0,95.0,15.0,99.0,40.0,6.733333333333333,101.0
male,21,177.0,75.0,9.0,85.0,39.3,2.3333333333333335,21.0
male,42,187.0,86.0,17.0,99.0,40.1,5.647058823529412,96.0
female,33,154.0,59.0,28.0,105.0,40.6,6.107142857142857,171.0
female,24,168.0,60.0,3.0,89.0,38.8,4.333333333333333,13.0
male,36,195.0,100.0,4.0,77.0,39.0,2.25,9.0
female,29,171.0,67.0,22.0,103.0,40.8,5.7272727272727275,126.0
male,26,185.0,84.0,12.0,90.0,40.1,3.5,42.0
male,29,187.0,92.0,13.0,95.0,40.0,4.538461538461538,59.0
male,61,199.0,107.0,20.0,99.0,40.8,7.0,140.0
female,59,169.0,69.0,1.0,82.0,38.0,4.0,4.0
female,56,160.0,60.0,5.0,89.0,39.0,4.8,24.0
male,71,185.0,93.0,24.0,102.0,40.9,7.625,183.0
female,41,164.0,63.0,11.0,87.0,40.2,4.2727272727272725,47.0
male,45,186.0,84.0,7.0,78.0,39.4,2.5714285714285716,18.0
male,79,180.0,82.0,21.0,103.0,40.2,7.9523809523809526,167.0
male,41,200.0,98.0,2.0,82.0,38.1,3.5,7.0
female,44,167.0,67.0,21.0,97.0,40.3,5.333333333333333,112.0
male,21,196.0,92.0,14.0,95.0,40.0,4.142857142857143,58.0
male,54,170.0,72.0,4.0,88.0,38.5,4.25,17.0
female,67,152.0,56.0,20.0,101.0,40.3,6.35,127.0
female,58,177.0,72.0,25.0,113.0,40.7,7.24,181.0
female,26,156.0,59.0,26.0,109.0,40.8,6.423076923076923,167.0
male,24,207.0,104.0,12.0,103.0,40.4,5.75,69.0
male,35,170.0,73.0,5.0,87.0,39.3,3.2,16.0
female,64,162.0,70.0,13.0,95.0,40.4,5.461538461538462,71.0
female,20,174.0,67.0,3.0,79.0,39.1,3.0,9.0
male,26,195.0,97.0,26.0,102.0,41.0,5.576923076923077,145.0
male,52,186.0,92.0,3.0,85.0,38.7,4.0,12.0
female,57,158.0,61.0,26.0,104.0,40.8,6.423076923076923,167.0
female,27,177.0,68.0,17.0,100.0,40.3,5.352941176470588,91.0
male,35,169.0,75.0,5.0,90.0,38.7,3.8,19.0
male,54,189.0,89.0,15.0,99.0,40.2,6.266666666666667,94.0
female,75,139.0,44.0,11.0,86.0,39.9,5.0,55.0
female,29,169.0,69.0,15.0,97.0,40.4,5.066666666666666,76.0
male,24,190.0,92.0,14.0,92.0,39.9,3.857142857142857,54.0
female,55,170.0,74.0,15.0,95.0,40.1,5.266666666666667,79.0
male,21,179.0,78.0,20.0,102.0,40.4,4.9,98.0
male,39,181.0,82.0,5.0,80.0,39.2,2.6,13.0
male,26,182.0,88.0,15.0,94.0,40.2,4.133333333333334,62.0
male,53,187.0,94.0,16.0,99.0,40.3,6.375,102.0
female,58,171.0,68.0,30.0,102.0,40.7,6.133333333333334,184.0
female,61,159.0,62.0,4.0,85.0,38.5,4.5,18.0
female,24,152.0,53.0,12.0,93.0,40.2,4.75,57.0
female,33,163.0,62.0,17.0,92.0,40.5,4.705882352941177,80.0
female,35,184.0,79.0,21.0,102.0,40.4,5.571428571428571,117.0
male,23,183.0,88.0,11.0,89.0,39.9,3.272727272727273,36.0
male,55,198.0,99.0,7.0,83.0,39.7,4.142857142857143,29.0
male,24,194.0,95.0,7.0,84.0,39.4,2.7142857142857144,19.0
female,66,174.0,66.0,7.0,83.0,39.5,4.285714285714286,30.0
female,50,158.0,55.0,24.0,105.0,40.7,6.458333333333333,155.0
female,63,161.0,59.0,12.0,89.0,40.5,4.916666666666667,59.0
female,47,172.0,67.0,13.0,91.0,40.6,4.769230769230769,62.0
male,47,191.0,88.0,5.0,84.0,39.4,3.6,18.0
male,30,184.0,78.0,17.0,92.0,40.2,3.823529411764706,65.0
male,54,195.0,92.0,27.0,106.0,41.0,7.407407407407407,200.0
female,21,171.0,67.0,13.0,94.0,40.0,4.615384615384615,60.0
female,24,172.0,63.0,2.0,77.0,38.5,3.0,6.0
female,40,159.0,61.0,10.0,89.0,40.2,4.5,45.0
male,30,175.0,74.0,20.0,97.0,40.5,4.5,90.0
male,39,180.0,87.0,24.0,107.0,40.4,6.708333333333333,161.0
female,59,168.0,67.0,5.0,91.0,39.6,5.0,25.0
female,29,156.0,59.0,7.0,87.0,39.7,4.142857142857143,29.0
male,50,171.0,74.0,2.0,82.0,38.1,3.0,6.0
male,31,177.0,79.0,24.0,96.0,41.2,4.5,108.0
male,78,180.0,88.0,18.0,102.0,40.4,7.888888888888889,142.0
male,26,199.0,104.0,24.0,98.0,40.8,5.125,123.0
male,46,195.0,100.0,13.0,92.0,40.0,5.076923076923077,66.0
male,63,180.0,85.0,10.0,93.0,39.8,5.7,57.0
male,22,193.0,99.0,19.0,99.0,40.3,4.947368421052632,94.0
female,38,166.0,61.0,28.0,115.0,40.8,7.25,203.0
male,30,193.0,92.0,13.0,104.0,40.3,5.923076923076923,77.0
female,29,153.0,54.0,4.0,77.0,39.1,3.25,13.0
female,74,162.0,67.0,23.0,100.0,40.8,6.217391304347826,143.0
female,30,159.0,60.0,15.0,99.0,40.5,5.4,81.0
female,59,181.0,77.0,19.0,94.0,40.5,5.157894736842105,98.0
male,48,179.0,82.0,11.0,90.0,39.6,4.454545454545454,49.0
male,68,179.0,88.0,19.0,97.0,41.0,6.631578947368421,126.0
female,55,162.0,64.0,28.0,111.0,40.7,7.071428571428571,198.0
female,26,163.0,57.0,11.0,97.0,39.8,5.181818181818182,57.0
female,62,162.0,66.0,23.0,105.0,41.1,6.521739130434782,150.0
male,34,184.0,84.0,30.0,103.0,40.7,5.8,174.0
female,34,178.0,72.0,23.0,104.0,40.9,5.869565217391305,135.0
male,29,183.0,87.0,25.0,108.0,40.8,6.4,160.0
female,24,174.0,72.0,2.0,77.0,37.9,3.0,6.0
female,24,169.0,67.0,22.0,95.0,40.4,4.7727272727272725,105.0
male,27,202.0,104.0,17.0,92.0,40.3,4.235294117647059,72.0
female,61,164.0,70.0,29.0,107.0,41.0,6.689655172413793,194.0
male,33,180.0,79.0,23.0,106.0,40.9,6.130434782608695,141.0
male,25,176.0,74.0,27.0,107.0,40.9,5.777777777777778,156.0
male,35,197.0,97.0,29.0,105.0,40.8,6.448275862068965,187.0
female,28,157.0,55.0,28.0,113.0,40.7,6.928571428571429,194.0
female,58,161.0,65.0,17.0,92.0,40.7,5.117647058823529,87.0
female,31,162.0,63.0,22.0,100.0,40.9,5.5,121.0
male,67,189.0,93.0,8.0,77.0,39.2,3.625,29.0
female,22,169.0,62.0,4.0,81.0,38.7,3.25,13.0
male,59,171.0,83.0,27.0,102.0,41.0,6.851851851851852,185.0
female,79,166.0,66.0,13.0,98.0,40.0,6.076923076923077,79.0
male,33,183.0,80.0,20.0,99.0,40.6,5.1,102.0
male,21,197.0,94.0,3.0,80.0,38.8,2.0,6.0
female,20,162.0,57.0,12.0,95.0,39.8,4.833333333333333,58.0
female,67,155.0,56.0,6.0,82.0,38.7,4.333333333333333,26.0
male,41,187.0,93.0,23.0,105.0,40.9,6.6521739130434785,153.0
male,31,210.0,112.0,20.0,107.0,40.7,6.9,138.0
female,31,157.0,54.0,8.0,84.0,39.8,3.875,31.0
male,27,195.0,94.0,20.0,98.0,40.5,4.95,99.0
female,63,168.0,69.0,12.0,89.0,40.0,4.833333333333333,58.0
female,23,169.0,68.0,25.0,114.0,40.9,6.8,170.0
female,26,159.0,53.0,19.0,92.0,40.5,4.684210526315789,89.0
male,69,198.0,101.0,23.0,109.0,40.6,8.782608695652174,202.0
female,68,166.0,64.0,3.0,77.0,38.3,3.6666666666666665,11.0
male,23,190.0,95.0,27.0,104.0,40.5,5.666666666666667,153.0
male,59,168.0,73.0,8.0,87.0,39.4,4.375,35.0
female,32,153.0,54.0,8.0,92.0,39.8,4.75,38.0
male,20,178.0,80.0,24.0,105.0,40.3,5.375,129.0
male,25,205.0,110.0,22.0,96.0,40.8,4.909090909090909,108.0
female,67,170.0,66.0,26.0,108.0,40.8,6.961538461538462,181.0
female,20,171.0,71.0,25.0,108.0,40.8,6.04,151.0
male,36,197.0,96.0,23.0,97.0,40.4,5.260869565217392,121.0
female,37,174.0,70.0,21.0,109.0,40.7,6.476190476190476,136.0
male,22,184.0,85.0,28.0,105.0,40.6,5.571428571428571,156.0
male,41,178.0,83.0,25.0,115.0,40.5,7.96,199.0
female,67,191.0,91.0,26.0,99.0,40.7,5.653846153846154,147.0
female,20,167.0,66.0,14.0,91.0,39.9,4.285714285714286,60.0
female,30,149.0,52.0,25.0,100.0,40.7,5.64,141.0
female,55,179.0,78.0,10.0,91.0,39.6,4.8,48.0
female,30,168.0,69.0,2.0,85.0,37.8,4.0,8.0
male,53,194.0,90.0,24.0,108.0,40.8,7.625,183.0
male,48,178.0,85.0,16.0,88.0,40.5,4.25,68.0
male,39,189.0,89.0,22.0,101.0,40.3,5.863636363636363,129.0
female,25,175.0,72.0,14.0,97.0,39.8,4.928571428571429,69.0
female,33,179.0,72.0,6.0,94.0,39.5,4.833333333333333,29.0
male,44,178.0,83.0,6.0,84.0,39.4,3.3333333333333335,20.0
male,35,194.0,98.0,24.0,103.0,40.6,6.166666666666667,148.0
female,25,158.0,57.0,13.0,92.0,39.8,4.615384615384615,60.0
male,71,146.0,56.0,29.0,106.0,40.7,7.448275862068965,216.0
male,36,180.0,78.0,6.0,85.0,39.2,3.0,18.0
male,43,174.0,78.0,11.0,94.0,39.8,4.7272727272727275,52.0
female,22,158.0,56.0,26.0,107.0,40.9,6.1923076923076925,161.0
female,23,160.0,56.0,11.0,90.0,39.8,4.363636363636363,48.0
female,25,167.0,64.0,23.0,95.0,41.0,4.826086956521739,111.0
female,26,150.0,52.0,29.0,108.0,40.5,6.413793103448276,186.0
male,54,183.0,83.0,14.0,101.0,40.2,6.428571428571429,90.0
male,60,199.0,109.0,16.0,96.0,40.2,6.5625,105.0
male,32,162.0,65.0,6.0,91.0,39.3,3.5,21.0
female,45,165.0,65.0,29.0,111.0,40.9,6.896551724137931,200.0
male,31,167.0,67.0,21.0,100.0,40.4,4.857142857142857,102.0
male,79,194.0,103.0,21.0,96.0,40.9,7.333333333333333,154.0
male,26,182.0,85.0,3.0,84.0,38.8,2.6666666666666665,8.0
female,37,173.0,67.0,15.0,94.0,40.0,4.933333333333334,74.0
female,55,164.0,63.0,6.0,84.0,39.3,4.166666666666667,25.0
female,22,161.0,53.0,21.0,107.0,40.4,6.238095238095238,131.0
male,29,195.0,99.0,21.0,99.0,40.6,5.285714285714286,111.0
female,26,160.0,56.0,12.0,97.0,40.3,5.166666666666667,62.0
male,38,190.0,96.0,1.0,76.0,37.4,2.0,2.0
female,63,171.0,68.0,23.0,100.0,40.7,6.0,138.0
female,42,178.0,72.0,23.0,104.0,40.6,6.0,138.0
male,26,196.0,95.0,2.0,88.0,38.5,3.5,7.0
male,25,173.0,72.0,22.0,93.0,40.5,3.6363636363636362,80.0
female,21,165.0,65.0,24.0,106.0,40.7,5.916666666666667,142.0
male,28,184.0,79.0,1.0,86.0,37.6,3.0,3.0
female,35,153.0,52.0,10.0,87.0,39.6,4.3,43.0
male,34,202.0,93.0,18.0,96.0,40.8,4.944444444444445,89.0
female,61,162.0,68.0,21.0,103.0,40.4,6.285714285714286,132.0
male,49,181.0,78.0,1.0,80.0,37.8,3.0,3.0
male,78,175.0,78.0,4.0,84.0,38.7,5.0,20.0
male,76,177.0,78.0,8.0,96.0,39.3,6.625,53.0
female,53,159.0,57.0,23.0,105.0,40.7,6.521739130434782,150.0
male,23,189.0,89.0,8.0,82.0,39.7,2.25,18.0
male,20,182.0,81.0,3.0,89.0,38.4,3.0,9.0
male,26,178.0,78.0,13.0,95.0,39.9,4.076923076923077,53.0
female,68,170.0,65.0,14.0,90.0,40.3,5.071428571428571,71.0
female,41,159.0,60.0,20.0,108.0,40.5,6.55,131.0
female,73,158.0,57.0,29.0,103.0,40.9,6.655172413793103,193.0
male,26,183.0,79.0,13.0,99.0,40.1,4.6923076923076925,61.0
female,58,166.0,73.0,19.0,99.0,40.5,5.7368421052631575,109.0
male,32,177.0,79.0,23.0,101.0,40.8,5.304347826086956,122.0
female,61,156.0,55.0,8.0,91.0,39.7,5.125,41.0
male,47,184.0,87.0,16.0,96.0,40.3,5.4375,87.0
female,20,151.0,54.0,28.0,109.0,41.1,6.392857142857143,179.0
female,59,163.0,59.0,21.0,101.0,40.3,6.142857142857143,129.0
male,39,188.0,88.0,16.0,97.0,40.6,5.25,84.0
male,20,178.0,81.0,25.0,103.0,40.7,5.08,127.0
male,20,199.0,92.0,7.0,92.0,39.9,3.7142857142857144,26.0
male,33,187.0,93.0,2.0,85.0,38.0,3.0,6.0
female,45,172.0,69.0,29.0,101.0,40.7,5.758620689655173,167.0
male,68,172.0,82.0,8.0,86.0,39.7,4.875,39.0
male,21,199.0,95.0,4.0,80.0,38.9,2.0,8.0
female,54,156.0,60.0,24.0,102.0,40.5,6.166666666666667,148.0
male,26,187.0,91.0,15.0,95.0,40.1,4.4,66.0
female,31,164.0,57.0,22.0,109.0,40.7,6.545454545454546,144.0
male,76,208.0,112.0,6.0,88.0,39.4,6.166666666666667,37.0
male,32,177.0,77.0,29.0,102.0,40.6,5.413793103448276,157.0
female,28,153.0,49.0,23.0,108.0,40.5,6.478260869565218,149.0
male,47,167.0,69.0,9.0,101.0,39.8,5.777777777777778,52.0
male,63,186.0,92.0,8.0,90.0,39.7,5.375,43.0
male,46,195.0,95.0,10.0,82.0,40.0,3.5,35.0
female,28,155.0,52.0,26.0,102.0,40.7,5.8076923076923075,151.0
male,50,189.0,96.0,14.0,93.0,39.9,5.357142857142857,75.0
male,38,181.0,82.0,16.0,98.0,40.2,5.1875,83.0
male,33,193.0,94.0,9.0,81.0,40.2,2.6666666666666665,24.0
female,68,151.0,58.0,2.0,75.0,38.0,3.5,7.0
female,35,177.0,71.0,8.0,95.0,39.7,4.875,39.0
male,34,189.0,87.0,23.0,98.0,40.5,5.130434782608695,118.0
female,25,157.0,56.0,28.0,109.0,41.2,6.464285714285714,181.0
male,30,199.0,96.0,9.0,96.0,40.1,4.777777777777778,43.0
male,26,175.0,74.0,29.0,107.0,41.1,5.827586206896552,169.0
male,32,194.0,93.0,26.0,102.0,40.7,5.769230769230769,150.0
female,53,155.0,55.0,24.0,103.0,40.6,6.333333333333333,152.0
male,72,192.0,99.0,28.0,103.0,40.7,7.964285714285714,223.0
female,49,167.0,68.0,29.0,107.0,40.9,6.482758620689655,188.0
male,52,196.0,102.0,5.0,83.0,38.8,4.0,20.0
male,21,180.0,81.0,9.0,91.0,39.5,3.3333333333333335,30.0
female,62,176.0,77.0,30.0,116.0,40.6,7.566666666666666,227.0
female,56,174.0,69.0,5.0,85.0,39.1,4.2,21.0
male,26,189.0,91.0,20.0,97.0,40.4,4.7,94.0
female,50,167.0,64.0,20.0,103.0,40.4,6.15,123.0
female,64,165.0,68.0,4.0,86.0,38.7,4.5,18.0
male,29,176.0,78.0,14.0,103.0,40.5,5.428571428571429,76.0
male,26,191.0,93.0,17.0,96.0,40.3,4.588235294117647,78.0
female,77,155.0,59.0,19.0,95.0,40.2,5.842105263157895,111.0
male,23,171.0,68.0,22.0,101.0,40.9,4.636363636363637,102.0
female,68,166.0,65.0,18.0,93.0,40.6,5.388888888888889,97.0
female,62,172.0,75.0,9.0,87.0,39.3,4.444444444444445,40.0
female,49,167.0,66.0,11.0,87.0,39.9,4.363636363636363,48.0
male,53,189.0,88.0,12.0,93.0,40.1,5.333333333333333,64.0
female,23,173.0,65.0,15.0,98.0,40.2,5.133333333333334,77.0
female,35,159.0,59.0,6.0,82.0,39.2,3.6666666666666665,22.0
female,32,148.0,49.0,15.0,93.0,40.1,4.933333333333334,74.0
female,55,155.0,56.0,15.0,93.0,40.0,5.266666666666667,79.0
male,61,168.0,73.0,11.0,87.0,39.8,4.454545454545454,49.0
male,56,189.0,95.0,14.0,92.0,40.0,5.428571428571429,76.0
female,56,150.0,51.0,6.0,88.0,39.3,4.833333333333333,29.0
male,20,203.0,105.0,20.0,98.0,40.6,4.85,97.0
male,39,178.0,79.0,11.0,92.0,39.6,4.2727272727272725,47.0
female,78,167.0,67.0,27.0,108.0,40.6,7.111111111111111,192.0
female,36,166.0,65.0,12.0,95.0,40.2,5.0,60.0
male,33,173.0,76.0,18.0,89.0,40.1,3.5,63.0
male,21,188.0,94.0,21.0,105.0,40.3,5.714285714285714,120.0
female,26,166.0,60.0,20.0,103.0,40.6,5.75,115.0
female,38,144.0,48.0,17.0,98.0,40.1,5.588235294117647,95.0
female,51,152.0,57.0,20.0,93.0,40.6,5.2,104.0
male,33,193.0,98.0,2.0,77.0,38.1,2.0,4.0
male,57,179.0,74.0,22.0,106.0,40.3,7.181818181818182,158.0
male,46,179.0,82.0,29.0,104.0,40.7,6.517241379310345,189.0
female,23,165.0,61.0,23.0,104.0,40.4,5.826086956521739,134.0
female,73,177.0,73.0,16.0,91.0,40.0,5.125,82.0
male,37,180.0,77.0,24.0,104.0,40.5,5.958333333333333,143.0
female,76,149.0,56.0,20.0,92.0,40.8,5.55,111.0
female,34,148.0,48.0,13.0,94.0,40.2,5.076923076923077,66.0
female,23,171.0,70.0,9.0,91.0,39.6,4.333333333333333,39.0
male,31,171.0,73.0,10.0,94.0,39.5,4.1,41.0
female,20,163.0,61.0,6.0,83.0,39.6,3.5,21.0
male,53,197.0,98.0,2.0,81.0,38.2,3.5,7.0
female,21,159.0,56.0,2.0,89.0,38.0,4.0,8.0
female,31,204.0,101.0,6.0,84.0,39.3,3.3333333333333335,20.0
female,53,174.0,66.0,22.0,105.0,40.6,6.363636363636363,140.0
male,77,181.0,91.0,22.0,110.0,40.7,9.090909090909092,200.0
female,39,172.0,72.0,1.0,82.0,37.7,4.0,4.0
male,71,188.0,96.0,2.0,75.0,38.0,3.5,7.0
female,39,162.0,55.0,2.0,82.0,38.1,4.0,8.0
male,31,192.0,92.0,4.0,93.0,39.1,4.25,17.0
female,43,145.0,55.0,3.0,83.0,38.4,4.0,12.0
male,35,179.0,86.0,25.0,109.0,40.9,6.8,170.0
female,57,188.0,88.0,5.0,78.0,39.1,3.2,16.0
female,45,159.0,65.0,27.0,113.0,40.8,7.111111111111111,192.0
male,53,179.0,89.0,8.0,92.0,39.7,5.125,41.0
female,73,171.0,69.0,15.0,97.0,40.3,5.866666666666666,88.0
male,71,183.0,80.0,6.0,84.0,39.0,4.666666666666667,28.0
female,29,169.0,68.0,26.0,108.0,40.3,6.230769230769231,162.0
male,23,189.0,81.0,23.0,101.0,40.5,4.913043478260869,113.0
female,50,158.0,58.0,17.0,95.0,40.1,5.352941176470588,91.0
male,26,191.0,98.0,11.0,101.0,40.0,5.454545454545454,60.0
female,73,146.0,53.0,18.0,105.0,40.4,6.888888888888889,124.0
female,26,147.0,51.0,19.0,96.0,40.3,5.157894736842105,98.0
female,24,167.0,67.0,30.0,105.0,40.9,5.866666666666666,176.0
female,45,181.0,79.0,1.0,80.0,37.7,3.0,3.0
female,22,156.0,58.0,16.0,102.0,40.4,5.625,90.0
female,31,149.0,48.0,7.0,87.0,39.8,4.285714285714286,30.0
female,68,162.0,63.0,9.0,93.0,39.5,5.444444444444445,49.0
female,21,163.0,58.0,2.0,84.0,38.1,3.5,7.0
female,23,167.0,67.0,14.0,96.0,39.9,4.857142857142857,68.0
male,36,190.0,96.0,17.0,90.0,40.3,4.235294117647059,72.0
female,26,172.0,67.0,22.0,120.0,40.9,7.5,165.0
female,73,167.0,71.0,27.0,98.0,40.7,5.925925925925926,160.0
male,69,189.0,92.0,6.0,90.0,39.1,5.666666666666667,34.0
male,49,181.0,87.0,10.0,92.0,39.8,4.9,49.0
female,37,156.0,53.0,28.0,108.0,40.7,6.607142857142857,185.0
male,70,195.0,98.0,14.0,102.0,40.5,7.714285714285714,108.0
female,39,156.0,52.0,14.0,83.0,40.1,4.0,56.0
female,25,175.0,61.0,2.0,90.0,38.3,4.5,9.0
female,44,172.0,61.0,5.0,82.0,38.9,3.8,19.0
male,71,197.0,92.0,15.0,91.0,40.0,5.933333333333334,89.0
female,59,164.0,63.0,20.0,109.0,40.5,6.95,139.0
male,58,177.0,84.0,8.0,87.0,39.4,4.5,36.0
female,70,152.0,56.0,25.0,105.0,40.9,6.8,170.0
male,69,182.0,87.0,18.0,93.0,40.7,6.055555555555555,109.0
female,22,172.0,65.0,25.0,109.0,40.6,6.28,157.0
female,52,172.0,73.0,16.0,92.0,40.3,4.875,78.0
female,57,167.0,65.0,15.0,97.0,39.9,5.6,84.0
male,70,177.0,80.0,25.0,105.0,40.7,7.76,194.0
female,52,165.0,63.0,16.0,96.0,40.8,5.4375,87.0
female,61,174.0,73.0,25.0,117.0,40.6,7.72,193.0
female,27,148.0,50.0,8.0,91.0,39.4,4.625,37.0
female,73,154.0,56.0,9.0,94.0,39.9,5.666666666666667,51.0
female,73,156.0,59.0,2.0,81.0,37.7,4.5,9.0
male,66,171.0,79.0,11.0,90.0,40.0,5.2727272727272725,58.0
male,61,188.0,86.0,25.0,107.0,40.4,7.76,194.0
female,34,186.0,87.0,5.0,84.0,39.3,3.6,18.0
male,34,170.0,68.0,23.0,103.0,40.5,5.478260869565218,126.0
male,69,168.0,68.0,5.0,80.0,39.2,3.6,18.0
male,24,181.0,78.0,16.0,91.0,39.7,3.375,54.0
male,64,192.0,93.0,14.0,93.0,40.1,5.928571428571429,83.0
male,49,186.0,89.0,26.0,101.0,41.3,6.346153846153846,165.0
male,22,194.0,98.0,8.0,94.0,39.6,4.125,33.0
male,24,180.0,84.0,21.0,98.0,40.6,4.571428571428571,96.0
male,47,182.0,82.0,19.0,104.0,40.3,6.526315789473684,124.0
female,35,182.0,70.0,2.0,83.0,38.4,3.5,7.0
female,77,169.0,65.0,29.0,106.0,40.9,6.931034482758621,201.0
female,21,136.0,45.0,16.0,102.0,40.5,5.75,92.0
female,31,169.0,67.0,29.0,98.0,41.0,5.241379310344827,152.0
female,61,151.0,55.0,11.0,90.0,39.3,5.090909090909091,56.0
male,22,197.0,96.0,26.0,102.0,41.0,5.346153846153846,139.0
female,32,163.0,63.0,26.0,109.0,40.7,6.461538461538462,168.0
male,32,187.0,84.0,11.0,82.0,39.9,2.5454545454545454,28.0
male,40,201.0,98.0,21.0,108.0,40.7,7.142857142857143,150.0
female,27,168.0,68.0,4.0,90.0,39.0,4.25,17.0
female,68,151.0,59.0,14.0,91.0,40.4,5.214285714285714,73.0
male,39,181.0,81.0,3.0,77.0,37.9,2.0,6.0
female,43,172.0,69.0,3.0,84.0,38.8,4.0,12.0
female,41,170.0,68.0,22.0,95.0,40.5,5.090909090909091,112.0
male,31,198.0,99.0,28.0,107.0,40.9,6.607142857142857,185.0
male,38,189.0,91.0,24.0,100.0,40.5,5.708333333333333,137.0
female,35,170.0,66.0,15.0,89.0,40.2,4.333333333333333,65.0
female,54,148.0,54.0,18.0,98.0,40.3,5.833333333333333,105.0
male,28,184.0,85.0,8.0,94.0,39.4,4.25,34.0
male,39,187.0,90.0,13.0,105.0,39.9,6.461538461538462,84.0
female,40,163.0,62.0,27.0,111.0,41.2,6.851851851851852,185.0
female,29,178.0,68.0,5.0,77.0,39.2,3.0,15.0
male,50,176.0,82.0,5.0,86.0,39.2,4.0,20.0
female,29,164.0,67.0,18.0,95.0,40.3,4.888888888888889,88.0
male,49,194.0,94.0,29.0,118.0,40.8,9.0,261.0
male,39,186.0,86.0,4.0,88.0,38.6,3.75,15.0
female,42,169.0,69.0,13.0,94.0,39.6,5.0,65.0
female,39,160.0,56.0,16.0,94.0,40.4,5.0625,81.0
female,51,152.0,56.0,4.0,86.0,38.5,4.5,18.0
female,23,159.0,57.0,17.0,90.0,40.2,4.352941176470588,74.0
female,48,166.0,66.0,6.0,92.0,38.7,4.833333333333333,29.0
female,58,167.0,62.0,28.0,105.0,40.7,6.535714285714286,183.0
male,51,174.0,80.0,18.0,82.0,40.4,3.388888888888889,61.0
male,45,181.0,78.0,16.0,88.0,40.3,3.9375,63.0
female,35,154.0,54.0,15.0,97.0,40.2,5.4,81.0
male,50,179.0,78.0,5.0,92.0,39.3,4.8,24.0
female,62,167.0,63.0,20.0,107.0,40.6,6.8,136.0
female,78,172.0,72.0,9.0,96.0,39.7,5.777777777777778,52.0
female,31,165.0,62.0,5.0,80.0,38.8,3.4,17.0
female,25,156.0,59.0,6.0,89.0,39.2,4.333333333333333,26.0
male,40,204.0,105.0,28.0,111.0,41.0,7.75,217.0
male,22,175.0,75.0,15.0,97.0,40.3,4.133333333333334,62.0
female,40,160.0,61.0,29.0,115.0,41.1,7.275862068965517,211.0
male,29,180.0,84.0,7.0,88.0,39.6,3.2857142857142856,23.0
female,71,169.0,74.0,13.0,98.0,40.1,5.846153846153846,76.0
male,28,193.0,96.0,25.0,109.0,40.8,6.68,167.0
male,47,173.0,71.0,27.0,102.0,40.5,6.0,162.0
male,57,184.0,82.0,12.0,100.0,39.9,6.416666666666667,77.0
male,27,189.0,96.0,20.0,108.0,40.6,6.5,130.0
female,69,163.0,62.0,19.0,94.0,40.3,5.526315789473684,105.0
male,53,179.0,79.0,9.0,86.0,39.7,4.111111111111111,37.0
female,22,159.0,58.0,15.0,94.0,40.3,4.733333333333333,71.0
female,34,181.0,75.0,27.0,108.0,40.9,6.222222222222222,168.0
female,47,166.0,63.0,13.0,99.0,40.2,5.6923076923076925,74.0
female,24,161.0,58.0,18.0,96.0,40.5,5.0,90.0
female,22,153.0,51.0,9.0,85.0,39.8,3.888888888888889,35.0
male,24,195.0,98.0,20.0,105.0,40.6,5.95,119.0
female,36,172.0,68.0,19.0,98.0,40.2,5.315789473684211,101.0
female,53,151.0,49.0,27.0,105.0,41.0,6.62962962962963,179.0
male,33,200.0,97.0,2.0,82.0,38.0,3.0,6.0
male,40,196.0,97.0,12.0,92.0,39.7,4.75,57.0
female,43,151.0,52.0,18.0,103.0,40.6,6.166666666666667,111.0
male,21,175.0,74.0,28.0,107.0,41.0,5.571428571428571,156.0
male,22,172.0,74.0,8.0,85.0,39.5,2.25,18.0
male,42,179.0,81.0,16.0,87.0,40.3,3.75,60.0
male,47,198.0,97.0,7.0,91.0,39.3,4.857142857142857,34.0
female,46,166.0,58.0,10.0,93.0,39.6,5.1,51.0
male,62,180.0,87.0,16.0,96.0,39.8,6.1875,99.0
male,29,189.0,85.0,22.0,102.0,40.5,5.454545454545454,120.0
female,26,171.0,70.0,16.0,98.0,40.3,5.125,82.0
female,44,171.0,64.0,29.0,103.0,40.9,6.0344827586206895,175.0
male,29,180.0,82.0,14.0,86.0,40.2,3.0,42.0
female,23,158.0,55.0,16.0,111.0,40.6,6.625,106.0
male,41,175.0,83.0,30.0,108.0,41.0,6.9,207.0
male,29,170.0,75.0,9.0,93.0,39.9,3.888888888888889,35.0
female,52,154.0,55.0,1.0,67.0,38.0,2.0,2.0
female,22,161.0,64.0,8.0,93.0,39.7,4.625,37.0
female,52,169.0,70.0,21.0,108.0,40.8,6.619047619047619,139.0
female,43,175.0,72.0,23.0,100.0,40.7,5.565217391304348,128.0
male,67,170.0,75.0,23.0,107.0,40.7,7.826086956521739,180.0
male,49,192.0,96.0,5.0,93.0,39.1,5.2,26.0
male,22,179.0,80.0,26.0,101.0,40.9,4.846153846153846,126.0
male,73,191.0,99.0,26.0,104.0,41.1,8.153846153846153,212.0
female,45,164.0,67.0,15.0,88.0,40.2,4.4,66.0
female,51,151.0,55.0,10.0,93.0,40.3,5.2,52.0
female,21,153.0,56.0,29.0,115.0,40.9,7.0344827586206895,204.0
male,70,214.0,113.0,21.0,100.0,40.8,7.714285714285714,162.0
male,36,173.0,72.0,23.0,111.0,40.8,6.869565217391305,158.0
female,64,182.0,78.0,8.0,97.0,39.4,5.5,44.0
male,77,207.0,105.0,13.0,101.0,39.9,8.076923076923077,105.0
female,69,163.0,68.0,16.0,95.0,40.3,5.5625,89.0
male,27,184.0,78.0,15.0,100.0,40.1,4.866666666666666,73.0
male,36,175.0,76.0,22.0,99.0,40.7,5.136363636363637,113.0
male,59,182.0,81.0,5.0,79.0,39.0,3.4,17.0
female,25,176.0,73.0,25.0,109.0,40.8,6.2,155.0
male,68,185.0,90.0,12.0,87.0,40.3,5.166666666666667,62.0
male,22,184.0,88.0,24.0,104.0,40.2,5.458333333333333,131.0
female,22,149.0,49.0,16.0,93.0,40.2,4.75,76.0
female,60,163.0,59.0,28.0,102.0,40.4,6.285714285714286,176.0
male,23,179.0,82.0,15.0,91.0,40.2,3.4,51.0
female,48,180.0,71.0,14.0,91.0,40.2,4.714285714285714,66.0
female,56,156.0,55.0,2.0,76.0,38.8,3.5,7.0
female,27,172.0,66.0,12.0,94.0,39.7,4.75,57.0
male,25,189.0,86.0,22.0,101.0,40.6,5.136363636363637,113.0
male,37,197.0,100.0,5.0,87.0,39.1,3.8,19.0
male,52,203.0,107.0,20.0,100.0,40.4,6.75,135.0
female,26,147.0,54.0,18.0,103.0,40.1,5.833333333333333,105.0
male,54,181.0,81.0,4.0,79.0,38.6,3.0,12.0
female,61,149.0,52.0,4.0,85.0,38.8,4.5,18.0
male,74,195.0,97.0,8.0,94.0,39.5,6.625,53.0
female,39,152.0,50.0,15.0,91.0,40.1,4.866666666666666,73.0
female,45,187.0,88.0,21.0,103.0,40.6,5.714285714285714,120.0
male,36,187.0,89.0,10.0,93.0,39.7,4.5,45.0
male,35,181.0,82.0,23.0,105.0,40.5,6.130434782608695,141.0
female,27,162.0,56.0,25.0,115.0,40.6,7.12,178.0
female,76,164.0,64.0,4.0,78.0,39.1,4.0,16.0
female,24,174.0,63.0,17.0,95.0,40.3,4.823529411764706,82.0
male,26,191.0,88.0,3.0,79.0,38.5,2.0,6.0
male,38,190.0,87.0,28.0,99.0,41.1,5.464285714285714,153.0
male,20,196.0,95.0,10.0,89.0,40.0,3.3,33.0
male,36,184.0,82.0,13.0,89.0,40.0,3.769230769230769,49.0
female,31,171.0,70.0,17.0,90.0,40.5,4.352941176470588,74.0
male,57,185.0,80.0,7.0,93.0,39.4,5.285714285714286,37.0
female,54,182.0,85.0,28.0,107.0,40.8,6.357142857142857,178.0
female,55,166.0,66.0,10.0,94.0,39.6,5.2,52.0
male,38,169.0,78.0,6.0,97.0,39.5,5.0,30.0
female,66,166.0,65.0,14.0,100.0,40.5,6.071428571428571,85.0
female,25,162.0,59.0,3.0,90.0,38.6,4.333333333333333,13.0
male,26,196.0,96.0,13.0,89.0,40.3,3.6153846153846154,47.0
male,38,183.0,83.0,30.0,104.0,40.9,6.133333333333334,184.0
male,38,188.0,89.0,4.0,82.0,39.0,3.0,12.0
male,31,207.0,111.0,6.0,92.0,39.3,4.666666666666667,28.0
female,31,145.0,47.0,3.0,80.0,38.4,3.6666666666666665,11.0
male,20,206.0,95.0,17.0,86.0,40.5,2.823529411764706,48.0
female,39,149.0,51.0,26.0,100.0,40.4,5.8076923076923075,151.0
male,32,188.0,94.0,19.0,95.0,40.6,4.7368421052631575,90.0
female,45,170.0,62.0,8.0,86.0,39.4,4.25,34.0
female,37,168.0,67.0,2.0,88.0,38.2,4.5,9.0
female,72,162.0,65.0,19.0,93.0,40.5,5.421052631578948,103.0
female,29,138.0,45.0,13.0,101.0,40.1,5.846153846153846,76.0
male,22,183.0,91.0,29.0,114.0,41.0,7.0344827586206895,204.0
female,29,150.0,49.0,4.0,73.0,39.3,2.75,11.0
male,60,187.0,92.0,3.0,81.0,38.8,4.0,12.0
male,31,181.0,83.0,4.0,81.0,38.6,2.25,9.0
female,37,179.0,75.0,4.0,89.0,38.8,4.25,17.0
female,21,170.0,64.0,26.0,106.0,40.7,5.961538461538462,155.0
female,39,161.0,64.0,9.0,81.0,39.6,3.5555555555555554,32.0
male,57,179.0,87.0,29.0,105.0,41.1,7.275862068965517,211.0
female,25,173.0,65.0,18.0,96.0,40.4,4.944444444444445,89.0
female,22,159.0,58.0,6.0,85.0,39.0,3.8333333333333335,23.0
female,32,149.0,51.0,5.0,85.0,39.1,4.0,20.0
male,60,187.0,92.0,25.0,112.0,40.8,8.6,215.0
male,23,175.0,75.0,15.0,97.0,40.3,4.2,63.0
female,20,168.0,59.0,2.0,85.0,37.9,4.0,8.0
male,52,190.0,94.0,25.0,107.0,41.0,7.52,188.0
male,44,183.0,84.0,3.0,84.0,38.4,3.3333333333333335,10.0
male,79,190.0,95.0,20.0,101.0,40.6,7.9,158.0
male,27,188.0,93.0,20.0,98.0,40.9,4.9,98.0
female,29,180.0,71.0,30.0,115.0,41.0,6.966666666666667,209.0
female,39,159.0,59.0,5.0,88.0,39.3,4.4,22.0
female,30,152.0,60.0,11.0,98.0,39.7,5.2727272727272725,58.0
female,31,178.0,76.0,14.0,98.0,40.3,5.071428571428571,71.0
male,28,202.0,99.0,15.0,88.0,39.9,3.6,54.0
female,25,177.0,73.0,15.0,95.0,39.9,4.733333333333333,71.0
male,33,174.0,79.0,17.0,100.0,40.5,5.235294117647059,89.0
female,28,170.0,71.0,18.0,102.0,40.2,5.555555555555555,100.0
female,72,153.0,58.0,12.0,90.0,40.0,5.25,63.0
female,28,142.0,44.0,7.0,93.0,39.0,5.0,35.0
female,38,159.0,59.0,22.0,94.0,40.4,5.045454545454546,111.0
female,21,178.0,74.0,12.0,101.0,39.7,5.25,63.0
male,59,181.0,85.0,21.0,97.0,40.7,6.142857142857143,129.0
male,33,187.0,86.0,30.0,106.0,40.5,6.266666666666667,188.0
female,22,162.0,64.0,2.0,78.0,38.6,3.0,6.0
male,45,191.0,95.0,28.0,105.0,41.0,6.892857142857143,193.0
female,40,150.0,49.0,22.0,92.0,40.2,5.0,110.0
male,66,188.0,98.0,26.0,114.0,40.7,9.307692307692308,242.0
male,46,194.0,88.0,1.0,80.0,37.6,3.0,3.0
female,23,166.0,66.0,17.0,93.0,40.2,4.588235294117647,78.0
female,20,180.0,71.0,22.0,104.0,40.4,5.636363636363637,124.0
male,57,183.0,89.0,14.0,95.0,40.2,5.857142857142857,82.0
female,52,158.0,61.0,14.0,99.0,40.2,5.785714285714286,81.0
female,51,168.0,66.0,6.0,82.0,39.7,3.8333333333333335,23.0
male,30,175.0,78.0,22.0,100.0,40.3,5.045454545454546,111.0
male,32,167.0,66.0,5.0,83.0,39.3,2.4,12.0
male,55,217.0,126.0,17.0,91.0,40.4,5.9411764705882355,101.0
male,53,187.0,90.0,14.0,87.0,40.2,4.428571428571429,62.0
male,26,181.0,80.0,11.0,91.0,39.4,3.5454545454545454,39.0
female,24,163.0,57.0,3.0,85.0,38.5,4.0,12.0
female,66,175.0,72.0,22.0,101.0,40.5,6.090909090909091,134.0
female,67,175.0,72.0,13.0,95.0,40.3,5.461538461538462,71.0
female,46,165.0,69.0,3.0,74.0,38.5,3.0,9.0
female,69,157.0,58.0,5.0,84.0,39.1,4.6,23.0
female,64,172.0,70.0,13.0,97.0,39.8,5.6923076923076925,74.0
male,25,181.0,81.0,23.0,101.0,40.8,5.0,115.0
female,59,181.0,78.0,29.0,103.0,41.0,6.103448275862069,177.0
female,57,173.0,71.0,19.0,97.0,40.8,5.526315789473684,105.0
female,71,168.0,68.0,12.0,90.0,39.9,5.083333333333333,61.0
male,38,177.0,79.0,21.0,99.0,40.6,5.285714285714286,111.0
male,44,172.0,81.0,5.0,82.0,38.9,3.0,15.0
female,36,154.0,51.0,14.0,91.0,40.2,4.785714285714286,67.0
female,73,140.0,44.0,12.0,95.0,40.3,6.0,72.0
male,51,203.0,104.0,6.0,79.0,39.3,3.5,21.0
male,69,188.0,89.0,6.0,88.0,39.4,5.333333333333333,32.0
male,42,186.0,83.0,11.0,94.0,40.1,4.818181818181818,53.0
female,47,172.0,75.0,30.0,104.0,40.7,6.033333333333333,181.0
female,69,165.0,67.0,27.0,106.0,40.9,6.7407407407407405,182.0
female,23,169.0,67.0,21.0,94.0,40.4,4.666666666666667,98.0
male,60,192.0,98.0,10.0,91.0,39.8,5.6,56.0
female,30,166.0,61.0,3.0,82.0,39.1,3.6666666666666665,11.0
male,55,200.0,99.0,26.0,95.0,41.0,5.961538461538462,155.0
male,71,183.0,84.0,14.0,97.0,40.1,6.714285714285714,94.0
male,44,166.0,75.0,3.0,93.0,38.6,4.666666666666667,14.0
male,51,190.0,102.0,26.0,105.0,40.7,7.3076923076923075,190.0
female,45,153.0,56.0,23.0,98.0,40.3,5.608695652173913,129.0
female,32,151.0,52.0,15.0,99.0,40.0,5.533333333333333,83.0
male,26,193.0,94.0,11.0,90.0,40.1,3.727272727272727,41.0
male,40,177.0,84.0,7.0,90.0,39.8,4.142857142857143,29.0
female,36,175.0,70.0,5.0,92.0,39.0,4.6,23.0
male,26,179.0,81.0,26.0,103.0,40.5,5.384615384615385,140.0
male,49,165.0,70.0,26.0,99.0,40.7,5.615384615384615,146.0
male,22,184.0,87.0,27.0,103.0,40.8,5.296296296296297,143.0
female,25,152.0,49.0,26.0,108.0,40.7,6.423076923076923,167.0
male,39,185.0,87.0,7.0,88.0,39.7,3.857142857142857,27.0
female,51,183.0,83.0,23.0,90.0,40.4,4.521739130434782,104.0
male,21,183.0,85.0,23.0,106.0,40.4,5.6521739130434785,130.0
male,30,190.0,89.0,16.0,95.0,40.1,4.5,72.0
female,43,181.0,80.0,10.0,91.0,39.9,4.5,45.0
male,78,191.0,94.0,4.0,87.0,38.7,5.75,23.0
male,58,194.0,90.0,16.0,97.0,40.3,6.1875,99.0
female,32,159.0,58.0,7.0,90.0,39.6,4.571428571428571,32.0
male,37,176.0,79.0,29.0,105.0,40.6,6.137931034482759,178.0
female,60,173.0,71.0,14.0,93.0,40.1,5.142857142857143,72.0
female,53,172.0,71.0,8.0,89.0,39.7,4.625,37.0
female,49,153.0,57.0,21.0,101.0,40.3,6.0,126.0
female,41,155.0,56.0,20.0,96.0,40.4,5.35,107.0
female,26,167.0,63.0,24.0,99.0,40.9,5.291666666666667,127.0
female,62,167.0,65.0,11.0,97.0,39.9,5.7272727272727275,63.0
male,54,189.0,92.0,8.0,91.0,39.8,5.125,41.0
female,20,168.0,60.0,28.0,101.0,41.3,5.464285714285714,153.0
female,48,169.0,69.0,7.0,88.0,39.3,4.428571428571429,31.0
female,26,154.0,56.0,5.0,85.0,39.4,4.0,20.0
female,58,163.0,67.0,20.0,100.0,40.7,5.9,118.0
male,26,165.0,68.0,1.0,89.0,37.6,3.0,3.0
female,34,179.0,68.0,19.0,102.0,40.6,5.684210526315789,108.0
female,35,161.0,57.0,12.0,94.0,39.9,5.0,60.0
male,25,201.0,107.0,4.0,78.0,38.8,2.0,8.0
male,61,191.0,96.0,26.0,107.0,41.2,7.961538461538462,207.0
female,23,169.0,66.0,16.0,97.0,40.0,5.0,80.0
male,35,187.0,94.0,18.0,105.0,40.5,6.388888888888889,115.0
female,25,165.0,68.0,1.0,78.0,37.5,3.0,3.0
male,44,192.0,91.0,4.0,90.0,39.1,4.5,18.0
male,25,204.0,103.0,10.0,93.0,40.0,4.3,43.0
female,21,154.0,55.0,7.0,93.0,39.5,4.714285714285714,33.0
female,40,157.0,56.0,4.0,87.0,38.4,4.25,17.0
female,21,153.0,57.0,11.0,92.0,39.8,4.545454545454546,50.0
female,39,156.0,59.0,13.0,94.0,40.2,5.076923076923077,66.0
male,74,187.0,88.0,9.0,88.0,39.4,5.555555555555555,50.0
female,53,172.0,73.0,6.0,75.0,39.5,3.0,18.0
female,35,149.0,54.0,21.0,111.0,40.5,6.857142857142857,144.0
male,29,186.0,85.0,22.0,98.0,40.4,4.863636363636363,107.0
male,21,160.0,68.0,6.0,90.0,39.4,2.8333333333333335,17.0
male,63,187.0,94.0,5.0,94.0,39.2,6.0,30.0
female,66,162.0,64.0,29.0,110.0,40.8,7.172413793103448,208.0
female,31,147.0,48.0,17.0,91.0,40.5,4.764705882352941,81.0
female,48,168.0,64.0,24.0,106.0,40.7,6.416666666666667,154.0
female,62,154.0,59.0,16.0,107.0,40.2,6.875,110.0
female,53,166.0,60.0,7.0,83.0,39.3,4.142857142857143,29.0
male,50,184.0,90.0,28.0,107.0,40.9,7.321428571428571,205.0
male,37,180.0,85.0,22.0,96.0,40.8,4.909090909090909,108.0
female,25,163.0,64.0,7.0,97.0,39.7,5.0,35.0
female,74,156.0,60.0,10.0,88.0,39.6,5.0,50.0
male,33,184.0,81.0,13.0,91.0,40.0,3.923076923076923,51.0
male,67,187.0,94.0,14.0,97.0,40.1,6.714285714285714,94.0
male,25,192.0,98.0,28.0,104.0,40.8,5.821428571428571,163.0
female,55,163.0,64.0,17.0,102.0,39.9,6.117647058823529,104.0
female,24,169.0,68.0,22.0,105.0,40.5,5.818181818181818,128.0
male,20,179.0,79.0,28.0,107.0,40.9,5.642857142857143,158.0
male,74,195.0,99.0,7.0,86.0,39.8,5.571428571428571,39.0
male,41,165.0,69.0,25.0,108.0,41.2,6.6,165.0
female,44,161.0,66.0,2.0,82.0,38.5,4.0,8.0
male,65,188.0,90.0,18.0,103.0,40.3,7.444444444444445,134.0
male,48,167.0,67.0,29.0,112.0,40.9,7.482758620689655,217.0
male,28,186.0,93.0,25.0,109.0,41.2,6.64,166.0
male,21,206.0,114.0,17.0,103.0,40.3,5.823529411764706,99.0
female,45,184.0,85.0,22.0,94.0,40.4,4.818181818181818,106.0
female,35,169.0,69.0,23.0,96.0,40.7,5.043478260869565,116.0
female,49,165.0,68.0,3.0,82.0,38.8,3.6666666666666665,11.0
male,50,202.0,102.0,2.0,81.0,38.3,3.5,7.0
male,37,196.0,100.0,9.0,85.0,39.4,3.5555555555555554,32.0
male,21,186.0,79.0,19.0,97.0,40.8,4.157894736842105,79.0
male,73,180.0,82.0,2.0,79.0,38.2,4.0,8.0
female,20,166.0,64.0,2.0,74.0,38.2,2.5,5.0
male,79,198.0,96.0,9.0,87.0,39.7,5.777777777777778,52.0
male,28,202.0,97.0,11.0,91.0,39.7,4.0,44.0
male,40,189.0,92.0,26.0,116.0,40.9,8.23076923076923,214.0
female,28,168.0,70.0,17.0,96.0,40.4,4.9411764705882355,84.0
female,50,174.0,68.0,17.0,93.0,40.2,5.0,85.0
female,42,164.0,57.0,20.0,99.0,40.7,5.65,113.0
male,73,197.0,100.0,10.0,88.0,39.9,5.8,58.0
male,37,175.0,74.0,22.0,103.0,40.3,5.7272727272727275,126.0
male,22,183.0,78.0,14.0,109.0,39.9,6.0,84.0
female,56,180.0,76.0,7.0,92.0,39.2,4.857142857142857,34.0
female,62,153.0,59.0,23.0,104.0,41.0,6.521739130434782,150.0
female,20,168.0,67.0,5.0,82.0,39.4,3.4,17.0
male,54,195.0,100.0,25.0,106.0,40.7,7.56,189.0
female,23,171.0,67.0,25.0,112.0,40.5,6.6,165.0
female,74,158.0,60.0,9.0,87.0,39.6,4.888888888888889,44.0
male,72,179.0,86.0,26.0,100.0,40.7,7.230769230769231,188.0
male,26,197.0,90.0,24.0,104.0,40.7,5.708333333333333,137.0
female,23,160.0,59.0,11.0,88.0,40.2,4.090909090909091,45.0
female,25,159.0,57.0,15.0,99.0,40.2,5.333333333333333,80.0
female,58,174.0,69.0,28.0,117.0,40.8,7.714285714285714,216.0
male,20,199.0,105.0,21.0,99.0,40.5,5.0,105.0
male,41,189.0,91.0,14.0,95.0,40.0,5.071428571428571,71.0
male,29,176.0,79.0,4.0,82.0,39.1,2.25,9.0
female,20,152.0,50.0,22.0,102.0,40.8,5.681818181818182,125.0
male,53,184.0,83.0,13.0,95.0,39.8,5.538461538461538,72.0
female,49,175.0,70.0,17.0,101.0,40.5,5.823529411764706,99.0
female,55,183.0,82.0,27.0,109.0,40.7,6.62962962962963,179.0
male,24,167.0,66.0,27.0,100.0,40.5,4.481481481481482,121.0
male,20,188.0,88.0,11.0,101.0,40.1,4.909090909090909,54.0
male,61,180.0,89.0,25.0,110.0,40.8,8.28,207.0
male,70,189.0,89.0,6.0,91.0,39.2,5.833333333333333,35.0
female,53,169.0,65.0,18.0,99.0,40.5,5.777777777777778,104.0
male,63,200.0,98.0,28.0,105.0,40.9,7.821428571428571,219.0
male,42,173.0,74.0,16.0,97.0,40.3,5.0625,81.0
male,52,189.0,90.0,2.0,87.0,38.0,4.5,9.0
male,24,178.0,78.0,22.0,102.0,40.7,5.045454545454546,111.0
female,39,191.0,80.0,15.0,93.0,40.1,4.666666666666667,70.0
female,20,171.0,63.0,5.0,87.0,39.0,4.0,20.0
female,22,176.0,71.0,1.0,78.0,37.7,3.0,3.0
female,50,184.0,83.0,27.0,107.0,40.7,6.296296296296297,170.0
male,38,179.0,86.0,24.0,103.0,40.6,6.041666666666667,145.0
male,68,190.0,90.0,6.0,84.0,39.3,4.666666666666667,28.0
female,66,157.0,58.0,15.0,88.0,40.4,4.933333333333334,74.0
male,39,184.0,86.0,3.0,85.0,38.3,3.3333333333333335,10.0
male,48,190.0,83.0,11.0,99.0,39.8,5.909090909090909,65.0
female,51,165.0,70.0,25.0,102.0,40.7,5.96,149.0
female,23,166.0,68.0,4.0,77.0,39.0,2.75,11.0
male,34,173.0,71.0,28.0,113.0,40.7,7.035714285714286,197.0
female,31,170.0,64.0,10.0,99.0,39.8,5.4,54.0
female,45,154.0,52.0,26.0,107.0,40.6,6.653846153846154,173.0
female,25,157.0,58.0,24.0,100.0,40.5,5.458333333333333,131.0
male,58,175.0,80.0,14.0,93.0,40.1,5.357142857142857,75.0
female,32,156.0,56.0,9.0,88.0,39.5,4.333333333333333,39.0
female,25,159.0,59.0,8.0,92.0,40.0,4.625,37.0
male,52,201.0,107.0,4.0,76.0,38.7,3.0,12.0
female,22,162.0,55.0,10.0,94.0,39.7,4.8,48.0
male,36,162.0,69.0,12.0,90.0,40.2,3.6666666666666665,44.0
male,33,167.0,69.0,15.0,87.0,40.5,3.0,45.0
male,40,181.0,79.0,12.0,89.0,39.7,3.9166666666666665,47.0
male,25,167.0,69.0,2.0,88.0,38.4,3.0,6.0
female,65,148.0,50.0,2.0,83.0,38.1,4.5,9.0
female,69,178.0,78.0,12.0,91.0,40.1,5.0,60.0
male,69,185.0,93.0,22.0,99.0,40.7,7.090909090909091,156.0
female,29,167.0,67.0,10.0,90.0,40.2,4.3,43.0
male,55,181.0,87.0,1.0,75.0,37.8,3.0,3.0
female,20,172.0,71.0,5.0,73.0,39.1,2.4,12.0
male,36,181.0,84.0,17.0,93.0,40.6,4.411764705882353,75.0
female,43,178.0,78.0,16.0,96.0,40.3,5.0625,81.0
male,39,185.0,90.0,13.0,100.0,40.0,5.769230769230769,75.0
female,23,168.0,63.0,25.0,101.0,40.6,5.48,137.0
female,52,171.0,67.0,15.0,89.0,40.6,4.666666666666667,70.0
female,73,160.0,58.0,13.0,102.0,40.1,6.538461538461538,85.0
male,63,182.0,86.0,14.0,96.0,40.1,6.214285714285714,87.0
male,68,173.0,77.0,12.0,91.0,39.8,5.5,66.0
male,53,186.0,91.0,12.0,88.0,40.0,4.583333333333333,55.0
female,65,178.0,78.0,17.0,99.0,40.5,5.764705882352941,98.0
male,49,184.0,91.0,14.0,96.0,40.1,5.642857142857143,79.0
male,78,183.0,83.0,10.0,93.0,40.0,6.4,64.0
female,35,157.0,52.0,9.0,89.0,39.7,4.555555555555555,41.0
female,39,179.0,76.0,6.0,82.0,39.4,3.5,21.0
female,45,159.0,53.0,22.0,97.0,40.5,5.545454545454546,122.0
female,59,157.0,61.0,7.0,90.0,39.4,5.0,35.0
male,33,172.0,79.0,13.0,98.0,39.9,4.923076923076923,64.0
female,20,154.0,55.0,13.0,88.0,40.2,4.153846153846154,54.0
female,53,160.0,59.0,19.0,100.0,40.3,5.947368421052632,113.0
female,25,184.0,81.0,10.0,86.0,39.9,3.6,36.0
female,35,163.0,56.0,24.0,108.0,40.8,6.5,156.0
male,21,186.0,86.0,28.0,107.0,40.7,5.821428571428571,163.0
male,76,188.0,93.0,8.0,93.0,39.7,6.5,52.0
male,68,175.0,81.0,6.0,79.0,39.3,3.8333333333333335,23.0
female,24,179.0,76.0,20.0,114.0,40.3,6.7,134.0
male,74,201.0,108.0,5.0,87.0,38.9,5.8,29.0
male,75,191.0,93.0,24.0,103.0,40.6,8.0,192.0
female,48,171.0,70.0,13.0,95.0,40.4,5.153846153846154,67.0
female,72,184.0,79.0,23.0,110.0,40.5,7.086956521739131,163.0
female,50,166.0,65.0,4.0,86.0,39.0,4.25,17.0
female,75,156.0,60.0,7.0,81.0,39.5,4.285714285714286,30.0
female,21,158.0,54.0,19.0,84.0,40.4,3.736842105263158,71.0
male,30,182.0,84.0,8.0,85.0,39.7,2.875,23.0
male,74,185.0,83.0,17.0,100.0,40.2,7.294117647058823,124.0
female,68,164.0,61.0,19.0,100.0,40.6,6.157894736842105,117.0
male,24,182.0,76.0,26.0,114.0,40.7,6.8076923076923075,177.0
male,36,187.0,93.0,29.0,111.0,41.0,7.310344827586207,212.0
male,66,190.0,94.0,25.0,101.0,40.8,7.28,182.0
female,42,159.0,58.0,7.0,84.0,39.4,4.0,28.0
male,51,168.0,72.0,12.0,93.0,40.2,4.833333333333333,58.0
male,68,192.0,97.0,24.0,98.0,40.5,7.0,168.0
female,40,171.0,72.0,23.0,102.0,40.9,5.739130434782608,132.0
female,22,175.0,64.0,29.0,108.0,40.5,6.172413793103448,179.0
female,32,188.0,82.0,8.0,84.0,39.6,3.5,28.0
female,27,170.0,70.0,14.0,93.0,40.0,4.571428571428571,64.0
male,66,182.0,84.0,4.0,87.0,38.9,5.0,20.0
male,23,192.0,84.0,10.0,85.0,39.8,2.6,26.0
male,59,182.0,84.0,11.0,97.0,39.9,6.090909090909091,67.0
male,49,191.0,96.0,4.0,86.0,38.8,4.25,17.0
male,53,188.0,86.0,7.0,96.0,39.6,5.714285714285714,40.0
female,34,178.0,74.0,10.0,99.0,39.7,5.3,53.0
female,26,140.0,48.0,9.0,92.0,39.7,4.777777777777778,43.0
male,23,182.0,86.0,20.0,102.0,40.4,5.2,104.0
female,58,149.0,55.0,5.0,85.0,39.1,4.4,22.0
male,28,194.0,95.0,24.0,106.0,40.5,6.208333333333333,149.0
male,65,191.0,91.0,29.0,105.0,41.0,7.758620689655173,225.0
male,26,194.0,90.0,5.0,84.0,39.2,2.6,13.0
male,28,175.0,78.0,10.0,96.0,39.9,4.3,43.0
male,71,187.0,92.0,27.0,109.0,40.4,8.666666666666666,234.0
male,54,190.0,90.0,15.0,91.0,40.0,5.133333333333334,77.0
female,49,169.0,62.0,27.0,101.0,40.6,5.925925925925926,160.0
male,20,179.0,79.0,13.0,88.0,40.1,2.769230769230769,36.0
male,38,185.0,83.0,26.0,106.0,40.7,6.423076923076923,167.0
male,67,181.0,85.0,2.0,76.0,37.9,3.5,7.0
female,38,151.0,56.0,28.0,111.0,40.5,6.892857142857143,193.0
male,71,186.0,82.0,19.0,100.0,40.2,7.105263157894737,135.0
male,28,185.0,86.0,23.0,107.0,40.5,6.173913043478261,142.0
female,32,175.0,68.0,14.0,90.0,40.4,4.357142857142857,61.0
male,21,181.0,81.0,15.0,100.0,40.0,4.666666666666667,70.0
female,33,153.0,54.0,17.0,97.0,40.1,5.352941176470588,91.0
male,43,183.0,82.0,27.0,110.0,40.6,7.2592592592592595,196.0
male,50,180.0,79.0,22.0,103.0,40.4,6.5,143.0
male,37,192.0,91.0,24.0,117.0,40.9,8.208333333333334,197.0
female,34,169.0,65.0,2.0,87.0,37.8,4.0,8.0
female,76,151.0,58.0,5.0,88.0,39.2,5.0,25.0
female,74,189.0,85.0,28.0,111.0,40.9,7.142857142857143,200.0
female,39,176.0,76.0,28.0,111.0,40.7,6.642857142857143,186.0
female,40,174.0,69.0,2.0,85.0,37.7,4.0,8.0
female,21,172.0,71.0,10.0,88.0,39.8,3.9,39.0
female,20,158.0,55.0,10.0,82.0,39.7,3.5,35.0
female,35,158.0,58.0,11.0,79.0,39.7,3.3636363636363638,37.0
female,62,167.0,65.0,22.0,103.0,40.9,6.318181818181818,139.0
female,32,157.0,60.0,21.0,97.0,40.5,5.238095238095238,110.0
female,36,160.0,62.0,13.0,99.0,40.1,5.461538461538462,71.0
male,62,194.0,89.0,2.0,83.0,38.4,4.5,9.0
male,45,189.0,89.0,3.0,91.0,38.3,4.666666666666667,14.0
female,62,163.0,67.0,28.0,105.0,40.8,6.535714285714286,183.0
female,28,163.0,57.0,4.0,91.0,38.8,4.5,18.0
male,28,197.0,98.0,7.0,85.0,39.6,3.142857142857143,22.0
male,36,193.0,97.0,15.0,104.0,40.6,6.333333333333333,95.0
female,70,157.0,57.0,29.0,118.0,40.8,8.206896551724139,238.0
male,58,183.0,92.0,29.0,108.0,40.9,7.896551724137931,229.0
female,23,148.0,48.0,13.0,77.0,40.2,3.076923076923077,40.0
male,49,180.0,83.0,21.0,94.0,40.6,5.142857142857143,108.0
female,44,160.0,67.0,17.0,90.0,40.2,4.588235294117647,78.0
female,53,168.0,66.0,11.0,86.0,40.0,4.363636363636363,48.0
male,22,207.0,110.0,1.0,81.0,37.8,2.0,2.0
male,22,177.0,82.0,16.0,97.0,40.0,4.3125,69.0
female,38,159.0,64.0,21.0,104.0,40.3,6.0476190476190474,127.0
male,48,180.0,83.0,16.0,94.0,40.0,5.125,82.0
male,49,203.0,104.0,28.0,108.0,40.9,7.714285714285714,216.0
female,37,156.0,59.0,19.0,101.0,39.9,5.7894736842105265,110.0
male,49,205.0,104.0,11.0,95.0,39.8,5.7272727272727275,63.0
female,57,161.0,61.0,30.0,116.0,41.0,7.7,231.0
female,26,165.0,61.0,19.0,101.0,40.6,5.526315789473684,105.0
female,33,160.0,62.0,4.0,82.0,38.9,3.5,14.0
male,43,205.0,113.0,28.0,119.0,41.0,9.285714285714286,260.0
female,50,161.0,61.0,18.0,99.0,40.5,5.777777777777778,104.0
male,24,180.0,77.0,18.0,96.0,40.4,4.111111111111111,74.0
female,22,158.0,56.0,18.0,97.0,40.4,5.111111111111111,92.0
female,25,185.0,83.0,16.0,105.0,40.3,5.625,90.0
male,33,172.0,79.0,4.0,85.0,38.7,3.0,12.0
female,48,147.0,45.0,23.0,100.0,40.8,6.043478260869565,139.0
female,22,161.0,55.0,29.0,102.0,40.6,5.655172413793103,164.0
female,56,162.0,66.0,7.0,88.0,39.4,4.571428571428571,32.0
female,23,167.0,62.0,23.0,96.0,40.5,4.956521739130435,114.0
female,39,156.0,53.0,17.0,103.0,40.2,6.117647058823529,104.0
male,28,178.0,78.0,14.0,90.0,40.1,3.4285714285714284,48.0
female,67,171.0,67.0,29.0,116.0,41.1,7.793103448275862,226.0
female,54,170.0,70.0,6.0,84.0,39.2,4.166666666666667,25.0
female,56,169.0,65.0,18.0,96.0,40.4,5.5,99.0
female,40,166.0,72.0,10.0,92.0,39.8,4.7,47.0
female,21,165.0,61.0,3.0,84.0,38.7,3.6666666666666665,11.0
female,24,169.0,62.0,14.0,98.0,40.3,5.142857142857143,72.0
female,24,187.0,76.0,25.0,98.0,40.9,4.96,124.0
female,72,186.0,89.0,24.0,100.0,40.9,5.875,141.0
female,30,162.0,57.0,18.0,98.0,40.5,5.333333333333333,96.0
female,23,189.0,79.0,5.0,94.0,38.9,4.4,22.0
female,74,162.0,60.0,16.0,97.0,40.1,6.0,96.0
female,39,164.0,68.0,15.0,89.0,40.4,4.4,66.0
male,51,191.0,92.0,4.0,78.0,38.9,3.0,12.0
male,48,188.0,90.0,1.0,87.0,37.6,4.0,4.0
female,20,176.0,72.0,13.0,90.0,40.2,4.076923076923077,53.0
male,27,186.0,80.0,15.0,103.0,40.0,5.4,81.0
male,72,172.0,77.0,9.0,89.0,39.6,5.333333333333333,48.0
male,20,187.0,86.0,23.0,100.0,40.3,4.739130434782608,109.0
female,65,160.0,60.0,1.0,79.0,37.9,4.0,4.0
female,31,166.0,65.0,5.0,90.0,39.4,4.4,22.0
female,25,168.0,66.0,9.0,91.0,39.7,4.333333333333333,39.0
male,58,196.0,101.0,30.0,109.0,40.8,8.233333333333333,247.0
female,38,160.0,60.0,12.0,99.0,40.3,5.583333333333333,67.0
female,64,168.0,69.0,11.0,85.0,40.2,4.363636363636363,48.0
female,58,174.0,70.0,23.0,102.0,40.5,6.086956521739131,140.0
female,39,165.0,66.0,3.0,76.0,38.5,3.0,9.0
male,54,181.0,82.0,30.0,110.0,40.7,7.8,234.0
male,52,179.0,87.0,21.0,100.0,40.4,6.285714285714286,132.0
female,28,145.0,53.0,11.0,90.0,39.8,4.545454545454546,50.0
male,73,196.0,102.0,26.0,98.0,40.5,7.346153846153846,191.0
female,60,164.0,66.0,27.0,110.0,40.8,7.037037037037037,190.0
male,61,186.0,88.0,21.0,101.0,40.7,6.904761904761905,145.0
female,30,162.0,61.0,20.0,102.0,40.5,5.7,114.0
female,50,144.0,45.0,18.0,98.0,40.3,5.888888888888889,106.0
male,30,196.0,92.0,14.0,95.0,40.4,4.571428571428571,64.0
female,44,169.0,64.0,15.0,94.0,40.4,5.066666666666666,76.0
male,62,189.0,95.0,6.0,88.0,39.3,5.166666666666667,31.0
female,32,162.0,64.0,28.0,105.0,40.5,6.035714285714286,169.0
male,25,181.0,82.0,3.0,81.0,38.7,2.0,6.0
male,42,177.0,77.0,7.0,87.0,39.5,3.5714285714285716,25.0
female,66,158.0,61.0,30.0,112.0,40.9,7.433333333333334,223.0
male,49,180.0,81.0,21.0,103.0,40.4,6.476190476190476,136.0
male,50,195.0,97.0,3.0,81.0,38.4,3.6666666666666665,11.0
female,28,178.0,77.0,22.0,103.0,40.6,5.590909090909091,123.0
female,28,163.0,65.0,8.0,87.0,39.2,4.0,32.0
male,53,199.0,98.0,14.0,92.0,40.4,5.357142857142857,75.0
female,47,172.0,75.0,10.0,82.0,39.8,3.7,37.0
female,24,159.0,58.0,30.0,112.0,40.9,6.733333333333333,202.0
male,76,188.0,90.0,30.0,109.0,40.9,8.866666666666667,266.0
female,41,150.0,51.0,22.0,95.0,40.2,5.318181818181818,117.0
female,54,159.0,57.0,26.0,102.0,41.1,6.1923076923076925,161.0
male,57,191.0,90.0,16.0,104.0,40.3,7.1875,115.0
male,24,189.0,85.0,12.0,92.0,40.1,3.6666666666666665,44.0
male,37,189.0,89.0,9.0,91.0,39.7,4.222222222222222,38.0
male,29,190.0,88.0,10.0,86.0,39.8,3.1,31.0
male,51,164.0,71.0,6.0,81.0,39.4,3.0,18.0
female,53,168.0,63.0,22.0,99.0,40.8,5.7727272727272725,127.0
male,29,173.0,76.0,10.0,96.0,39.9,4.3,43.0
female,65,176.0,72.0,2.0,72.0,37.9,3.0,6.0
female,32,160.0,62.0,28.0,107.0,40.7,6.285714285714286,176.0
male,24,189.0,93.0,20.0,93.0,40.4,4.0,80.0
female,26,171.0,65.0,11.0,101.0,40.0,5.454545454545454,60.0
male,29,196.0,92.0,19.0,96.0,40.4,4.684210526315789,89.0
male,47,173.0,79.0,28.0,111.0,40.5,7.535714285714286,211.0
female,32,164.0,64.0,17.0,101.0,40.1,5.588235294117647,95.0
female,22,165.0,68.0,8.0,85.0,39.7,3.625,29.0
male,21,177.0,82.0,25.0,108.0,40.9,5.88,147.0
female,53,156.0,60.0,26.0,104.0,40.7,6.346153846153846,165.0
female,74,158.0,58.0,15.0,88.0,39.8,5.066666666666666,76.0
male,30,182.0,82.0,11.0,85.0,39.6,2.909090909090909,32.0
male,25,159.0,64.0,14.0,101.0,39.9,4.642857142857143,65.0
male,21,198.0,99.0,27.0,98.0,41.0,4.7407407407407405,128.0
female,39,175.0,70.0,29.0,110.0,41.1,6.620689655172414,192.0
male,44,183.0,82.0,1.0,80.0,37.7,3.0,3.0
female,26,163.0,61.0,17.0,97.0,40.2,5.117647058823529,87.0
male,62,207.0,105.0,9.0,88.0,39.7,5.333333333333333,48.0
male,44,168.0,72.0,28.0,113.0,40.9,7.535714285714286,211.0
female,21,170.0,64.0,4.0,89.0,38.6,4.25,17.0
male,45,187.0,87.0,4.0,83.0,38.9,3.5,14.0
female,43,179.0,75.0,18.0,98.0,40.5,5.333333333333333,96.0
male,42,190.0,91.0,16.0,102.0,40.3,6.1875,99.0
male,52,174.0,78.0,1.0,83.0,37.5,4.0,4.0
male,36,190.0,95.0,7.0,83.0,39.5,3.142857142857143,22.0
female,20,178.0,70.0,5.0,81.0,39.5,3.2,16.0
male,57,189.0,91.0,27.0,108.0,40.8,7.814814814814815,211.0
male,24,189.0,91.0,6.0,89.0,39.0,3.3333333333333335,20.0
male,21,176.0,82.0,25.0,100.0,41.0,4.68,117.0
female,70,181.0,81.0,12.0,85.0,40.0,4.333333333333333,52.0
female,27,159.0,63.0,13.0,93.0,40.1,4.6923076923076925,61.0
female,34,173.0,69.0,22.0,104.0,40.7,5.909090909090909,130.0
female,45,171.0,72.0,3.0,85.0,38.4,4.0,12.0
female,26,175.0,70.0,24.0,100.0,40.8,5.291666666666667,127.0
male,36,174.0,78.0,8.0,85.0,39.6,3.125,25.0
female,43,154.0,54.0,6.0,83.0,39.0,4.0,24.0
male,55,183.0,83.0,4.0,92.0,38.7,5.25,21.0
female,23,174.0,70.0,3.0,78.0,38.3,3.0,9.0
female,77,166.0,66.0,21.0,107.0,40.7,7.0,147.0
male,28,163.0,71.0,20.0,95.0,40.6,4.05,81.0
female,23,155.0,59.0,29.0,101.0,40.9,5.517241379310345,160.0
male,26,186.0,87.0,21.0,103.0,40.6,5.476190476190476,115.0
female,49,173.0,75.0,3.0,81.0,38.5,3.6666666666666665,11.0
male,43,180.0,81.0,30.0,113.0,40.7,7.7,231.0
female,30,168.0,67.0,29.0,107.0,40.9,6.172413793103448,179.0
male,29,179.0,77.0,26.0,97.0,40.9,4.5,117.0
female,39,164.0,69.0,20.0,94.0,40.6,4.9,98.0
female,30,160.0,59.0,19.0,98.0,40.6,5.315789473684211,101.0
male,35,169.0,68.0,7.0,86.0,38.9,3.0,21.0
female,24,162.0,58.0,27.0,114.0,40.8,6.925925925925926,187.0
male,32,194.0,94.0,9.0,83.0,39.6,2.888888888888889,26.0
male,64,177.0,81.0,15.0,93.0,40.0,5.666666666666667,85.0
female,36,174.0,67.0,27.0,110.0,40.8,6.592592592592593,178.0
female,37,153.0,56.0,12.0,90.0,39.9,4.666666666666667,56.0
male,73,167.0,68.0,13.0,93.0,39.9,5.846153846153846,76.0
male,44,194.0,92.0,24.0,98.0,40.8,5.708333333333333,137.0
female,23,162.0,61.0,15.0,102.0,40.2,5.6,84.0
female,53,167.0,61.0,9.0,84.0,39.5,4.222222222222222,38.0
female,78,158.0,58.0,14.0,101.0,40.2,6.5,91.0
male,71,209.0,109.0,18.0,95.0,40.0,6.944444444444445,125.0
male,70,171.0,80.0,30.0,108.0,41.0,8.233333333333333,247.0
female,47,167.0,62.0,15.0,83.0,40.2,4.0,60.0
female,76,157.0,56.0,20.0,96.0,40.3,5.95,119.0
male,51,178.0,85.0,11.0,90.0,40.0,4.7272727272727275,52.0
male,20,189.0,85.0,11.0,95.0,40.0,4.0,44.0
female,32,172.0,65.0,7.0,83.0,39.6,3.7142857142857144,26.0
male,26,188.0,90.0,4.0,80.0,39.0,2.0,8.0
male,72,184.0,85.0,10.0,90.0,39.8,5.7,57.0
female,22,168.0,61.0,27.0,105.0,40.6,5.888888888888889,159.0
female,28,162.0,60.0,3.0,84.0,38.4,3.6666666666666665,11.0
female,24,175.0,66.0,17.0,93.0,40.5,4.588235294117647,78.0
female,34,188.0,78.0,15.0,85.0,40.3,3.7333333333333334,56.0
female,21,176.0,68.0,21.0,105.0,39.9,5.761904761904762,121.0
female,62,166.0,67.0,3.0,84.0,39.1,4.333333333333333,13.0
female,73,176.0,78.0,17.0,99.0,40.4,5.9411764705882355,101.0
female,77,166.0,63.0,19.0,107.0,40.5,7.052631578947368,134.0
male,68,184.0,93.0,21.0,95.0,41.0,6.428571428571429,135.0
female,28,171.0,68.0,4.0,85.0,39.0,3.75,15.0
male,54,173.0,76.0,27.0,107.0,40.6,7.222222222222222,195.0
female,42,153.0,56.0,19.0,102.0,40.5,6.0,114.0
male,50,195.0,89.0,3.0,84.0,38.5,3.6666666666666665,11.0
female,50,176.0,70.0,17.0,103.0,40.7,6.0588235294117645,103.0
male,29,187.0,94.0,2.0,86.0,37.7,3.0,6.0
female,20,165.0,68.0,4.0,79.0,38.7,3.0,12.0
male,56,186.0,85.0,5.0,86.0,38.9,4.4,22.0
female,21,162.0,58.0,1.0,85.0,37.5,4.0,4.0
female,51,152.0,58.0,30.0,117.0,41.3,7.733333333333333,232.0
female,50,164.0,63.0,13.0,102.0,40.0,6.076923076923077,79.0
female,79,161.0,62.0,15.0,94.0,39.6,5.733333333333333,86.0
male,37,183.0,88.0,24.0,104.0,40.4,6.208333333333333,149.0
male,32,178.0,77.0,29.0,112.0,40.5,6.931034482758621,201.0
male,60,191.0,95.0,2.0,72.0,38.1,2.5,5.0
male,24,163.0,66.0,19.0,118.0,40.5,7.2105263157894735,137.0
female,28,157.0,57.0,8.0,85.0,39.9,3.875,31.0
female,20,158.0,57.0,25.0,108.0,40.7,6.24,156.0
male,35,186.0,92.0,24.0,99.0,40.9,5.416666666666667,130.0
male,53,182.0,85.0,2.0,82.0,38.1,3.5,7.0
male,49,187.0,91.0,25.0,99.0,40.8,6.08,152.0
female,54,158.0,63.0,23.0,101.0,40.7,6.0,138.0
female,27,174.0,74.0,4.0,87.0,38.8,4.0,16.0
female,22,151.0,50.0,7.0,98.0,39.5,5.285714285714286,37.0
female,26,162.0,55.0,21.0,103.0,40.6,5.857142857142857,123.0
female,34,160.0,62.0,21.0,106.0,40.6,6.190476190476191,130.0
male,34,156.0,65.0,16.0,96.0,40.1,4.375,70.0
male,34,164.0,74.0,6.0,85.0,39.3,2.8333333333333335,17.0
male,21,182.0,85.0,18.0,104.0,40.5,5.388888888888889,97.0
female,38,164.0,61.0,14.0,89.0,39.9,4.5,63.0
female,32,154.0,57.0,20.0,92.0,40.8,4.75,95.0
female,46,152.0,55.0,14.0,90.0,40.2,4.785714285714286,67.0
female,29,185.0,75.0,30.0,109.0,41.2,6.266666666666667,188.0
male,24,181.0,79.0,18.0,98.0,40.5,4.444444444444445,80.0
male,55,178.0,79.0,4.0,97.0,38.7,5.75,23.0
male,20,193.0,98.0,22.0,100.0,40.7,5.0,110.0
male,40,182.0,81.0,30.0,103.0,41.4,6.033333333333333,181.0
female,31,169.0,63.0,12.0,81.0,40.1,3.5,42.0
female,77,173.0,67.0,3.0,83.0,38.4,4.333333333333333,13.0
male,24,184.0,79.0,24.0,102.0,40.6,5.083333333333333,122.0
male,28,192.0,86.0,26.0,108.0,40.8,6.3076923076923075,164.0
female,25,177.0,75.0,24.0,103.0,40.5,5.541666666666667,133.0
male,63,193.0,94.0,2.0,83.0,37.9,4.5,9.0
male,60,178.0,83.0,25.0,104.0,41.1,7.2,180.0
male,68,187.0,81.0,9.0,87.0,39.6,5.0,45.0
male,74,184.0,83.0,13.0,97.0,39.9,6.846153846153846,89.0
female,22,154.0,49.0,10.0,100.0,40.1,5.5,55.0
male,21,189.0,90.0,23.0,103.0,40.9,5.304347826086956,122.0
male,24,180.0,81.0,23.0,112.0,40.9,6.608695652173913,152.0
female,35,167.0,69.0,11.0,96.0,39.8,5.090909090909091,56.0
female,50,163.0,58.0,16.0,93.0,40.3,5.125,82.0
female,48,150.0,51.0,5.0,85.0,39.2,4.4,22.0
male,50,176.0,86.0,24.0,112.0,40.7,8.0,192.0
female,26,167.0,69.0,16.0,98.0,40.2,5.125,82.0
female,39,170.0,72.0,6.0,89.0,38.9,4.333333333333333,26.0
female,21,151.0,49.0,14.0,101.0,40.3,5.642857142857143,79.0
male,59,179.0,85.0,7.0,85.0,39.3,4.285714285714286,30.0
male,79,185.0,90.0,20.0,94.0,40.6,6.75,135.0
female,36,164.0,60.0,17.0,100.0,40.2,5.647058823529412,96.0
female,38,164.0,67.0,6.0,77.0,39.4,3.1666666666666665,19.0
male,55,173.0,74.0,9.0,86.0,39.7,4.0,36.0
female,33,158.0,58.0,12.0,95.0,40.3,5.083333333333333,61.0
male,21,183.0,83.0,23.0,104.0,40.5,5.304347826086956,122.0
male,51,182.0,85.0,16.0,93.0,40.5,5.125,82.0
male,23,172.0,75.0,2.0,89.0,38.0,3.0,6.0
male,23,197.0,101.0,19.0,97.0,40.6,4.7368421052631575,90.0
female,41,154.0,52.0,30.0,117.0,40.9,7.633333333333334,229.0
male,27,184.0,92.0,2.0,85.0,37.9,3.0,6.0
male,24,178.0,81.0,6.0,85.0,39.7,2.5,15.0
male,41,178.0,87.0,15.0,83.0,40.3,3.2,48.0
female,43,169.0,72.0,5.0,79.0,39.5,3.4,17.0
male,42,169.0,66.0,21.0,108.0,40.3,6.571428571428571,138.0
male,48,187.0,96.0,8.0,80.0,39.6,3.25,26.0
female,30,178.0,77.0,13.0,94.0,40.2,4.615384615384615,60.0
female,22,157.0,53.0,19.0,100.0,40.5,5.473684210526316,104.0
male,49,193.0,87.0,9.0,85.0,39.8,3.888888888888889,35.0
male,48,176.0,79.0,24.0,100.0,40.4,5.916666666666667,142.0
female,27,172.0,71.0,10.0,88.0,39.6,4.0,40.0
female,43,172.0,67.0,4.0,85.0,39.2,4.0,16.0
male,27,195.0,92.0,15.0,97.0,40.0,4.733333333333333,71.0
male,33,162.0,70.0,19.0,100.0,40.4,5.0,95.0
male,30,186.0,89.0,14.0,86.0,39.7,3.142857142857143,44.0
male,28,174.0,73.0,28.0,104.0,40.9,5.428571428571429,152.0
female,32,157.0,55.0,19.0,113.0,40.7,7.0,133.0
female,48,181.0,74.0,26.0,102.0,40.9,5.846153846153846,152.0
male,34,179.0,73.0,5.0,85.0,39.2,2.8,14.0
female,25,158.0,53.0,21.0,103.0,40.4,5.857142857142857,123.0
female,46,174.0,67.0,13.0,99.0,39.8,5.615384615384615,73.0
female,24,154.0,53.0,9.0,81.0,39.3,3.4444444444444446,31.0
female,28,184.0,77.0,10.0,95.0,39.7,4.7,47.0
male,57,175.0,76.0,28.0,109.0,40.6,7.642857142857143,214.0
female,33,168.0,63.0,5.0,81.0,38.8,3.6,18.0
female,27,168.0,73.0,6.0,85.0,39.1,3.6666666666666665,22.0
female,33,156.0,57.0,1.0,74.0,37.8,3.0,3.0
male,46,180.0,78.0,25.0,99.0,40.7,5.68,142.0
male,20,174.0,74.0,18.0,95.0,40.3,3.7222222222222223,67.0
male,40,182.0,86.0,7.0,93.0,39.3,4.571428571428571,32.0
male,47,166.0,67.0,9.0,93.0,39.8,4.555555555555555,41.0
female,33,175.0,67.0,25.0,101.0,41.1,5.6,140.0
male,29,204.0,104.0,22.0,101.0,40.8,5.7272727272727275,126.0
female,32,188.0,77.0,17.0,88.0,40.7,4.0588235294117645,69.0
female,40,177.0,74.0,29.0,97.0,41.0,5.172413793103448,150.0
female,33,140.0,48.0,24.0,114.0,40.5,7.25,174.0
male,24,192.0,92.0,27.0,105.0,40.7,5.814814814814815,157.0
male,24,180.0,79.0,26.0,102.0,40.8,5.076923076923077,132.0
male,21,182.0,85.0,15.0,93.0,40.6,3.7333333333333334,56.0
male,50,200.0,100.0,20.0,94.0,40.8,5.6,112.0
female,67,169.0,72.0,18.0,103.0,40.7,6.333333333333333,114.0
male,20,192.0,90.0,20.0,106.0,40.4,5.7,114.0
male,62,177.0,78.0,25.0,111.0,40.8,8.24,206.0
male,74,189.0,87.0,9.0,93.0,39.8,6.333333333333333,57.0
female,32,172.0,63.0,14.0,91.0,40.3,4.571428571428571,64.0
male,78,175.0,76.0,21.0,102.0,40.1,7.619047619047619,160.0
female,21,157.0,54.0,19.0,101.0,40.5,5.526315789473684,105.0
female,57,160.0,60.0,5.0,79.0,39.0,3.8,19.0
male,25,183.0,86.0,11.0,97.0,40.1,4.545454545454546,50.0
male,60,184.0,93.0,9.0,91.0,39.7,5.444444444444445,49.0
male,77,177.0,85.0,5.0,80.0,38.8,4.4,22.0
male,54,199.0,97.0,11.0,96.0,39.9,6.0,66.0
female,30,176.0,73.0,1.0,89.0,37.7,4.0,4.0
male,41,184.0,91.0,27.0,111.0,41.2,7.518518518518518,203.0
female,69,159.0,63.0,26.0,106.0,40.6,6.8076923076923075,177.0
male,59,193.0,97.0,12.0,92.0,39.7,5.666666666666667,68.0
female,47,164.0,60.0,2.0,84.0,38.5,4.0,8.0
female,31,156.0,51.0,7.0,86.0,39.6,4.142857142857143,29.0
male,42,172.0,80.0,1.0,78.0,37.8,2.0,2.0
male,21,188.0,89.0,21.0,102.0,40.4,5.142857142857143,108.0
male,34,185.0,83.0,23.0,97.0,40.8,4.869565217391305,112.0
male,36,183.0,85.0,11.0,98.0,40.0,5.181818181818182,57.0
female,51,179.0,76.0,21.0,88.0,40.4,4.380952380952381,92.0
male,21,169.0,67.0,13.0,91.0,40.1,3.0,39.0
male,21,187.0,90.0,29.0,111.0,40.5,6.517241379310345,189.0
male,32,176.0,76.0,27.0,108.0,40.8,6.296296296296297,170.0
male,30,178.0,83.0,27.0,110.0,40.6,6.666666666666667,180.0
male,21,174.0,75.0,29.0,111.0,41.3,6.206896551724138,180.0
male,42,183.0,83.0,2.0,92.0,38.3,4.5,9.0
male,65,173.0,76.0,21.0,95.0,40.6,5.9523809523809526,125.0
female,33,153.0,52.0,18.0,93.0,40.1,4.944444444444445,89.0
female,20,168.0,64.0,12.0,96.0,39.8,4.833333333333333,58.0
female,33,177.0,74.0,30.0,107.0,41.2,6.133333333333334,184.0
male,31,188.0,86.0,8.0,91.0,39.6,3.875,31.0
female,32,160.0,61.0,14.0,101.0,40.3,5.642857142857143,79.0
female,67,167.0,63.0,12.0,89.0,40.0,4.916666666666667,59.0
female,37,156.0,58.0,12.0,88.0,39.7,4.416666666666667,53.0
male,28,189.0,84.0,6.0,81.0,39.1,2.1666666666666665,13.0
male,36,178.0,79.0,11.0,96.0,39.8,4.7272727272727275,52.0
male,64,179.0,82.0,10.0,93.0,40.0,5.7,57.0
male,60,180.0,83.0,17.0,95.0,40.2,5.823529411764706,99.0
male,46,193.0,98.0,1.0,79.0,37.8,3.0,3.0
female,36,169.0,66.0,23.0,104.0,40.9,5.956521739130435,137.0
male,51,190.0,87.0,20.0,96.0,40.9,5.65,113.0
female,66,166.0,65.0,23.0,104.0,40.9,6.521739130434782,150.0
male,26,200.0,100.0,5.0,79.0,38.6,2.2,11.0
female,22,170.0,70.0,27.0,107.0,40.5,6.0,162.0
male,59,142.0,54.0,15.0,99.0,40.2,5.8,87.0
male,35,198.0,103.0,5.0,90.0,39.0,4.4,22.0
male,25,175.0,75.0,9.0,86.0,39.7,2.6666666666666665,24.0
female,50,171.0,70.0,2.0,81.0,37.9,3.5,7.0
male,26,187.0,91.0,7.0,92.0,39.5,3.857142857142857,27.0
male,62,193.0,100.0,8.0,90.0,39.4,5.5,44.0
female,32,163.0,66.0,19.0,101.0,40.7,5.578947368421052,106.0
male,72,198.0,100.0,2.0,77.0,38.4,4.0,8.0
male,48,193.0,96.0,5.0,88.0,39.1,4.4,22.0
male,52,190.0,93.0,26.0,105.0,40.5,7.1923076923076925,187.0
male,42,175.0,79.0,10.0,95.0,39.9,4.9,49.0
female,56,164.0,66.0,16.0,94.0,40.2,5.25,84.0
female,35,168.0,67.0,17.0,101.0,40.1,5.647058823529412,96.0
male,42,192.0,92.0,7.0,91.0,38.9,4.571428571428571,32.0
female,21,163.0,61.0,15.0,94.0,40.5,4.733333333333333,71.0
female,77,156.0,59.0,29.0,115.0,41.2,7.9655172413793105,231.0
male,30,179.0,82.0,20.0,102.0,40.4,5.45,109.0
female,24,169.0,63.0,26.0,104.0,40.8,5.8076923076923075,151.0
female,22,154.0,61.0,13.0,93.0,39.9,4.615384615384615,60.0
female,26,179.0,79.0,10.0,92.0,39.6,4.3,43.0
male,37,181.0,82.0,26.0,101.0,40.6,5.615384615384615,146.0
female,79,190.0,88.0,8.0,96.0,39.1,5.625,45.0
male,45,180.0,80.0,7.0,77.0,39.6,2.2857142857142856,16.0
female,40,178.0,74.0,21.0,102.0,40.7,5.714285714285714,120.0
male,36,180.0,86.0,13.0,94.0,39.9,4.615384615384615,60.0
male,25,187.0,86.0,28.0,106.0,40.8,5.892857142857143,165.0
male,42,179.0,80.0,8.0,93.0,39.4,4.625,37.0
female,25,167.0,64.0,20.0,100.0,40.4,5.4,108.0
female,21,170.0,67.0,17.0,95.0,40.0,4.705882352941177,80.0
female,63,159.0,62.0,29.0,104.0,40.4,6.517241379310345,189.0
female,69,168.0,67.0,26.0,104.0,40.9,6.538461538461538,170.0
male,33,210.0,117.0,25.0,112.0,40.7,7.84,196.0
male,43,182.0,83.0,6.0,91.0,39.4,4.5,27.0
female,45,174.0,71.0,28.0,110.0,40.7,6.714285714285714,188.0
male,77,187.0,89.0,15.0,89.0,40.0,5.866666666666666,88.0
female,26,184.0,79.0,15.0,104.0,40.6,5.6,84.0
male,32,190.0,91.0,24.0,117.0,40.4,8.0,192.0
female,26,164.0,55.0,1.0,80.0,37.5,3.0,3.0
male,42,174.0,74.0,15.0,93.0,40.1,4.466666666666667,67.0
male,32,196.0,95.0,19.0,98.0,40.4,5.2105263157894735,99.0
male,69,190.0,96.0,4.0,93.0,38.8,6.25,25.0
male,75,188.0,96.0,21.0,103.0,40.4,8.047619047619047,169.0
male,60,174.0,76.0,24.0,109.0,40.6,7.791666666666667,187.0
female,28,165.0,66.0,21.0,111.0,40.7,6.571428571428571,138.0
male,23,191.0,86.0,29.0,115.0,40.9,7.137931034482759,207.0
male,34,172.0,75.0,8.0,94.0,39.3,4.25,34.0
male,31,190.0,93.0,3.0,93.0,38.8,4.333333333333333,13.0
female,62,170.0,67.0,21.0,102.0,40.6,6.190476190476191,130.0
male,41,176.0,74.0,25.0,105.0,41.0,6.24,156.0
female,54,161.0,57.0,7.0,94.0,39.2,5.285714285714286,37.0
male,48,191.0,88.0,8.0,84.0,39.6,3.75,30.0
male,35,198.0,95.0,13.0,99.0,40.3,5.461538461538462,71.0
female,58,163.0,57.0,29.0,106.0,41.0,6.689655172413793,194.0
male,20,184.0,82.0,12.0,89.0,39.8,3.0,36.0
male,44,152.0,54.0,20.0,96.0,40.5,4.6,92.0
female,33,157.0,49.0,4.0,80.0,38.7,3.5,14.0
female,22,162.0,56.0,17.0,96.0,40.6,5.0,85.0
female,27,178.0,71.0,29.0,114.0,40.8,6.827586206896552,198.0
male,50,195.0,100.0,29.0,105.0,40.8,7.241379310344827,210.0
male,46,187.0,88.0,7.0,97.0,39.5,5.571428571428571,39.0
male,31,208.0,104.0,3.0,83.0,38.7,3.0,9.0
male,78,209.0,112.0,4.0,85.0,38.6,5.75,23.0
female,32,164.0,63.0,20.0,99.0,40.5,5.4,108.0
female,66,186.0,81.0,10.0,87.0,39.7,4.5,45.0
male,20,174.0,74.0,27.0,108.0,40.6,5.666666666666667,153.0
female,21,197.0,91.0,11.0,88.0,39.8,3.6363636363636362,40.0
male,65,177.0,77.0,9.0,92.0,39.6,5.555555555555555,50.0
male,32,193.0,102.0,17.0,104.0,40.0,6.235294117647059,106.0
female,59,149.0,55.0,2.0,77.0,38.3,3.5,7.0
female,26,157.0,56.0,15.0,96.0,40.3,5.066666666666666,76.0
male,29,194.0,87.0,9.0,86.0,39.5,3.111111111111111,28.0
female,70,160.0,64.0,15.0,99.0,40.0,6.066666666666666,91.0
female,46,135.0,47.0,22.0,109.0,40.5,6.954545454545454,153.0
female,39,158.0,60.0,12.0,91.0,39.9,4.75,57.0
male,51,173.0,77.0,17.0,95.0,40.3,5.294117647058823,90.0
female,28,169.0,64.0,13.0,94.0,39.8,4.769230769230769,62.0
female,24,173.0,70.0,2.0,79.0,38.2,3.0,6.0
male,36,185.0,79.0,6.0,89.0,39.1,3.6666666666666665,22.0
female,55,165.0,64.0,23.0,102.0,40.8,6.130434782608695,141.0
male,65,189.0,98.0,27.0,125.0,40.9,10.925925925925926,295.0
female,25,172.0,69.0,18.0,96.0,40.5,4.888888888888889,88.0
female,44,174.0,75.0,26.0,94.0,40.5,4.923076923076923,128.0
male,22,184.0,82.0,21.0,100.0,40.7,4.761904761904762,100.0
female,33,150.0,52.0,30.0,112.0,41.2,6.966666666666667,209.0
female,63,171.0,70.0,12.0,87.0,39.8,4.583333333333333,55.0
male,28,181.0,79.0,22.0,105.0,40.6,5.7272727272727275,126.0
female,40,182.0,78.0,21.0,99.0,40.4,5.333333333333333,112.0
female,21,169.0,64.0,12.0,90.0,39.9,4.25,51.0
male,38,177.0,84.0,28.0,106.0,40.9,6.464285714285714,181.0
female,33,181.0,75.0,5.0,81.0,39.4,3.4,17.0
female,38,161.0,59.0,5.0,79.0,38.9,3.4,17.0
female,66,159.0,66.0,17.0,95.0,40.3,5.529411764705882,94.0
male,48,192.0,88.0,24.0,107.0,40.8,7.166666666666667,172.0
male,32,177.0,79.0,4.0,94.0,38.7,4.25,17.0
female,58,145.0,47.0,13.0,91.0,39.8,5.230769230769231,68.0
male,23,177.0,74.0,24.0,113.0,40.6,6.583333333333333,158.0
male,21,181.0,81.0,24.0,107.0,40.5,5.708333333333333,137.0
female,52,150.0,51.0,3.0,83.0,38.2,4.333333333333333,13.0
female,52,173.0,68.0,20.0,99.0,40.3,5.7,114.0
male,23,192.0,91.0,27.0,108.0,40.8,6.185185185185185,167.0
male,62,196.0,93.0,17.0,97.0,40.6,6.470588235294118,110.0
female,33,182.0,75.0,25.0,101.0,40.5,5.48,137.0
female,43,180.0,80.0,21.0,99.0,40.6,5.380952380952381,113.0
female,24,181.0,70.0,5.0,80.0,39.3,3.2,16.0
male,21,195.0,98.0,13.0,85.0,40.1,2.769230769230769,36.0
male,31,186.0,85.0,28.0,106.0,40.8,6.142857142857143,172.0
female,54,163.0,65.0,3.0,80.0,38.8,3.6666666666666665,11.0
female,23,168.0,65.0,16.0,87.0,40.3,3.9375,63.0
male,39,203.0,103.0,2.0,74.0,38.2,2.0,4.0
male,47,184.0,88.0,6.0,81.0,39.4,3.1666666666666665,19.0
male,20,192.0,94.0,20.0,103.0,40.6,5.35,107.0
female,44,183.0,82.0,20.0,103.0,40.4,5.8,116.0
male,23,188.0,89.0,16.0,103.0,40.3,5.375,86.0
male,73,171.0,80.0,29.0,108.0,41.2,8.379310344827585,243.0
female,30,159.0,53.0,10.0,95.0,39.7,5.1,51.0
female,20,162.0,59.0,18.0,95.0,40.6,4.833333333333333,87.0
female,55,178.0,75.0,1.0,86.0,37.8,4.0,4.0
male,23,183.0,82.0,20.0,105.0,40.7,5.55,111.0
female,60,160.0,65.0,5.0,83.0,39.1,4.2,21.0
female,48,159.0,57.0,10.0,94.0,39.8,5.2,52.0
female,70,171.0,71.0,12.0,91.0,39.9,5.083333333333333,61.0
female,32,161.0,57.0,4.0,91.0,39.0,4.75,19.0
male,24,185.0,88.0,11.0,90.0,39.9,3.4545454545454546,38.0
female,23,169.0,73.0,15.0,86.0,39.9,3.7333333333333334,56.0
male,37,194.0,94.0,2.0,83.0,38.1,3.0,6.0
male,75,188.0,93.0,18.0,94.0,40.2,6.611111111111111,119.0
female,21,173.0,66.0,7.0,88.0,39.2,4.0,28.0
female,61,180.0,77.0,24.0,99.0,40.3,5.708333333333333,137.0
male,66,184.0,89.0,9.0,85.0,39.3,4.777777777777778,43.0
female,23,154.0,57.0,6.0,74.0,39.2,2.6666666666666665,16.0
female,55,162.0,63.0,25.0,103.0,40.7,6.24,156.0
female,54,188.0,78.0,5.0,82.0,38.9,3.8,19.0
female,28,161.0,59.0,13.0,88.0,40.0,4.230769230769231,55.0
female,22,155.0,61.0,9.0,91.0,39.8,4.444444444444445,40.0
female,26,146.0,51.0,16.0,90.0,40.2,4.5,72.0
female,29,147.0,50.0,17.0,96.0,40.2,5.235294117647059,89.0
female,26,166.0,58.0,28.0,109.0,40.8,6.428571428571429,180.0
male,29,178.0,85.0,18.0,93.0,40.8,4.111111111111111,74.0
female,45,166.0,61.0,30.0,113.0,41.0,7.166666666666667,215.0
female,21,157.0,57.0,2.0,77.0,37.8,3.0,6.0
female,25,166.0,68.0,12.0,100.0,40.2,5.333333333333333,64.0
male,41,173.0,77.0,6.0,78.0,39.1,2.1666666666666665,13.0
female,20,169.0,64.0,2.0,75.0,38.2,2.5,5.0
male,37,190.0,95.0,29.0,116.0,40.6,8.172413793103448,237.0
female,38,168.0,66.0,22.0,97.0,40.6,5.2727272727272725,116.0
male,58,182.0,90.0,6.0,84.0,39.6,4.166666666666667,25.0
female,47,152.0,55.0,16.0,98.0,40.3,5.6875,91.0
male,21,205.0,102.0,10.0,92.0,39.8,3.9,39.0
male,74,179.0,90.0,3.0,82.0,38.8,4.666666666666667,14.0
female,49,148.0,54.0,29.0,101.0,40.8,6.0344827586206895,175.0
female,40,179.0,75.0,26.0,101.0,41.2,5.615384615384615,146.0
female,74,172.0,73.0,8.0,89.0,39.7,5.0,40.0
female,32,160.0,59.0,15.0,97.0,40.2,5.266666666666667,79.0
female,54,162.0,64.0,15.0,90.0,40.2,4.8,72.0
male,29,171.0,70.0,16.0,96.0,40.2,4.1875,67.0
male,38,184.0,87.0,21.0,98.0,40.7,5.333333333333333,112.0
female,64,186.0,85.0,26.0,106.0,40.9,6.423076923076923,167.0
male,78,184.0,86.0,26.0,107.0,40.6,8.576923076923077,223.0
male,74,174.0,78.0,20.0,100.0,40.8,7.15,143.0
female,24,169.0,59.0,21.0,109.0,40.6,6.380952380952381,134.0
male,20,179.0,81.0,6.0,90.0,39.1,3.1666666666666665,19.0
male,70,203.0,107.0,3.0,83.0,38.6,5.0,15.0
female,62,160.0,64.0,25.0,104.0,40.8,6.44,161.0
male,28,184.0,79.0,16.0,93.0,40.1,3.9375,63.0
female,27,168.0,60.0,11.0,89.0,39.8,4.2727272727272725,47.0
male,45,192.0,97.0,21.0,103.0,40.7,6.619047619047619,139.0
female,74,163.0,64.0,25.0,103.0,40.7,6.56,164.0
female,70,161.0,62.0,6.0,90.0,39.2,5.166666666666667,31.0
female,75,164.0,64.0,9.0,89.0,39.7,5.111111111111111,46.0
female,65,166.0,70.0,14.0,98.0,39.8,5.785714285714286,81.0
female,25,156.0,60.0,19.0,102.0,40.2,5.631578947368421,107.0
female,46,156.0,56.0,15.0,86.0,40.3,4.333333333333333,65.0
female,26,150.0,56.0,25.0,106.0,40.4,6.16,154.0
female,78,156.0,60.0,18.0,96.0,40.7,5.944444444444445,107.0
female,29,175.0,72.0,5.0,75.0,39.1,2.6,13.0
male,63,200.0,105.0,15.0,102.0,40.3,7.533333333333333,113.0
female,73,176.0,70.0,18.0,97.0,40.2,5.833333333333333,105.0
female,73,156.0,60.0,5.0,85.0,39.1,4.6,23.0
female,27,159.0,57.0,17.0,95.0,40.3,5.0,85.0
female,22,149.0,53.0,6.0,77.0,39.4,3.0,18.0
male,38,199.0,102.0,17.0,92.0,40.4,4.764705882352941,81.0
male,77,162.0,69.0,8.0,89.0,39.4,5.5,44.0
male,61,192.0,94.0,17.0,104.0,40.5,7.470588235294118,127.0
female,72,181.0,76.0,29.0,112.0,40.8,7.310344827586207,212.0
male,26,191.0,88.0,25.0,103.0,40.6,5.52,138.0
male,20,192.0,90.0,14.0,92.0,40.2,3.642857142857143,51.0
male,54,166.0,73.0,17.0,100.0,40.2,6.117647058823529,104.0
female,53,167.0,72.0,20.0,96.0,40.4,5.35,107.0
female,34,167.0,64.0,10.0,99.0,39.6,5.4,54.0
female,77,177.0,79.0,4.0,83.0,39.0,4.25,17.0
male,32,188.0,93.0,15.0,103.0,40.1,5.933333333333334,89.0
female,28,160.0,65.0,24.0,104.0,40.6,5.833333333333333,140.0
male,34,185.0,88.0,14.0,94.0,40.1,4.571428571428571,64.0
female,72,163.0,62.0,13.0,86.0,40.0,4.769230769230769,62.0
male,48,181.0,91.0,28.0,104.0,40.9,6.785714285714286,190.0
male,53,176.0,81.0,22.0,103.0,40.6,6.681818181818182,147.0
female,20,158.0,54.0,3.0,81.0,38.1,3.3333333333333335,10.0
female,76,174.0,69.0,12.0,86.0,39.9,4.75,57.0
female,27,149.0,55.0,25.0,98.0,40.6,5.32,133.0
female,23,166.0,65.0,29.0,108.0,41.5,6.172413793103448,179.0
female,31,151.0,49.0,28.0,98.0,40.7,5.464285714285714,153.0
male,61,200.0,99.0,9.0,78.0,39.7,3.6666666666666665,33.0
female,44,152.0,58.0,2.0,76.0,38.3,3.0,6.0
female,36,168.0,66.0,9.0,93.0,39.6,4.777777777777778,43.0
male,37,178.0,80.0,4.0,89.0,38.5,3.75,15.0
female,64,156.0,51.0,5.0,82.0,39.1,4.4,22.0
female,26,172.0,66.0,15.0,90.0,39.9,4.266666666666667,64.0
male,47,175.0,79.0,19.0,98.0,40.3,5.578947368421052,106.0
male,29,181.0,78.0,23.0,104.0,40.8,5.608695652173913,129.0
male,43,183.0,88.0,12.0,95.0,40.0,5.166666666666667,62.0
male,48,190.0,97.0,28.0,100.0,40.9,6.321428571428571,177.0
female,59,174.0,74.0,15.0,94.0,40.3,5.2,78.0
female,43,169.0,66.0,5.0,91.0,39.1,4.8,24.0
male,36,200.0,105.0,21.0,94.0,40.5,5.0,105.0
female,39,146.0,51.0,29.0,113.0,41.1,7.206896551724138,209.0
male,61,178.0,86.0,12.0,92.0,39.9,5.5,66.0
female,22,159.0,55.0,4.0,86.0,38.8,4.0,16.0
female,65,171.0,66.0,27.0,104.0,40.9,6.481481481481482,175.0
female,48,149.0,51.0,27.0,110.0,40.7,7.037037037037037,190.0
male,26,187.0,87.0,10.0,86.0,39.4,2.9,29.0
male,24,180.0,80.0,13.0,100.0,39.8,4.769230769230769,62.0
female,41,158.0,58.0,13.0,89.0,40.2,4.538461538461538,59.0
female,44,164.0,60.0,19.0,104.0,40.6,6.2105263157894735,118.0
male,73,190.0,99.0,11.0,91.0,40.1,6.181818181818182,68.0
male,40,203.0,108.0,17.0,94.0,40.4,5.294117647058823,90.0
female,44,161.0,57.0,25.0,111.0,40.9,7.0,175.0
female,32,169.0,66.0,24.0,109.0,40.8,6.416666666666667,154.0
male,37,171.0,73.0,7.0,90.0,39.2,3.7142857142857144,26.0
female,21,181.0,74.0,18.0,104.0,40.5,5.611111111111111,101.0
male,36,184.0,93.0,11.0,93.0,39.8,4.636363636363637,51.0
male,26,194.0,94.0,14.0,89.0,40.4,3.5,49.0
male,27,202.0,108.0,5.0,82.0,38.8,2.8,14.0
male,33,176.0,70.0,3.0,89.0,38.3,3.3333333333333335,10.0
female,25,161.0,60.0,2.0,78.0,38.4,3.0,6.0
female,49,161.0,55.0,18.0,97.0,40.1,5.611111111111111,101.0
female,46,149.0,54.0,21.0,97.0,40.7,5.571428571428571,117.0
female,76,156.0,56.0,28.0,102.0,41.0,6.607142857142857,185.0
female,30,177.0,74.0,13.0,104.0,39.7,5.769230769230769,75.0
male,50,170.0,73.0,26.0,104.0,40.8,6.5,169.0
male,44,184.0,85.0,9.0,85.0,39.6,3.5555555555555554,32.0
female,32,151.0,51.0,8.0,91.0,39.6,4.75,38.0
female,24,177.0,71.0,3.0,85.0,38.5,3.6666666666666665,11.0
female,29,174.0,75.0,14.0,95.0,40.1,4.785714285714286,67.0
female,78,179.0,80.0,21.0,100.0,40.8,6.095238095238095,128.0
male,35,177.0,79.0,10.0,87.0,40.0,3.3,33.0
female,51,152.0,59.0,28.0,99.0,41.0,5.785714285714286,162.0
female,79,164.0,66.0,17.0,99.0,40.3,6.176470588235294,105.0
female,40,170.0,73.0,25.0,105.0,40.5,6.04,151.0
female,53,205.0,93.0,3.0,74.0,38.8,2.6666666666666665,8.0
female,30,178.0,77.0,21.0,106.0,40.8,5.904761904761905,124.0
female,32,158.0,58.0,9.0,91.0,39.8,4.666666666666667,42.0
female,59,153.0,56.0,23.0,105.0,40.6,6.608695652173913,152.0
female,70,154.0,57.0,4.0,81.0,38.7,4.25,17.0
male,60,173.0,79.0,26.0,98.0,40.7,6.1923076923076925,161.0
female,51,164.0,67.0,11.0,91.0,40.0,4.818181818181818,53.0
female,66,191.0,84.0,11.0,98.0,40.4,5.636363636363637,62.0
male,30,178.0,86.0,4.0,85.0,38.8,3.0,12.0
male,63,194.0,106.0,8.0,82.0,39.6,4.5,36.0
male,75,173.0,79.0,5.0,87.0,38.9,5.2,26.0
male,32,175.0,77.0,12.0,98.0,39.9,4.833333333333333,58.0
female,48,176.0,74.0,18.0,94.0,40.4,5.0,90.0
female,62,177.0,76.0,7.0,93.0,39.3,5.142857142857143,36.0
male,26,179.0,71.0,16.0,97.0,40.3,4.25,68.0
male,64,188.0,95.0,17.0,95.0,40.3,6.294117647058823,107.0
female,24,176.0,70.0,5.0,94.0,39.1,4.6,23.0
male,21,175.0,74.0,29.0,109.0,41.2,5.862068965517241,170.0
male,49,170.0,76.0,23.0,110.0,40.2,7.434782608695652,171.0
male,42,174.0,74.0,3.0,82.0,38.3,2.6666666666666665,8.0
male,34,176.0,78.0,12.0,98.0,39.7,4.916666666666667,59.0
female,50,173.0,69.0,24.0,93.0,40.8,5.0,120.0
female,62,166.0,68.0,15.0,96.0,40.3,5.533333333333333,83.0
female,28,161.0,58.0,21.0,100.0,40.4,5.523809523809524,116.0
male,39,190.0,96.0,30.0,109.0,40.6,7.233333333333333,217.0
female,71,176.0,70.0,4.0,85.0,38.6,4.5,18.0
male,62,195.0,102.0,17.0,92.0,40.0,5.882352941176471,100.0
female,76,155.0,59.0,9.0,89.0,39.9,5.222222222222222,47.0
female,31,173.0,75.0,2.0,77.0,38.7,3.0,6.0
male,67,192.0,101.0,25.0,102.0,40.8,7.64,191.0
male,60,190.0,91.0,25.0,102.0,40.8,7.08,177.0
female,48,170.0,66.0,11.0,92.0,39.8,4.909090909090909,54.0
male,70,167.0,76.0,19.0,97.0,40.6,6.473684210526316,123.0
male,28,180.0,80.0,12.0,96.0,40.4,4.416666666666667,53.0
male,22,170.0,68.0,21.0,103.0,40.4,4.904761904761905,103.0
female,63,169.0,68.0,21.0,107.0,40.6,6.761904761904762,142.0
male,49,181.0,88.0,22.0,100.0,40.8,6.181818181818182,136.0
female,47,173.0,70.0,4.0,84.0,38.7,4.0,16.0
male,26,178.0,80.0,28.0,105.0,40.6,5.642857142857143,158.0
male,78,174.0,77.0,28.0,105.0,40.8,8.071428571428571,226.0
male,25,174.0,71.0,20.0,103.0,40.3,5.1,102.0
female,57,172.0,69.0,24.0,106.0,40.7,6.5,156.0
male,28,176.0,78.0,12.0,84.0,39.8,2.5,30.0
male,21,206.0,105.0,15.0,96.0,40.1,4.6,69.0
male,48,162.0,67.0,4.0,86.0,38.8,3.5,14.0
male,32,179.0,81.0,26.0,97.0,40.5,4.730769230769231,123.0
female,34,166.0,67.0,19.0,103.0,40.5,5.7894736842105265,110.0
female,58,172.0,67.0,9.0,90.0,40.1,4.888888888888889,44.0
male,33,205.0,114.0,4.0,90.0,39.2,4.5,18.0
male,35,191.0,92.0,15.0,90.0,40.0,4.066666666666666,61.0
male,51,181.0,84.0,3.0,75.0,38.5,2.3333333333333335,7.0
female,32,162.0,55.0,29.0,112.0,41.1,6.896551724137931,200.0
male,47,194.0,94.0,3.0,89.0,38.7,4.666666666666667,14.0
female,27,171.0,64.0,8.0,89.0,39.6,4.25,34.0
female,32,169.0,65.0,7.0,82.0,39.3,3.5714285714285716,25.0
female,26,162.0,56.0,21.0,101.0,40.5,5.619047619047619,118.0
female,27,146.0,49.0,22.0,98.0,40.5,5.409090909090909,119.0
male,35,178.0,79.0,3.0,82.0,38.7,2.6666666666666665,8.0
female,33,158.0,61.0,21.0,107.0,40.8,6.285714285714286,132.0
female,38,167.0,67.0,6.0,84.0,39.3,3.8333333333333335,23.0
male,74,179.0,84.0,2.0,81.0,38.2,4.5,9.0
male,33,186.0,81.0,29.0,106.0,40.3,6.172413793103448,179.0
female,39,167.0,71.0,27.0,118.0,41.1,7.444444444444445,201.0
female,25,164.0,60.0,21.0,107.0,40.5,6.190476190476191,130.0
male,48,181.0,80.0,22.0,105.0,40.8,6.7272727272727275,148.0
male,65,193.0,99.0,4.0,78.0,39.1,3.75,15.0
female,20,155.0,53.0,15.0,92.0,40.0,4.6,69.0
male,62,178.0,85.0,16.0,99.0,40.6,6.5625,105.0
female,31,168.0,67.0,13.0,96.0,39.9,5.0,65.0
female,24,165.0,62.0,4.0,83.0,38.9,3.5,14.0
male,36,193.0,95.0,10.0,97.0,40.0,5.2,52.0
male,36,183.0,85.0,20.0,105.0,40.7,6.25,125.0
female,57,164.0,64.0,27.0,108.0,41.1,6.814814814814815,184.0
male,44,196.0,95.0,3.0,83.0,38.8,3.6666666666666665,11.0
male,57,191.0,92.0,9.0,87.0,40.0,4.666666666666667,42.0
male,22,181.0,85.0,28.0,112.0,40.4,6.607142857142857,185.0
female,61,166.0,60.0,6.0,90.0,39.3,5.0,30.0
male,33,180.0,82.0,3.0,83.0,39.0,2.6666666666666665,8.0
female,37,167.0,61.0,10.0,89.0,39.9,4.5,45.0
male,45,190.0,94.0,10.0,84.0,39.7,3.7,37.0
male,34,186.0,84.0,8.0,83.0,39.7,2.75,22.0
female,45,160.0,61.0,13.0,102.0,40.1,6.0,78.0
female,51,168.0,62.0,13.0,95.0,40.0,5.3076923076923075,69.0
male,59,202.0,107.0,6.0,88.0,39.0,5.333333333333333,32.0
female,67,165.0,65.0,24.0,103.0,40.4,6.416666666666667,154.0
female,32,167.0,68.0,13.0,96.0,40.0,5.0,65.0
female,30,178.0,72.0,3.0,80.0,38.7,3.3333333333333335,10.0
female,46,174.0,73.0,12.0,93.0,39.7,4.916666666666667,59.0
male,37,192.0,95.0,29.0,119.0,40.7,8.620689655172415,250.0
female,20,165.0,59.0,10.0,88.0,39.7,4.1,41.0
male,28,175.0,74.0,23.0,107.0,40.7,5.913043478260869,136.0
male,26,185.0,86.0,3.0,83.0,38.8,2.3333333333333335,7.0
male,32,170.0,78.0,16.0,98.0,40.3,4.8125,77.0
female,30,178.0,74.0,14.0,90.0,40.4,4.285714285714286,60.0
female,26,166.0,68.0,24.0,105.0,40.8,5.875,141.0
female,22,173.0,69.0,7.0,83.0,39.4,3.4285714285714284,24.0
male,25,187.0,86.0,4.0,83.0,38.7,2.5,10.0
female,32,173.0,69.0,7.0,88.0,39.4,4.142857142857143,29.0
male,35,182.0,83.0,6.0,92.0,39.4,4.166666666666667,25.0
female,40,169.0,69.0,23.0,110.0,40.7,6.6521739130434785,153.0
female,65,166.0,67.0,1.0,86.0,37.7,5.0,5.0
male,41,185.0,88.0,19.0,97.0,40.1,5.315789473684211,101.0
female,66,180.0,76.0,26.0,114.0,40.7,7.423076923076923,193.0
male,45,194.0,97.0,12.0,99.0,39.9,6.0,72.0
female,23,164.0,65.0,4.0,77.0,38.8,2.75,11.0
male,79,176.0,83.0,2.0,89.0,38.3,6.0,12.0
female,51,175.0,67.0,1.0,77.0,37.4,3.0,3.0
male,27,175.0,77.0,29.0,117.0,40.9,7.448275862068965,216.0
male,23,181.0,76.0,8.0,84.0,39.1,2.25,18.0
male,40,203.0,104.0,18.0,108.0,40.5,7.277777777777778,131.0
female,37,170.0,64.0,20.0,105.0,40.3,6.1,122.0
female,28,161.0,64.0,21.0,110.0,40.5,6.476190476190476,136.0
male,67,186.0,91.0,20.0,92.0,40.6,5.9,118.0
male,35,193.0,98.0,10.0,85.0,39.7,3.5,35.0
female,34,190.0,91.0,12.0,89.0,40.2,4.0,48.0
female,40,168.0,65.0,8.0,88.0,39.5,4.375,35.0
female,75,152.0,51.0,3.0,89.0,38.3,5.333333333333333,16.0
female,59,154.0,56.0,23.0,102.0,40.8,6.304347826086956,145.0
male,36,172.0,73.0,24.0,106.0,40.4,6.125,147.0
male,50,177.0,79.0,21.0,96.0,40.5,5.428571428571429,114.0
female,63,173.0,67.0,24.0,110.0,40.6,7.083333333333333,170.0
male,50,184.0,84.0,14.0,96.0,40.4,5.5,77.0
female,41,184.0,80.0,25.0,107.0,40.6,6.2,155.0
female,55,145.0,55.0,15.0,101.0,40.1,6.133333333333334,92.0
male,26,192.0,93.0,13.0,92.0,40.1,4.0,52.0
female,25,163.0,54.0,5.0,86.0,39.2,4.0,20.0
male,31,182.0,76.0,1.0,84.0,37.5,3.0,3.0
female,46,157.0,59.0,8.0,90.0,39.3,4.75,38.0
female,75,167.0,70.0,6.0,84.0,39.4,4.5,27.0
female,48,166.0,67.0,9.0,95.0,39.7,5.222222222222222,47.0
female,37,187.0,84.0,11.0,99.0,39.9,5.181818181818182,57.0
female,37,147.0,54.0,13.0,105.0,40.2,6.230769230769231,81.0
female,27,158.0,56.0,14.0,96.0,39.8,5.071428571428571,71.0
male,61,189.0,93.0,9.0,87.0,39.6,4.888888888888889,44.0
female,24,155.0,55.0,26.0,114.0,40.5,6.961538461538462,181.0
male,24,191.0,95.0,6.0,88.0,39.3,3.3333333333333335,20.0
female,21,161.0,58.0,8.0,88.0,39.9,4.125,33.0
female,20,146.0,50.0,19.0,101.0,40.4,5.578947368421052,106.0
male,56,158.0,64.0,27.0,109.0,40.6,7.333333333333333,198.0
female,20,160.0,63.0,18.0,106.0,40.4,5.944444444444445,107.0
female,33,156.0,60.0,23.0,101.0,40.8,5.695652173913044,131.0
male,32,192.0,90.0,13.0,94.0,40.3,4.461538461538462,58.0
female,33,161.0,56.0,28.0,108.0,41.4,6.5,182.0
female,28,164.0,67.0,17.0,97.0,40.2,5.0588235294117645,86.0
male,25,191.0,94.0,5.0,90.0,39.5,3.6,18.0
female,40,152.0,52.0,22.0,99.0,40.8,5.681818181818182,125.0
female,26,170.0,63.0,11.0,91.0,40.1,4.454545454545454,49.0
male,70,177.0,77.0,9.0,89.0,39.6,5.333333333333333,48.0
female,41,152.0,56.0,26.0,110.0,40.9,6.846153846153846,178.0
male,24,183.0,81.0,12.0,91.0,40.1,3.5,42.0
female,24,176.0,70.0,21.0,97.0,40.3,4.9523809523809526,104.0
female,52,161.0,60.0,30.0,109.0,40.8,6.866666666666666,206.0
male,57,196.0,96.0,29.0,108.0,41.1,7.931034482758621,230.0
male,53,195.0,102.0,17.0,103.0,40.4,7.117647058823529,121.0
male,78,199.0,106.0,2.0,92.0,38.3,7.0,14.0
female,24,152.0,49.0,27.0,101.0,40.9,5.666666666666667,153.0
male,79,179.0,85.0,8.0,89.0,39.6,5.875,47.0
female,50,168.0,62.0,11.0,89.0,40.1,4.636363636363637,51.0
male,32,184.0,81.0,19.0,99.0,40.2,5.052631578947368,96.0
female,29,158.0,56.0,29.0,110.0,40.8,6.620689655172414,192.0
male,28,189.0,87.0,10.0,85.0,39.9,2.9,29.0
female,26,164.0,64.0,13.0,94.0,40.3,4.769230769230769,62.0
male,51,179.0,76.0,17.0,105.0,40.4,6.764705882352941,115.0
female,29,171.0,72.0,17.0,91.0,40.4,4.352941176470588,74.0
male,63,193.0,99.0,7.0,87.0,39.7,5.142857142857143,36.0
female,34,168.0,66.0,17.0,100.0,40.5,5.529411764705882,94.0
male,35,166.0,69.0,22.0,96.0,40.4,4.5,99.0
female,63,155.0,60.0,30.0,109.0,40.8,7.066666666666666,212.0
female,31,167.0,66.0,28.0,113.0,40.7,6.857142857142857,192.0
female,21,165.0,61.0,15.0,85.0,40.4,3.7333333333333334,56.0
female,58,151.0,56.0,8.0,92.0,39.5,5.25,42.0
female,21,154.0,52.0,6.0,81.0,39.2,3.5,21.0
female,56,151.0,53.0,24.0,101.0,40.4,6.166666666666667,148.0
male,51,171.0,79.0,27.0,107.0,40.9,7.148148148148148,193.0
female,28,153.0,53.0,13.0,97.0,39.9,5.230769230769231,68.0
female,29,166.0,59.0,7.0,86.0,39.2,4.0,28.0
male,35,194.0,91.0,23.0,112.0,41.0,7.391304347826087,170.0
male,34,189.0,89.0,30.0,114.0,40.8,7.566666666666666,227.0
female,41,153.0,60.0,7.0,85.0,39.3,4.142857142857143,29.0
female,34,154.0,53.0,20.0,92.0,40.3,4.85,97.0
male,44,193.0,96.0,17.0,103.0,40.3,6.529411764705882,111.0
female,28,158.0,60.0,27.0,113.0,40.8,6.888888888888889,186.0
male,21,197.0,89.0,9.0,83.0,39.8,2.3333333333333335,21.0
male,23,174.0,75.0,4.0,84.0,39.0,2.25,9.0
male,53,203.0,104.0,3.0,81.0,38.6,4.0,12.0
male,31,184.0,89.0,20.0,98.0,40.6,5.05,101.0
female,46,170.0,71.0,16.0,106.0,40.2,6.3125,101.0
female,24,171.0,64.0,12.0,91.0,40.1,4.416666666666667,53.0
male,78,191.0,91.0,24.0,98.0,40.6,7.333333333333333,176.0
male,46,203.0,110.0,9.0,91.0,39.7,5.111111111111111,46.0
female,20,166.0,58.0,8.0,88.0,39.9,4.125,33.0
female,24,164.0,60.0,17.0,95.0,40.3,4.882352941176471,83.0
male,33,172.0,78.0,24.0,107.0,40.6,6.25,150.0
female,23,169.0,65.0,24.0,98.0,40.6,5.125,123.0
female,40,165.0,61.0,1.0,86.0,38.0,4.0,4.0
female,36,166.0,68.0,26.0,102.0,40.4,5.730769230769231,149.0
female,47,172.0,66.0,20.0,103.0,40.7,6.05,121.0
male,28,191.0,91.0,30.0,111.0,41.0,6.9,207.0
male,30,180.0,84.0,16.0,98.0,40.1,4.875,78.0
male,39,192.0,96.0,5.0,88.0,39.4,4.0,20.0
female,50,159.0,57.0,28.0,107.0,41.4,6.678571428571429,187.0
male,70,188.0,89.0,7.0,82.0,39.3,4.428571428571429,31.0
male,67,176.0,78.0,24.0,101.0,40.9,6.958333333333333,167.0
female,69,172.0,70.0,6.0,85.0,39.2,4.5,27.0
female,27,168.0,72.0,19.0,106.0,40.7,5.947368421052632,113.0
female,54,175.0,71.0,11.0,88.0,39.7,4.545454545454546,50.0
female,29,176.0,72.0,18.0,95.0,40.4,4.777777777777778,86.0
male,22,173.0,70.0,25.0,105.0,40.6,5.24,131.0
male,58,172.0,77.0,6.0,80.0,39.3,3.3333333333333335,20.0
male,26,189.0,93.0,24.0,104.0,40.9,5.791666666666667,139.0
female,47,152.0,54.0,17.0,104.0,40.3,6.352941176470588,108.0
female,54,169.0,70.0,18.0,97.0,40.3,5.5,99.0
male,21,193.0,89.0,12.0,96.0,39.7,4.25,51.0
female,28,157.0,59.0,23.0,111.0,41.0,6.6521739130434785,153.0
female,31,153.0,51.0,5.0,80.0,39.2,3.6,18.0
female,23,148.0,53.0,8.0,96.0,39.6,5.125,41.0
male,49,181.0,84.0,28.0,104.0,40.8,6.678571428571429,187.0
female,62,186.0,86.0,22.0,102.0,40.1,5.954545454545454,131.0
male,26,188.0,81.0,3.0,82.0,38.5,2.3333333333333335,7.0
male,35,186.0,90.0,14.0,100.0,40.0,5.571428571428571,78.0
male,39,174.0,76.0,17.0,83.0,40.5,2.8823529411764706,49.0
male,40,168.0,72.0,14.0,99.0,39.8,5.214285714285714,73.0
male,43,183.0,83.0,25.0,99.0,41.1,5.64,141.0
female,30,164.0,60.0,18.0,96.0,40.6,5.111111111111111,92.0
female,44,149.0,50.0,20.0,94.0,40.4,5.25,105.0
female,21,138.0,44.0,13.0,97.0,40.0,5.230769230769231,68.0
male,52,184.0,85.0,22.0,101.0,40.4,6.409090909090909,141.0
male,22,188.0,93.0,29.0,107.0,40.6,6.0344827586206895,175.0
male,29,183.0,87.0,1.0,83.0,37.9,3.0,3.0
female,70,179.0,80.0,22.0,105.0,40.5,6.5,143.0
female,52,154.0,56.0,25.0,103.0,40.9,6.28,157.0
female,34,156.0,56.0,17.0,93.0,40.3,4.882352941176471,83.0
male,46,166.0,68.0,6.0,79.0,39.1,2.5,15.0
female,25,169.0,66.0,11.0,92.0,39.8,4.454545454545454,49.0
female,63,171.0,68.0,7.0,84.0,39.8,4.285714285714286,30.0
female,68,166.0,65.0,15.0,101.0,40.1,6.2,93.0
male,40,173.0,71.0,16.0,93.0,40.4,4.3125,69.0
male,63,179.0,80.0,25.0,108.0,40.8,7.88,197.0
female,28,166.0,60.0,20.0,98.0,40.7,5.25,105.0
male,43,195.0,95.0,8.0,83.0,39.3,3.5,28.0
female,56,158.0,57.0,6.0,81.0,38.9,4.0,24.0
female,44,162.0,62.0,8.0,95.0,39.6,5.25,42.0
male,20,169.0,69.0,2.0,83.0,38.4,2.0,4.0
female,29,174.0,73.0,6.0,91.0,39.1,4.333333333333333,26.0
male,20,197.0,90.0,24.0,99.0,40.5,4.666666666666667,112.0
female,31,163.0,60.0,7.0,86.0,39.4,4.0,28.0
female,36,148.0,53.0,1.0,83.0,37.2,4.0,4.0
male,32,197.0,97.0,27.0,111.0,40.9,7.222222222222222,195.0
female,48,165.0,59.0,19.0,104.0,40.7,6.2631578947368425,119.0
female,49,180.0,80.0,2.0,83.0,38.5,4.0,8.0
male,67,187.0,94.0,19.0,98.0,40.6,6.894736842105263,131.0
female,29,178.0,75.0,14.0,94.0,39.9,4.642857142857143,65.0
female,23,143.0,45.0,4.0,91.0,39.3,4.75,19.0
male,42,189.0,88.0,13.0,91.0,40.3,4.461538461538462,58.0
male,34,182.0,89.0,18.0,102.0,40.2,5.777777777777778,104.0
male,36,178.0,82.0,26.0,102.0,40.7,5.730769230769231,149.0
male,27,171.0,73.0,17.0,102.0,40.2,5.117647058823529,87.0
male,44,190.0,97.0,19.0,104.0,40.1,6.7368421052631575,128.0
female,77,184.0,81.0,27.0,105.0,40.8,6.592592592592593,178.0
female,47,174.0,69.0,14.0,83.0,40.4,3.857142857142857,54.0
female,35,140.0,47.0,26.0,101.0,40.6,5.884615384615385,153.0
male,39,175.0,79.0,22.0,99.0,40.5,5.363636363636363,118.0
male,46,182.0,81.0,9.0,88.0,39.5,4.111111111111111,37.0
female,41,176.0,71.0,13.0,89.0,39.9,4.384615384615385,57.0
female,35,145.0,48.0,4.0,90.0,38.9,4.75,19.0
female,45,161.0,59.0,3.0,74.0,38.3,3.0,9.0
male,26,185.0,85.0,15.0,93.0,40.2,3.933333333333333,59.0
male,20,168.0,73.0,6.0,89.0,39.4,2.8333333333333335,17.0
male,47,186.0,92.0,14.0,102.0,40.3,6.5,91.0
male,32,193.0,86.0,29.0,112.0,40.8,7.103448275862069,206.0
female,57,156.0,60.0,14.0,95.0,40.4,5.428571428571429,76.0
male,56,185.0,91.0,18.0,102.0,40.4,6.888888888888889,124.0
female,35,157.0,61.0,11.0,84.0,39.8,3.909090909090909,43.0
male,25,194.0,97.0,18.0,99.0,40.4,5.055555555555555,91.0
female,75,172.0,75.0,8.0,86.0,39.2,4.625,37.0
male,24,163.0,60.0,20.0,96.0,40.3,3.75,75.0
female,25,174.0,74.0,9.0,85.0,39.6,3.6666666666666665,33.0
female,39,165.0,66.0,13.0,93.0,40.3,4.846153846153846,63.0
male,55,171.0,73.0,14.0,101.0,40.0,6.285714285714286,88.0
female,63,170.0,71.0,3.0,74.0,38.7,3.3333333333333335,10.0
male,27,187.0,89.0,2.0,82.0,39.0,2.5,5.0
male,27,181.0,82.0,18.0,105.0,40.3,5.722222222222222,103.0
male,48,186.0,86.0,28.0,106.0,40.9,7.0,196.0
male,25,195.0,90.0,22.0,104.0,40.7,5.681818181818182,125.0
male,22,164.0,69.0,29.0,108.0,41.0,5.655172413793103,164.0
female,20,172.0,70.0,18.0,105.0,40.6,5.722222222222222,103.0
female,59,166.0,67.0,22.0,93.0,40.2,5.181818181818182,114.0
female,75,165.0,62.0,26.0,108.0,41.1,7.153846153846154,186.0
female,37,159.0,58.0,8.0,90.0,39.2,4.625,37.0
female,35,177.0,71.0,1.0,87.0,37.7,4.0,4.0
female,44,149.0,56.0,9.0,90.0,39.4,4.777777777777778,43.0
male,77,179.0,83.0,16.0,94.0,40.1,6.5,104.0
male,32,191.0,92.0,16.0,94.0,40.5,4.5625,73.0
female,72,159.0,61.0,11.0,83.0,39.9,4.454545454545454,49.0
female,65,187.0,82.0,8.0,90.0,39.2,4.75,38.0
female,20,157.0,49.0,24.0,111.0,40.1,6.666666666666667,160.0
female,49,154.0,52.0,5.0,82.0,38.9,4.0,20.0
female,29,165.0,62.0,21.0,102.0,40.5,5.666666666666667,119.0
male,28,186.0,83.0,26.0,106.0,41.0,5.961538461538462,155.0
male,20,175.0,78.0,24.0,107.0,40.5,5.625,135.0
male,43,191.0,91.0,10.0,93.0,39.8,4.9,49.0
female,42,150.0,52.0,25.0,98.0,40.7,5.64,141.0
female,29,161.0,58.0,2.0,77.0,38.1,3.0,6.0
male,59,166.0,70.0,17.0,90.0,40.2,4.764705882352941,81.0
female,24,167.0,62.0,17.0,88.0,40.3,4.117647058823529,70.0
male,24,199.0,102.0,4.0,86.0,39.2,3.25,13.0
female,63,157.0,61.0,10.0,87.0,39.8,4.7,47.0
male,52,183.0,84.0,30.0,112.0,41.0,8.033333333333333,241.0
female,72,168.0,66.0,26.0,109.0,41.0,7.153846153846154,186.0
male,61,185.0,85.0,2.0,73.0,38.2,2.5,5.0
male,32,175.0,79.0,8.0,98.0,39.9,4.875,39.0
male,30,165.0,69.0,13.0,92.0,39.9,3.6153846153846154,47.0
male,50,197.0,101.0,16.0,99.0,40.3,6.375,102.0
male,26,154.0,57.0,6.0,96.0,39.3,3.8333333333333335,23.0
female,21,146.0,49.0,6.0,81.0,39.6,3.5,21.0
male,29,175.0,73.0,27.0,98.0,40.9,4.592592592592593,124.0
female,59,157.0,60.0,25.0,107.0,40.7,6.8,170.0
female,64,152.0,52.0,2.0,92.0,38.1,5.5,11.0
female,48,182.0,80.0,10.0,92.0,40.0,4.7,47.0
female,77,183.0,76.0,2.0,81.0,38.3,4.0,8.0
male,39,199.0,104.0,26.0,101.0,40.7,6.1923076923076925,161.0
male,79,193.0,97.0,2.0,80.0,38.0,5.0,10.0
female,27,168.0,64.0,27.0,110.0,40.8,6.481481481481482,175.0
male,33,190.0,97.0,24.0,100.0,40.8,5.583333333333333,134.0
male,76,179.0,83.0,8.0,84.0,39.5,5.0,40.0
male,61,184.0,91.0,13.0,91.0,40.0,5.461538461538462,71.0
male,30,203.0,99.0,3.0,87.0,38.5,3.6666666666666665,11.0
male,35,156.0,57.0,10.0,88.0,39.5,3.0,30.0
male,32,180.0,87.0,11.0,90.0,39.9,3.8181818181818183,42.0
male,37,190.0,93.0,28.0,108.0,40.7,6.892857142857143,193.0
female,31,148.0,50.0,8.0,84.0,39.5,4.0,32.0
male,60,178.0,78.0,26.0,103.0,40.5,6.923076923076923,180.0
female,74,158.0,59.0,8.0,86.0,39.5,4.875,39.0
female,72,159.0,59.0,28.0,105.0,40.7,6.821428571428571,191.0
male,52,173.0,73.0,25.0,107.0,41.0,7.04,176.0
male,76,189.0,86.0,28.0,105.0,40.7,8.178571428571429,229.0
female,32,174.0,65.0,22.0,109.0,40.7,6.454545454545454,142.0
female,62,176.0,69.0,8.0,91.0,39.8,5.0,40.0
female,20,148.0,52.0,9.0,93.0,39.7,4.666666666666667,42.0
female,22,170.0,72.0,2.0,81.0,38.1,3.0,6.0
male,76,179.0,86.0,28.0,112.0,40.8,9.25,259.0
female,21,168.0,65.0,28.0,112.0,41.0,6.571428571428571,184.0
female,23,155.0,57.0,5.0,91.0,39.0,4.4,22.0
male,31,196.0,96.0,11.0,85.0,40.1,3.1818181818181817,35.0
female,21,171.0,68.0,9.0,81.0,39.7,3.2222222222222223,29.0
male,34,173.0,73.0,18.0,108.0,40.4,6.333333333333333,114.0
male,67,195.0,94.0,28.0,100.0,40.8,7.178571428571429,201.0
male,24,187.0,91.0,6.0,84.0,39.0,2.6666666666666665,16.0
female,71,174.0,73.0,5.0,82.0,39.2,4.2,21.0
male,20,179.0,78.0,15.0,88.0,40.3,2.7333333333333334,41.0
female,28,159.0,62.0,7.0,89.0,39.0,4.285714285714286,30.0
female,77,152.0,56.0,27.0,107.0,40.7,7.148148148148148,193.0
male,35,170.0,76.0,11.0,95.0,39.8,4.454545454545454,49.0
female,35,156.0,51.0,27.0,102.0,40.7,5.962962962962963,161.0
male,35,193.0,90.0,23.0,97.0,40.7,5.086956521739131,117.0
male,47,185.0,91.0,12.0,101.0,39.7,6.333333333333333,76.0
female,63,167.0,66.0,25.0,101.0,40.8,6.12,153.0
female,23,153.0,55.0,26.0,98.0,40.8,5.269230769230769,137.0
female,56,165.0,61.0,29.0,106.0,41.1,6.620689655172414,192.0
female,49,158.0,58.0,23.0,99.0,40.8,5.782608695652174,133.0
female,29,157.0,57.0,28.0,101.0,40.8,5.642857142857143,158.0
female,44,168.0,70.0,18.0,94.0,40.3,5.0,90.0
female,55,146.0,49.0,20.0,92.0,40.2,5.25,105.0
male,77,187.0,91.0,30.0,107.0,41.0,8.633333333333333,259.0
male,60,195.0,89.0,24.0,108.0,40.4,7.916666666666667,190.0
female,33,177.0,74.0,4.0,83.0,39.0,3.5,14.0
female,25,152.0,53.0,4.0,80.0,39.2,3.5,14.0
female,64,153.0,54.0,16.0,95.0,40.1,5.6875,91.0
female,54,155.0,59.0,16.0,91.0,40.5,5.0,80.0
male,26,180.0,84.0,14.0,94.0,40.3,4.071428571428571,57.0
male,75,169.0,72.0,23.0,104.0,40.8,7.695652173913044,177.0
male,24,177.0,71.0,27.0,109.0,40.8,5.962962962962963,161.0
female,22,170.0,68.0,26.0,109.0,40.7,6.230769230769231,162.0
male,41,180.0,87.0,15.0,96.0,39.9,5.133333333333334,77.0
male,65,176.0,88.0,30.0,110.0,40.4,8.466666666666667,254.0
male,53,188.0,88.0,16.0,96.0,40.5,5.75,92.0
female,30,168.0,64.0,4.0,90.0,39.0,4.5,18.0
male,61,187.0,87.0,23.0,98.0,40.8,6.434782608695652,148.0
female,63,153.0,55.0,16.0,104.0,40.1,6.625,106.0
male,29,180.0,78.0,18.0,97.0,40.2,4.555555555555555,82.0
female,51,169.0,70.0,9.0,98.0,39.8,5.555555555555555,50.0
female,66,169.0,71.0,17.0,101.0,40.4,6.117647058823529,104.0
female,33,178.0,72.0,9.0,89.0,39.9,4.222222222222222,38.0
female,29,149.0,49.0,6.0,88.0,38.9,4.333333333333333,26.0
female,53,177.0,76.0,15.0,94.0,40.1,5.066666666666666,76.0
male,51,198.0,95.0,19.0,98.0,40.5,6.105263157894737,116.0
male,35,186.0,88.0,20.0,97.0,40.4,5.05,101.0
female,49,172.0,71.0,13.0,91.0,39.9,4.769230769230769,62.0
female,21,156.0,53.0,26.0,104.0,40.8,5.884615384615385,153.0
male,46,187.0,89.0,13.0,101.0,40.3,6.230769230769231,81.0
male,35,189.0,91.0,22.0,104.0,40.5,6.181818181818182,136.0
female,39,160.0,66.0,5.0,80.0,39.0,3.4,17.0
female,57,178.0,73.0,23.0,102.0,40.3,6.043478260869565,139.0
female,57,151.0,54.0,4.0,79.0,38.6,3.75,15.0
female,46,166.0,66.0,8.0,90.0,39.8,4.625,37.0
male,42,196.0,95.0,18.0,94.0,40.4,5.055555555555555,91.0
female,23,165.0,66.0,24.0,102.0,40.6,5.541666666666667,133.0
female,72,177.0,79.0,1.0,83.0,37.8,4.0,4.0
female,60,164.0,63.0,15.0,91.0,40.0,5.066666666666666,76.0
female,38,166.0,63.0,24.0,106.0,40.5,6.25,150.0
female,21,174.0,63.0,1.0,84.0,38.0,4.0,4.0
male,32,170.0,73.0,19.0,99.0,40.5,4.894736842105263,93.0
male,29,168.0,73.0,14.0,93.0,40.3,3.857142857142857,54.0
male,55,175.0,81.0,20.0,106.0,40.9,7.2,144.0
female,44,163.0,62.0,11.0,95.0,39.8,5.181818181818182,57.0
male,28,186.0,95.0,18.0,98.0,40.0,5.0,90.0
female,77,165.0,65.0,12.0,93.0,40.4,5.5,66.0
female,56,155.0,57.0,5.0,84.0,39.3,4.4,22.0
male,25,191.0,94.0,16.0,95.0,40.3,4.375,70.0
female,44,164.0,63.0,24.0,105.0,40.7,6.25,150.0
male,79,207.0,119.0,14.0,94.0,39.9,7.357142857142857,103.0
female,50,176.0,73.0,10.0,85.0,40.0,4.1,41.0
male,38,170.0,75.0,21.0,100.0,40.5,5.380952380952381,113.0
male,23,162.0,65.0,29.0,107.0,40.9,5.482758620689655,159.0
male,22,194.0,93.0,1.0,87.0,37.9,3.0,3.0
male,35,202.0,105.0,5.0,81.0,39.3,3.0,15.0
female,29,162.0,62.0,28.0,111.0,40.8,6.642857142857143,186.0
male,71,181.0,87.0,3.0,82.0,38.4,4.333333333333333,13.0
female,64,164.0,67.0,13.0,94.0,40.2,5.384615384615385,70.0
female,26,159.0,61.0,7.0,88.0,39.5,4.142857142857143,29.0
male,30,197.0,97.0,25.0,108.0,40.7,6.64,166.0
female,77,163.0,65.0,11.0,90.0,39.8,5.181818181818182,57.0
male,22,172.0,75.0,25.0,106.0,40.8,5.48,137.0
female,59,151.0,52.0,25.0,104.0,40.8,6.56,164.0
male,73,185.0,88.0,10.0,92.0,39.7,6.1,61.0
female,66,171.0,62.0,3.0,80.0,38.6,4.0,12.0
female,79,151.0,52.0,8.0,79.0,39.7,4.25,34.0
female,65,175.0,78.0,25.0,107.0,40.5,6.64,166.0
male,34,182.0,84.0,23.0,101.0,40.4,5.521739130434782,127.0
female,43,158.0,60.0,18.0,101.0,40.4,5.833333333333333,105.0
male,68,187.0,90.0,14.0,90.0,40.2,5.642857142857143,79.0
female,55,155.0,55.0,9.0,88.0,40.0,4.777777777777778,43.0
female,41,167.0,61.0,29.0,103.0,41.2,6.0344827586206895,175.0
female,68,154.0,57.0,22.0,92.0,40.9,5.363636363636363,118.0
female,38,156.0,57.0,11.0,87.0,39.9,4.2727272727272725,47.0
male,29,182.0,79.0,29.0,100.0,40.7,5.0,145.0
female,29,160.0,62.0,19.0,98.0,40.6,5.2631578947368425,100.0
female,52,161.0,64.0,24.0,96.0,41.0,5.416666666666667,130.0
female,73,166.0,65.0,7.0,83.0,39.5,4.428571428571429,31.0
male,38,164.0,73.0,14.0,91.0,40.1,3.9285714285714284,55.0
female,61,162.0,63.0,14.0,96.0,40.2,5.571428571428571,78.0
female,54,166.0,71.0,23.0,103.0,40.7,6.130434782608695,141.0
female,72,186.0,84.0,13.0,93.0,40.0,5.153846153846154,67.0
male,39,182.0,81.0,24.0,92.0,40.5,4.333333333333333,104.0
male,76,182.0,91.0,6.0,90.0,39.5,6.0,36.0
female,42,170.0,75.0,14.0,98.0,40.3,5.285714285714286,74.0
male,20,189.0,90.0,27.0,98.0,40.7,4.518518518518518,122.0
male,20,209.0,109.0,23.0,99.0,40.6,5.086956521739131,117.0
male,25,174.0,76.0,5.0,88.0,39.4,3.0,15.0
male,27,189.0,82.0,27.0,109.0,40.6,6.333333333333333,171.0
female,29,152.0,55.0,14.0,105.0,39.9,6.071428571428571,85.0
female,25,164.0,62.0,8.0,85.0,39.5,3.75,30.0
male,28,189.0,89.0,29.0,107.0,40.8,6.241379310344827,181.0
female,28,172.0,63.0,1.0,81.0,37.7,3.0,3.0
female,47,172.0,75.0,19.0,101.0,40.5,5.7368421052631575,109.0
female,30,168.0,63.0,11.0,98.0,40.0,5.2727272727272725,58.0
female,33,182.0,73.0,17.0,97.0,40.4,5.0588235294117645,86.0
male,50,169.0,74.0,30.0,113.0,40.8,7.866666666666666,236.0
male,42,176.0,82.0,6.0,77.0,39.0,2.1666666666666665,13.0
male,64,169.0,79.0,27.0,96.0,40.5,6.111111111111111,165.0
female,71,159.0,64.0,11.0,85.0,39.7,4.545454545454546,50.0
male,77,184.0,88.0,26.0,111.0,40.5,9.192307692307692,239.0
female,46,175.0,74.0,1.0,77.0,37.9,3.0,3.0
male,77,203.0,102.0,15.0,94.0,40.1,6.933333333333334,104.0
male,28,199.0,94.0,26.0,105.0,40.6,6.038461538461538,157.0
female,63,168.0,68.0,18.0,104.0,40.6,6.444444444444445,116.0
male,32,180.0,86.0,23.0,106.0,40.6,6.217391304347826,143.0
male,29,169.0,73.0,21.0,100.0,40.3,4.904761904761905,103.0
female,23,183.0,75.0,9.0,85.0,39.9,3.5555555555555554,32.0
male,59,194.0,95.0,30.0,109.0,40.6,8.166666666666666,245.0
male,50,184.0,92.0,8.0,90.0,39.6,4.75,38.0
male,22,191.0,93.0,14.0,98.0,40.2,4.642857142857143,65.0
male,43,170.0,79.0,6.0,90.0,39.3,4.166666666666667,25.0
female,26,161.0,60.0,9.0,82.0,39.8,3.5555555555555554,32.0
male,32,174.0,70.0,3.0,92.0,38.7,3.6666666666666665,11.0
male,22,189.0,88.0,14.0,96.0,39.9,4.285714285714286,60.0
female,41,154.0,58.0,6.0,91.0,39.2,4.833333333333333,29.0
male,79,184.0,87.0,5.0,87.0,39.1,5.6,28.0
female,22,173.0,67.0,29.0,103.0,40.8,5.586206896551724,162.0
male,76,185.0,92.0,7.0,93.0,39.6,6.571428571428571,46.0
male,54,166.0,67.0,2.0,76.0,38.6,2.5,5.0
male,49,169.0,80.0,3.0,82.0,38.4,3.3333333333333335,10.0
male,28,169.0,67.0,23.0,103.0,40.7,5.173913043478261,119.0
male,51,193.0,91.0,15.0,104.0,40.4,6.933333333333334,104.0
female,46,171.0,68.0,15.0,86.0,40.3,4.2,63.0
male,55,205.0,114.0,26.0,112.0,40.4,8.846153846153847,230.0
female,57,171.0,76.0,15.0,97.0,40.3,5.466666666666667,82.0
female,37,174.0,69.0,26.0,104.0,40.8,5.961538461538462,155.0
female,61,170.0,68.0,3.0,82.0,38.8,4.0,12.0
female,46,170.0,72.0,15.0,99.0,40.2,5.533333333333333,83.0
female,62,156.0,55.0,7.0,87.0,39.5,4.714285714285714,33.0
male,75,170.0,76.0,19.0,107.0,40.3,8.210526315789474,156.0
male,29,191.0,86.0,15.0,85.0,40.2,2.933333333333333,44.0
female,63,179.0,73.0,20.0,95.0,40.3,5.4,108.0
male,50,208.0,112.0,13.0,91.0,40.3,5.384615384615385,70.0
male,43,178.0,77.0,27.0,107.0,40.9,6.703703703703703,181.0
female,78,153.0,54.0,13.0,84.0,40.3,4.769230769230769,62.0
female,22,167.0,64.0,7.0,91.0,39.4,4.428571428571429,31.0
female,48,153.0,55.0,29.0,115.0,40.8,7.517241379310345,218.0
male,25,206.0,111.0,3.0,91.0,38.8,4.0,12.0
male,46,177.0,76.0,21.0,100.0,40.4,5.761904761904762,121.0
female,61,165.0,63.0,24.0,111.0,40.5,7.208333333333333,173.0
female,20,168.0,60.0,13.0,96.0,40.0,4.923076923076923,64.0
female,20,183.0,81.0,5.0,87.0,39.2,3.6,18.0
male,24,199.0,103.0,14.0,87.0,39.9,3.357142857142857,47.0
male,43,180.0,80.0,2.0,74.0,38.7,2.0,4.0
male,32,176.0,83.0,10.0,99.0,39.7,5.1,51.0
male,44,189.0,95.0,12.0,94.0,40.0,5.166666666666667,62.0
male,62,184.0,83.0,8.0,75.0,39.5,2.875,23.0
female,36,160.0,57.0,7.0,93.0,39.2,4.857142857142857,34.0
male,32,187.0,87.0,2.0,83.0,38.2,3.0,6.0
female,25,170.0,62.0,19.0,96.0,40.5,5.0,95.0
female,60,166.0,67.0,8.0,80.0,39.5,3.875,31.0
female,43,168.0,66.0,20.0,102.0,40.2,5.9,118.0
male,20,171.0,77.0,3.0,86.0,38.6,2.3333333333333335,7.0
female,68,166.0,64.0,18.0,94.0,40.6,5.5,99.0
female,41,143.0,48.0,2.0,74.0,37.9,3.0,6.0
female,37,171.0,66.0,25.0,106.0,40.7,6.2,155.0
female,49,152.0,50.0,5.0,93.0,39.4,5.2,26.0
female,21,161.0,62.0,14.0,95.0,40.4,4.785714285714286,67.0
male,43,199.0,106.0,28.0,107.0,40.7,7.321428571428571,205.0
female,21,187.0,81.0,16.0,89.0,40.2,3.875,62.0
male,79,165.0,73.0,13.0,79.0,40.0,4.153846153846154,54.0
male,21,175.0,77.0,26.0,102.0,41.0,4.884615384615385,127.0
male,46,193.0,92.0,9.0,87.0,40.2,4.111111111111111,37.0
female,73,148.0,53.0,2.0,79.0,38.0,4.0,8.0
female,23,161.0,59.0,20.0,106.0,40.4,6.05,121.0
male,61,190.0,90.0,7.0,85.0,39.6,4.571428571428571,32.0
female,31,151.0,49.0,5.0,84.0,38.8,4.0,20.0
female,60,158.0,59.0,4.0,77.0,38.6,3.5,14.0
female,30,141.0,45.0,14.0,95.0,40.4,5.214285714285714,73.0
female,47,169.0,65.0,2.0,75.0,38.2,3.0,6.0
female,47,165.0,67.0,17.0,96.0,40.4,5.294117647058823,90.0
male,26,211.0,113.0,15.0,103.0,40.1,6.066666666666666,91.0
male,26,184.0,86.0,8.0,96.0,39.4,4.375,35.0
female,79,150.0,58.0,17.0,97.0,40.4,6.117647058823529,104.0
male,21,175.0,71.0,3.0,88.0,38.7,2.6666666666666665,8.0
male,58,188.0,88.0,18.0,93.0,40.6,5.555555555555555,100.0
female,64,153.0,57.0,26.0,111.0,40.8,7.346153846153846,191.0
male,39,182.0,87.0,11.0,85.0,39.9,3.3636363636363638,37.0
male,23,191.0,95.0,23.0,105.0,40.5,5.826086956521739,134.0
female,41,165.0,62.0,26.0,113.0,40.8,7.076923076923077,184.0
male,21,167.0,65.0,21.0,102.0,40.5,4.619047619047619,97.0
female,53,161.0,64.0,19.0,99.0,40.7,5.7894736842105265,110.0
female,63,156.0,56.0,17.0,104.0,40.6,6.588235294117647,112.0
male,25,184.0,84.0,7.0,82.0,39.3,2.2857142857142856,16.0
male,33,188.0,91.0,29.0,113.0,40.8,7.413793103448276,215.0
female,79,154.0,56.0,5.0,89.0,39.3,5.2,26.0
male,67,193.0,97.0,22.0,102.0,40.7,7.545454545454546,166.0
male,75,185.0,86.0,1.0,85.0,37.8,5.0,5.0
male,35,196.0,88.0,7.0,88.0,39.6,3.7142857142857144,26.0
male,37,182.0,83.0,26.0,109.0,40.4,6.846153846153846,178.0
male,39,190.0,91.0,19.0,112.0,40.4,7.578947368421052,144.0
male,78,170.0,78.0,14.0,103.0,40.1,7.785714285714286,109.0
male,79,190.0,94.0,27.0,106.0,40.7,8.666666666666666,234.0
female,34,167.0,66.0,12.0,99.0,39.9,5.416666666666667,65.0
male,34,181.0,78.0,3.0,86.0,38.2,3.0,9.0
male,20,183.0,88.0,16.0,97.0,40.5,4.3125,69.0
male,37,173.0,81.0,3.0,82.0,38.8,2.6666666666666665,8.0
female,25,169.0,67.0,15.0,96.0,40.2,4.933333333333334,74.0
male,32,177.0,82.0,7.0,83.0,39.4,2.7142857142857144,19.0
male,48,173.0,78.0,15.0,101.0,40.1,6.066666666666666,91.0
female,25,172.0,69.0,17.0,94.0,40.3,4.647058823529412,79.0
male,35,180.0,79.0,29.0,115.0,40.7,7.551724137931035,219.0
female,22,174.0,67.0,6.0,98.0,39.3,5.0,30.0
female,20,176.0,70.0,9.0,87.0,39.7,3.7777777777777777,34.0
male,43,184.0,88.0,4.0,89.0,39.2,4.25,17.0
female,20,160.0,60.0,22.0,100.0,40.5,5.363636363636363,118.0
female,41,165.0,63.0,17.0,97.0,40.5,5.352941176470588,91.0
female,26,164.0,57.0,27.0,107.0,40.8,6.222222222222222,168.0
female,21,150.0,51.0,21.0,97.0,40.2,5.142857142857143,108.0
female,50,167.0,59.0,2.0,84.0,38.6,4.0,8.0
male,58,190.0,87.0,23.0,98.0,40.9,6.304347826086956,145.0
female,47,158.0,61.0,17.0,93.0,40.4,5.0588235294117645,86.0
male,22,183.0,84.0,29.0,102.0,40.5,5.103448275862069,148.0
female,22,161.0,63.0,1.0,73.0,37.5,2.0,2.0
female,63,177.0,72.0,20.0,97.0,40.3,5.6,112.0
male,27,184.0,87.0,8.0,93.0,39.9,4.0,32.0
female,61,161.0,58.0,15.0,91.0,40.2,5.133333333333334,77.0
male,22,174.0,74.0,15.0,99.0,40.1,4.4,66.0
female,34,156.0,51.0,3.0,90.0,38.7,4.666666666666667,14.0
female,70,156.0,62.0,8.0,87.0,39.4,4.75,38.0
male,58,195.0,93.0,18.0,89.0,40.3,5.055555555555555,91.0
female,40,172.0,59.0,8.0,83.0,39.3,3.875,31.0
female,52,162.0,67.0,1.0,82.0,38.1,4.0,4.0
female,24,143.0,48.0,12.0,96.0,39.6,5.166666666666667,62.0
male,37,189.0,85.0,21.0,106.0,40.4,6.428571428571429,135.0
male,75,187.0,92.0,7.0,86.0,39.5,5.428571428571429,38.0
female,23,173.0,72.0,18.0,94.0,40.0,4.611111111111111,83.0
female,28,166.0,64.0,18.0,100.0,40.5,5.444444444444445,98.0
male,22,193.0,93.0,9.0,98.0,39.7,4.666666666666667,42.0
male,47,179.0,79.0,6.0,74.0,39.3,2.0,12.0
male,25,196.0,92.0,3.0,83.0,38.5,2.6666666666666665,8.0
male,40,178.0,88.0,10.0,91.0,39.9,4.4,44.0
female,33,169.0,71.0,24.0,104.0,40.9,5.833333333333333,140.0
female,39,156.0,55.0,15.0,95.0,39.9,5.2,78.0
male,30,175.0,74.0,27.0,111.0,40.9,6.62962962962963,179.0
female,33,160.0,56.0,28.0,108.0,40.6,6.5,182.0
female,27,182.0,71.0,7.0,89.0,39.6,4.142857142857143,29.0
female,27,156.0,62.0,19.0,103.0,40.3,5.7368421052631575,109.0
male,43,179.0,75.0,7.0,91.0,39.3,4.285714285714286,30.0
female,21,175.0,69.0,10.0,98.0,39.7,5.0,50.0
female,60,152.0,52.0,27.0,115.0,40.7,7.777777777777778,210.0
male,60,178.0,78.0,4.0,86.0,39.4,4.5,18.0
male,25,187.0,86.0,26.0,95.0,40.5,4.230769230769231,110.0
female,27,153.0,55.0,15.0,93.0,39.9,4.8,72.0
female,33,166.0,63.0,27.0,108.0,40.7,6.37037037037037,172.0
female,47,158.0,57.0,2.0,79.0,38.3,3.5,7.0
female,61,166.0,64.0,21.0,106.0,40.4,6.666666666666667,140.0
male,54,181.0,80.0,21.0,100.0,40.5,6.238095238095238,131.0
female,35,147.0,47.0,15.0,90.0,40.3,4.733333333333333,71.0
female,26,174.0,72.0,28.0,104.0,40.5,5.714285714285714,160.0
female,30,161.0,61.0,26.0,116.0,40.8,7.230769230769231,188.0
male,41,185.0,86.0,22.0,104.0,40.5,6.363636363636363,140.0
female,47,159.0,59.0,28.0,105.0,41.0,6.357142857142857,178.0
male,54,190.0,94.0,29.0,111.0,40.5,8.206896551724139,238.0
male,57,169.0,72.0,8.0,84.0,39.7,3.75,30.0
male,46,177.0,80.0,23.0,105.0,40.7,6.608695652173913,152.0
female,25,160.0,61.0,3.0,81.0,38.3,3.3333333333333335,10.0
female,30,162.0,58.0,23.0,106.0,40.6,6.173913043478261,142.0
female,51,162.0,59.0,21.0,107.0,40.7,6.666666666666667,140.0
female,32,172.0,69.0,26.0,109.0,40.8,6.384615384615385,166.0
female,40,165.0,64.0,8.0,87.0,39.9,4.25,34.0
male,55,199.0,101.0,16.0,96.0,40.3,6.125,98.0
female,40,167.0,59.0,29.0,121.0,41.1,7.9655172413793105,231.0
female,31,190.0,82.0,25.0,114.0,40.9,6.72,168.0
male,77,202.0,103.0,17.0,92.0,40.1,6.647058823529412,113.0
female,23,156.0,55.0,3.0,84.0,38.2,3.6666666666666665,11.0
female,23,161.0,67.0,26.0,95.0,40.8,4.769230769230769,124.0
male,74,183.0,91.0,19.0,97.0,40.7,7.0,133.0
female,51,164.0,60.0,19.0,92.0,40.3,5.052631578947368,96.0
female,21,164.0,62.0,5.0,81.0,39.4,3.4,17.0
male,79,173.0,77.0,19.0,106.0,40.4,8.263157894736842,157.0
female,53,167.0,64.0,8.0,89.0,39.9,4.75,38.0
female,43,162.0,64.0,30.0,105.0,41.2,6.233333333333333,187.0
male,46,184.0,85.0,16.0,96.0,40.5,5.375,86.0
female,28,172.0,73.0,22.0,99.0,40.5,5.181818181818182,114.0
female,61,162.0,66.0,10.0,84.0,39.8,4.3,43.0
female,48,182.0,78.0,6.0,79.0,39.3,3.3333333333333335,20.0
male,44,177.0,77.0,13.0,95.0,40.2,4.923076923076923,64.0
male,78,172.0,80.0,3.0,86.0,38.8,5.333333333333333,16.0
male,29,196.0,92.0,20.0,92.0,40.6,4.1,82.0
male,31,179.0,82.0,6.0,87.0,39.1,3.1666666666666665,19.0
male,28,177.0,86.0,26.0,113.0,40.9,7.076923076923077,184.0
female,25,174.0,72.0,9.0,93.0,39.6,4.555555555555555,41.0
male,37,189.0,87.0,30.0,120.0,41.2,8.6,258.0
female,69,170.0,71.0,25.0,99.0,40.7,5.96,149.0
female,36,166.0,65.0,17.0,100.0,40.8,5.529411764705882,94.0
female,64,159.0,59.0,29.0,112.0,41.3,7.413793103448276,215.0
female,26,167.0,65.0,19.0,98.0,40.6,5.157894736842105,98.0
female,20,171.0,72.0,25.0,107.0,40.7,5.92,148.0
female,36,176.0,74.0,27.0,102.0,40.8,5.62962962962963,152.0
female,22,177.0,71.0,15.0,98.0,40.4,5.0,75.0
female,65,176.0,75.0,28.0,111.0,40.6,7.107142857142857,199.0
male,31,182.0,83.0,20.0,101.0,40.9,5.35,107.0
female,39,164.0,63.0,26.0,110.0,40.7,6.6923076923076925,174.0
male,21,199.0,104.0,18.0,99.0,40.6,5.0,90.0
male,43,179.0,82.0,9.0,90.0,39.9,4.222222222222222,38.0
male,20,190.0,93.0,12.0,94.0,39.9,4.0,48.0
male,54,180.0,87.0,13.0,100.0,40.0,6.384615384615385,83.0
male,28,194.0,99.0,23.0,95.0,40.6,4.6521739130434785,107.0
female,22,155.0,52.0,16.0,93.0,40.0,4.75,76.0
male,49,195.0,106.0,24.0,111.0,40.5,8.208333333333334,197.0
male,34,182.0,88.0,13.0,106.0,40.2,6.384615384615385,83.0
female,57,154.0,57.0,19.0,88.0,40.5,4.7368421052631575,90.0
male,31,178.0,76.0,14.0,93.0,40.3,4.0,56.0
female,54,155.0,60.0,19.0,110.0,40.4,7.0,133.0
male,24,184.0,84.0,19.0,97.0,40.3,4.421052631578948,84.0
female,66,162.0,66.0,24.0,99.0,40.7,5.958333333333333,143.0
male,22,187.0,81.0,15.0,97.0,40.3,4.266666666666667,64.0
female,23,160.0,59.0,5.0,88.0,39.4,4.2,21.0
female,51,157.0,58.0,26.0,102.0,40.7,6.115384615384615,159.0
male,72,185.0,89.0,12.0,85.0,40.1,5.0,60.0
male,38,186.0,88.0,17.0,94.0,39.8,4.764705882352941,81.0
female,60,170.0,68.0,25.0,102.0,41.3,6.16,154.0
male,54,195.0,92.0,11.0,84.0,40.3,4.090909090909091,45.0
female,44,170.0,69.0,24.0,97.0,40.7,5.333333333333333,128.0
male,45,177.0,85.0,7.0,89.0,39.5,4.285714285714286,30.0
male,23,179.0,80.0,22.0,100.0,40.7,4.7272727272727275,104.0
female,68,175.0,75.0,10.0,85.0,39.9,4.4,44.0
male,37,179.0,82.0,28.0,101.0,40.7,5.607142857142857,157.0
male,34,181.0,78.0,8.0,86.0,39.6,3.125,25.0
male,63,184.0,84.0,27.0,111.0,40.6,8.407407407407407,227.0
female,70,181.0,84.0,8.0,96.0,39.4,5.5,44.0
female,29,173.0,71.0,17.0,89.0,40.4,4.176470588235294,71.0
female,63,148.0,46.0,9.0,90.0,39.5,5.222222222222222,47.0
female,32,180.0,75.0,7.0,92.0,39.0,4.428571428571429,31.0
female,26,175.0,71.0,7.0,90.0,39.5,4.285714285714286,30.0
female,70,172.0,73.0,3.0,80.0,38.6,4.0,12.0
male,76,176.0,81.0,24.0,94.0,40.7,6.416666666666667,154.0
female,34,164.0,67.0,3.0,82.0,38.8,3.6666666666666665,11.0
male,64,191.0,94.0,15.0,99.0,40.4,6.866666666666666,103.0
female,52,172.0,72.0,11.0,98.0,39.9,5.545454545454546,61.0
male,56,198.0,99.0,6.0,86.0,39.2,4.666666666666667,28.0
male,72,188.0,91.0,12.0,83.0,40.2,4.75,57.0
female,27,173.0,68.0,18.0,99.0,40.4,5.222222222222222,94.0
female,67,145.0,52.0,26.0,108.0,40.7,7.153846153846154,186.0
male,21,191.0,94.0,18.0,95.0,40.4,4.222222222222222,76.0
female,70,170.0,66.0,3.0,86.0,38.8,4.666666666666667,14.0
male,40,181.0,81.0,9.0,88.0,40.0,3.7777777777777777,34.0
female,21,175.0,74.0,12.0,96.0,40.0,4.75,57.0
male,20,187.0,81.0,16.0,91.0,40.1,3.25,52.0
female,45,160.0,64.0,21.0,102.0,40.7,5.9523809523809526,125.0
male,36,183.0,88.0,6.0,88.0,38.8,3.6666666666666665,22.0
female,76,172.0,68.0,12.0,96.0,40.2,5.833333333333333,70.0
female,29,169.0,71.0,1.0,84.0,38.0,4.0,4.0
male,64,188.0,87.0,10.0,90.0,40.2,5.4,54.0
male,69,188.0,85.0,14.0,106.0,40.0,8.0,112.0
female,41,174.0,71.0,23.0,111.0,40.6,6.739130434782608,155.0
female,43,163.0,57.0,17.0,92.0,40.2,4.9411764705882355,84.0
female,47,154.0,53.0,25.0,103.0,40.6,6.24,156.0
male,49,173.0,79.0,27.0,109.0,40.8,7.333333333333333,198.0
male,37,194.0,102.0,15.0,95.0,40.2,5.133333333333334,77.0
male,52,186.0,90.0,5.0,80.0,38.7,3.4,17.0
male,36,208.0,109.0,13.0,91.0,40.3,4.615384615384615,60.0
male,74,197.0,103.0,19.0,98.0,40.5,7.421052631578948,141.0
female,26,163.0,66.0,10.0,96.0,39.8,4.9,49.0
male,47,172.0,76.0,16.0,100.0,40.4,5.8125,93.0
female,26,181.0,73.0,1.0,75.0,37.8,3.0,3.0
male,35,174.0,73.0,30.0,114.0,40.9,7.3,219.0
male,45,179.0,78.0,24.0,114.0,40.6,7.875,189.0
female,78,166.0,65.0,12.0,94.0,39.9,5.666666666666667,68.0
female,54,162.0,59.0,24.0,114.0,40.8,7.458333333333333,179.0
female,59,169.0,69.0,3.0,90.0,39.0,5.0,15.0
male,66,185.0,90.0,13.0,82.0,40.1,4.3076923076923075,56.0
male,28,180.0,86.0,16.0,98.0,40.2,4.8125,77.0
female,31,170.0,69.0,9.0,93.0,39.8,4.666666666666667,42.0
male,21,197.0,100.0,24.0,93.0,40.5,4.041666666666667,97.0
female,25,161.0,59.0,30.0,103.0,40.8,5.766666666666667,173.0
female,43,174.0,73.0,10.0,90.0,39.9,4.5,45.0
male,33,192.0,98.0,10.0,97.0,39.8,5.2,52.0
female,22,152.0,55.0,22.0,98.0,40.5,5.2272727272727275,115.0
female,29,169.0,64.0,21.0,95.0,40.3,4.904761904761905,103.0
male,46,183.0,82.0,24.0,113.0,40.7,7.875,189.0
female,55,171.0,67.0,20.0,95.0,40.3,5.35,107.0
male,29,185.0,88.0,16.0,96.0,40.3,4.625,74.0
female,20,163.0,56.0,25.0,107.0,40.6,6.16,154.0
female,30,157.0,62.0,20.0,98.0,40.5,5.3,106.0
male,65,204.0,112.0,25.0,106.0,40.9,8.36,209.0
female,31,164.0,57.0,18.0,94.0,40.3,4.944444444444445,89.0
male,45,158.0,61.0,20.0,97.0,40.7,4.95,99.0
male,78,187.0,96.0,29.0,103.0,40.6,8.206896551724139,238.0
male,22,176.0,73.0,3.0,84.0,39.1,2.0,6.0
male,35,172.0,75.0,22.0,98.0,40.9,4.909090909090909,108.0
female,30,159.0,60.0,16.0,89.0,40.4,4.3125,69.0
male,28,195.0,99.0,18.0,101.0,40.7,5.555555555555555,100.0
female,47,158.0,60.0,30.0,101.0,40.9,5.933333333333334,178.0
male,31,203.0,111.0,27.0,110.0,41.1,7.296296296296297,197.0
female,77,154.0,61.0,8.0,88.0,39.4,5.0,40.0
male,56,165.0,74.0,25.0,93.0,40.8,5.16,129.0
male,58,203.0,101.0,15.0,101.0,40.1,7.066666666666666,106.0
female,56,157.0,62.0,6.0,91.0,39.6,5.0,30.0
female,74,173.0,78.0,30.0,107.0,40.9,6.8,204.0
male,31,183.0,80.0,21.0,99.0,40.4,5.0,105.0
female,62,148.0,54.0,20.0,97.0,40.1,5.85,117.0
female,27,164.0,59.0,19.0,92.0,40.6,4.631578947368421,88.0
male,63,193.0,93.0,28.0,111.0,41.0,8.607142857142858,241.0
female,66,158.0,53.0,19.0,103.0,40.6,6.578947368421052,125.0
male,40,201.0,98.0,24.0,110.0,40.7,7.458333333333333,179.0
male,58,162.0,63.0,9.0,88.0,39.4,4.222222222222222,38.0
female,50,165.0,61.0,12.0,91.0,40.4,4.916666666666667,59.0
male,29,193.0,92.0,4.0,85.0,39.0,3.0,12.0
female,68,181.0,81.0,25.0,113.0,40.5,7.28,182.0
male,77,178.0,80.0,11.0,90.0,40.1,5.818181818181818,64.0
male,31,184.0,89.0,15.0,105.0,39.9,6.066666666666666,91.0
female,40,162.0,64.0,2.0,87.0,38.1,4.5,9.0
male,51,205.0,109.0,14.0,94.0,40.1,5.785714285714286,81.0
male,23,180.0,73.0,26.0,105.0,41.1,5.346153846153846,139.0
male,21,176.0,79.0,18.0,97.0,40.5,4.166666666666667,75.0
male,25,186.0,90.0,1.0,84.0,37.9,3.0,3.0
female,38,170.0,65.0,3.0,85.0,39.1,4.0,12.0
female,23,156.0,58.0,4.0,85.0,39.1,3.75,15.0
male,37,185.0,81.0,1.0,84.0,38.0,3.0,3.0
female,54,169.0,66.0,3.0,80.0,38.9,3.6666666666666665,11.0
male,47,194.0,98.0,19.0,102.0,40.5,6.578947368421052,125.0
female,37,190.0,81.0,26.0,103.0,40.9,5.6923076923076925,148.0
female,23,183.0,71.0,17.0,91.0,40.5,4.294117647058823,73.0
male,28,187.0,87.0,13.0,97.0,40.1,4.6923076923076925,61.0
female,58,160.0,62.0,7.0,87.0,39.3,4.571428571428571,32.0
male,47,171.0,75.0,29.0,116.0,41.1,8.206896551724139,238.0
male,38,200.0,99.0,16.0,100.0,40.2,5.875,94.0
male,75,171.0,75.0,2.0,81.0,38.4,4.5,9.0
female,59,176.0,73.0,6.0,82.0,39.2,4.0,24.0
male,24,179.0,81.0,16.0,90.0,40.3,3.3125,53.0
male,26,187.0,93.0,26.0,106.0,40.7,6.076923076923077,158.0
male,30,177.0,82.0,19.0,89.0,40.7,3.473684210526316,66.0
male,78,193.0,97.0,2.0,84.0,38.3,5.5,11.0
female,21,158.0,58.0,4.0,69.0,38.7,2.0,8.0
male,56,183.0,80.0,20.0,97.0,40.6,5.9,118.0
female,40,169.0,70.0,18.0,97.0,40.5,5.222222222222222,94.0
female,20,173.0,70.0,16.0,92.0,40.4,4.375,70.0
male,37,191.0,85.0,23.0,101.0,40.3,5.695652173913044,131.0
female,20,160.0,60.0,24.0,100.0,40.7,5.333333333333333,128.0
female,22,176.0,66.0,12.0,89.0,40.3,4.083333333333333,49.0
female,38,152.0,52.0,27.0,109.0,40.8,6.7407407407407405,182.0
female,26,170.0,70.0,3.0,82.0,38.5,3.3333333333333335,10.0
male,63,179.0,83.0,16.0,92.0,40.2,5.5625,89.0
male,21,177.0,82.0,3.0,84.0,38.5,2.3333333333333335,7.0
female,24,159.0,62.0,9.0,87.0,39.6,4.0,36.0
male,42,198.0,101.0,7.0,82.0,39.5,3.4285714285714284,24.0
female,63,161.0,61.0,20.0,106.0,40.1,6.75,135.0
female,43,172.0,64.0,9.0,84.0,39.5,4.0,36.0
male,50,196.0,98.0,3.0,87.0,38.4,4.333333333333333,13.0
female,57,157.0,54.0,6.0,92.0,39.2,5.166666666666667,31.0
female,50,165.0,71.0,21.0,101.0,40.4,5.809523809523809,122.0
female,40,180.0,72.0,5.0,82.0,39.2,3.6,18.0
male,51,188.0,99.0,18.0,90.0,40.5,5.0,90.0
male,24,189.0,82.0,11.0,93.0,39.6,3.8181818181818183,42.0
female,59,161.0,57.0,15.0,90.0,40.4,5.0,75.0
male,33,188.0,92.0,19.0,98.0,40.4,5.2105263157894735,99.0
female,37,171.0,69.0,18.0,97.0,39.9,5.222222222222222,94.0
male,38,186.0,91.0,9.0,90.0,40.0,4.222222222222222,38.0
male,23,187.0,90.0,12.0,99.0,40.5,4.833333333333333,58.0
female,53,160.0,60.0,16.0,97.0,40.3,5.625,90.0
female,52,151.0,52.0,16.0,99.0,40.4,5.9375,95.0
female,22,176.0,74.0,8.0,88.0,39.5,3.875,31.0
male,78,197.0,102.0,3.0,79.0,38.5,4.666666666666667,14.0
female,36,155.0,56.0,18.0,104.0,40.6,6.111111111111111,110.0
male,64,175.0,79.0,8.0,76.0,39.5,3.125,25.0
female,60,174.0,68.0,18.0,97.0,40.1,5.611111111111111,101.0
male,24,188.0,92.0,27.0,105.0,40.5,5.814814814814815,157.0
female,36,172.0,72.0,4.0,80.0,39.2,3.25,13.0
male,26,181.0,86.0,22.0,98.0,40.4,4.7272727272727275,104.0
male,72,183.0,83.0,27.0,104.0,41.2,7.777777777777778,210.0
female,40,169.0,68.0,7.0,86.0,39.2,4.142857142857143,29.0
male,26,176.0,81.0,12.0,90.0,39.7,3.4166666666666665,41.0
female,28,166.0,59.0,14.0,94.0,40.1,4.857142857142857,68.0
male,37,192.0,98.0,4.0,84.0,38.8,3.5,14.0
male,22,195.0,88.0,28.0,106.0,40.8,5.785714285714286,162.0
male,29,164.0,67.0,30.0,102.0,41.2,5.066666666666666,152.0
female,35,178.0,78.0,16.0,94.0,39.8,4.75,76.0
female,34,169.0,65.0,2.0,82.0,37.8,3.5,7.0
female,72,172.0,72.0,13.0,101.0,40.1,6.230769230769231,81.0
male,33,197.0,100.0,3.0,90.0,38.5,4.0,12.0
male,25,190.0,91.0,29.0,112.0,40.8,6.896551724137931,200.0
female,20,165.0,66.0,7.0,90.0,39.2,4.142857142857143,29.0
female,63,174.0,73.0,9.0,88.0,39.5,4.666666666666667,42.0
female,41,161.0,60.0,24.0,105.0,40.7,6.25,150.0
female,78,158.0,55.0,13.0,104.0,39.6,6.846153846153846,89.0
female,30,166.0,63.0,19.0,95.0,40.1,4.947368421052632,94.0
male,78,189.0,95.0,18.0,97.0,40.0,7.277777777777778,131.0
male,55,204.0,112.0,7.0,86.0,39.7,4.857142857142857,34.0
female,62,167.0,64.0,3.0,86.0,38.8,4.666666666666667,14.0
female,55,178.0,70.0,29.0,101.0,40.6,5.931034482758621,172.0
female,71,160.0,65.0,8.0,86.0,39.7,4.625,37.0
male,59,189.0,85.0,22.0,104.0,40.5,7.181818181818182,158.0
female,26,163.0,61.0,11.0,85.0,39.9,3.8181818181818183,42.0
female,30,164.0,64.0,11.0,92.0,39.6,4.636363636363637,51.0
female,51,161.0,59.0,25.0,101.0,40.6,6.0,150.0
female,27,180.0,80.0,28.0,112.0,40.8,6.464285714285714,181.0
male,77,190.0,100.0,16.0,96.0,40.3,7.1875,115.0
male,46,173.0,77.0,5.0,91.0,39.1,4.4,22.0
male,21,195.0,99.0,26.0,101.0,40.9,5.230769230769231,136.0
female,29,158.0,51.0,21.0,96.0,40.5,5.190476190476191,109.0
female,58,162.0,67.0,26.0,107.0,41.0,6.653846153846154,173.0
male,49,169.0,78.0,10.0,96.0,39.7,5.4,54.0
male,29,184.0,89.0,12.0,87.0,40.5,3.25,39.0
female,44,178.0,71.0,24.0,99.0,40.6,5.5,132.0
female,55,162.0,57.0,28.0,122.0,40.9,8.357142857142858,234.0
male,76,189.0,91.0,22.0,103.0,40.8,8.0,176.0
male,65,190.0,94.0,26.0,102.0,40.9,7.384615384615385,192.0
female,21,158.0,61.0,12.0,96.0,40.1,4.916666666666667,59.0
female,41,170.0,65.0,3.0,88.0,38.5,4.333333333333333,13.0
female,20,161.0,57.0,14.0,95.0,40.0,4.857142857142857,68.0
female,41,173.0,68.0,12.0,91.0,40.1,4.666666666666667,56.0
male,29,200.0,106.0,9.0,83.0,39.8,3.0,27.0
male,65,176.0,76.0,15.0,93.0,40.3,5.6,84.0
male,21,202.0,98.0,21.0,108.0,40.5,6.238095238095238,131.0
male,28,169.0,75.0,15.0,100.0,40.6,4.866666666666666,73.0
male,50,193.0,96.0,3.0,86.0,38.1,4.333333333333333,13.0
female,68,164.0,63.0,26.0,110.0,41.3,7.230769230769231,188.0
male,58,176.0,76.0,3.0,81.0,38.8,3.3333333333333335,10.0
male,36,182.0,81.0,11.0,94.0,39.8,4.454545454545454,49.0
male,52,185.0,88.0,15.0,93.0,40.1,5.266666666666667,79.0
male,32,184.0,82.0,8.0,85.0,39.4,3.0,24.0
female,74,189.0,83.0,29.0,103.0,41.3,6.310344827586207,183.0
female,30,161.0,63.0,15.0,90.0,40.3,4.4,66.0
female,47,172.0,70.0,19.0,99.0,40.4,5.578947368421052,106.0
female,60,156.0,59.0,23.0,106.0,40.7,6.695652173913044,154.0
female,37,172.0,67.0,9.0,86.0,40.1,4.0,36.0
male,32,186.0,88.0,15.0,103.0,40.4,5.8,87.0
female,23,137.0,42.0,3.0,89.0,38.7,4.333333333333333,13.0
female,23,183.0,74.0,4.0,88.0,38.8,4.0,16.0
male,73,183.0,88.0,25.0,99.0,40.6,7.16,179.0
female,29,162.0,57.0,2.0,91.0,38.3,4.5,9.0
male,20,194.0,88.0,6.0,93.0,39.1,3.6666666666666665,22.0
female,73,160.0,57.0,6.0,90.0,39.3,5.333333333333333,32.0
male,73,192.0,98.0,20.0,102.0,40.5,7.85,157.0
male,71,191.0,94.0,19.0,101.0,40.5,7.526315789473684,143.0
male,27,178.0,83.0,19.0,102.0,41.0,5.315789473684211,101.0
male,22,192.0,99.0,19.0,99.0,40.5,4.947368421052632,94.0
male,41,176.0,77.0,25.0,99.0,40.7,5.4,135.0
female,37,160.0,63.0,18.0,101.0,40.4,5.722222222222222,103.0
male,55,194.0,102.0,10.0,88.0,40.0,5.0,50.0
male,28,184.0,86.0,22.0,104.0,40.4,5.7272727272727275,126.0
male,51,195.0,99.0,29.0,102.0,40.6,6.793103448275862,197.0
female,23,186.0,74.0,19.0,112.0,40.6,6.473684210526316,123.0
male,45,193.0,97.0,8.0,93.0,39.4,5.125,41.0
male,29,179.0,83.0,28.0,96.0,41.0,4.5,126.0
male,62,174.0,75.0,27.0,106.0,40.9,7.407407407407407,200.0
male,76,175.0,77.0,18.0,98.0,40.4,6.944444444444445,125.0
male,44,184.0,89.0,14.0,96.0,40.2,5.357142857142857,75.0
female,20,175.0,72.0,10.0,93.0,39.6,4.4,44.0
female,73,152.0,52.0,19.0,98.0,40.4,6.157894736842105,117.0
female,24,167.0,68.0,18.0,93.0,40.6,4.555555555555555,82.0
male,34,171.0,68.0,14.0,87.0,40.5,3.0714285714285716,43.0
female,30,163.0,64.0,23.0,87.0,40.9,4.086956521739131,94.0
male,26,184.0,90.0,26.0,101.0,40.8,5.269230769230769,137.0
female,64,165.0,66.0,8.0,80.0,39.4,3.875,31.0
male,36,199.0,98.0,12.0,94.0,40.0,4.833333333333333,58.0
male,74,196.0,100.0,10.0,92.0,39.7,6.4,64.0
female,63,123.0,40.0,9.0,97.0,39.9,6.111111111111111,55.0
female,50,187.0,76.0,11.0,91.0,40.1,4.7272727272727275,52.0
male,57,189.0,92.0,19.0,98.0,40.9,6.368421052631579,121.0
male,42,180.0,84.0,2.0,80.0,38.6,2.5,5.0
male,64,180.0,87.0,1.0,78.0,37.7,4.0,4.0
male,76,192.0,97.0,29.0,106.0,40.8,8.586206896551724,249.0
male,44,176.0,77.0,9.0,80.0,40.0,2.6666666666666665,24.0
female,36,157.0,54.0,26.0,105.0,40.6,6.230769230769231,162.0
female,41,143.0,44.0,7.0,81.0,39.5,3.857142857142857,27.0
male,26,173.0,72.0,11.0,89.0,40.2,3.090909090909091,34.0
male,65,184.0,87.0,27.0,104.0,40.6,7.518518518518518,203.0
female,25,168.0,62.0,4.0,76.0,39.0,2.75,11.0
male,33,186.0,82.0,5.0,86.0,38.9,3.2,16.0
male,57,182.0,84.0,28.0,108.0,40.9,7.678571428571429,215.0
male,21,184.0,89.0,22.0,104.0,40.6,5.454545454545454,120.0
male,32,175.0,74.0,26.0,93.0,40.7,4.0,104.0
male,23,189.0,91.0,23.0,107.0,40.8,6.043478260869565,139.0
female,21,173.0,69.0,22.0,106.0,40.3,5.863636363636363,129.0
male,52,185.0,86.0,26.0,98.0,40.7,5.961538461538462,155.0
male,20,166.0,73.0,6.0,94.0,39.1,3.5,21.0
male,70,182.0,91.0,26.0,108.0,40.7,8.461538461538462,220.0
female,53,156.0,55.0,5.0,74.0,39.1,3.2,16.0
female,43,164.0,59.0,28.0,114.0,40.9,7.25,203.0
male,65,204.0,103.0,14.0,93.0,40.1,6.214285714285714,87.0
male,24,182.0,86.0,13.0,91.0,40.0,3.5384615384615383,46.0
male,23,176.0,77.0,9.0,82.0,40.0,2.0,18.0
male,48,176.0,77.0,2.0,85.0,38.3,3.5,7.0
male,42,186.0,89.0,10.0,92.0,39.9,4.7,47.0
male,29,172.0,76.0,25.0,103.0,40.9,5.4,135.0
male,51,182.0,89.0,24.0,108.0,40.9,7.5,180.0
female,26,160.0,61.0,6.0,83.0,38.9,3.6666666666666665,22.0
male,54,197.0,104.0,10.0,96.0,39.8,6.2,62.0
female,42,172.0,70.0,11.0,104.0,39.9,6.0,66.0
male,47,178.0,82.0,26.0,104.0,41.2,6.538461538461538,170.0
male,35,187.0,85.0,16.0,91.0,40.2,4.0625,65.0
male,43,177.0,80.0,27.0,103.0,40.9,6.148148148148148,166.0
female,23,155.0,62.0,5.0,74.0,39.2,2.6,13.0
female,50,154.0,55.0,11.0,90.0,40.0,4.909090909090909,54.0
female,55,161.0,61.0,23.0,110.0,40.7,7.0,161.0
male,67,187.0,87.0,9.0,87.0,39.5,5.111111111111111,46.0
female,24,159.0,55.0,5.0,89.0,39.4,4.4,22.0
male,40,191.0,91.0,29.0,108.0,41.0,7.0,203.0
female,65,166.0,68.0,18.0,101.0,40.4,6.111111111111111,110.0
female,30,170.0,62.0,18.0,96.0,40.5,5.055555555555555,91.0
female,40,170.0,70.0,29.0,109.0,41.1,6.517241379310345,189.0
female,38,162.0,60.0,19.0,96.0,40.5,5.2105263157894735,99.0
male,22,190.0,88.0,18.0,92.0,40.0,3.6666666666666665,66.0
male,20,183.0,83.0,5.0,87.0,39.4,2.8,14.0
female,48,159.0,61.0,18.0,102.0,40.4,6.055555555555555,109.0
male,29,173.0,73.0,18.0,104.0,40.8,5.5,99.0
female,33,165.0,67.0,4.0,88.0,39.1,4.25,17.0
female,25,165.0,62.0,3.0,75.0,38.4,2.6666666666666665,8.0
female,32,171.0,71.0,27.0,108.0,40.7,6.2592592592592595,169.0
female,45,155.0,56.0,27.0,100.0,40.9,5.851851851851852,158.0
female,60,175.0,78.0,19.0,91.0,40.3,4.842105263157895,92.0
male,63,202.0,102.0,1.0,91.0,37.4,6.0,6.0
male,63,178.0,85.0,10.0,90.0,40.0,5.3,53.0
female,21,182.0,81.0,6.0,84.0,39.4,3.3333333333333335,20.0
female,30,164.0,66.0,1.0,67.0,38.1,2.0,2.0
female,34,156.0,56.0,24.0,102.0,40.7,5.875,141.0
female,77,165.0,63.0,27.0,101.0,40.9,6.407407407407407,173.0
female,38,190.0,79.0,18.0,95.0,40.6,4.888888888888889,88.0
female,61,162.0,61.0,16.0,99.0,40.4,5.9375,95.0
female,52,168.0,65.0,1.0,85.0,37.9,4.0,4.0
female,52,180.0,83.0,6.0,93.0,38.8,4.833333333333333,29.0
male,24,193.0,88.0,16.0,94.0,40.1,4.0625,65.0
female,71,174.0,74.0,29.0,105.0,41.0,6.586206896551724,191.0
male,23,187.0,87.0,27.0,102.0,40.3,5.185185185185185,140.0
male,24,188.0,93.0,10.0,94.0,39.6,4.2,42.0
male,21,159.0,64.0,16.0,87.0,40.3,2.375,38.0
male,34,183.0,80.0,7.0,91.0,39.5,3.857142857142857,27.0
female,40,158.0,59.0,5.0,87.0,39.1,4.4,22.0
female,60,161.0,62.0,17.0,93.0,40.5,5.294117647058823,90.0
male,70,191.0,96.0,17.0,99.0,40.2,7.235294117647059,123.0
female,58,149.0,54.0,24.0,107.0,40.4,6.833333333333333,164.0
male,70,191.0,91.0,2.0,82.0,38.2,4.5,9.0
female,25,154.0,54.0,13.0,87.0,40.2,4.153846153846154,54.0
female,51,169.0,70.0,28.0,106.0,40.7,6.392857142857143,179.0
female,38,159.0,59.0,2.0,81.0,38.1,3.5,7.0
female,43,162.0,66.0,28.0,100.0,40.4,5.678571428571429,159.0
female,53,163.0,67.0,29.0,109.0,40.9,6.793103448275862,197.0
female,30,157.0,48.0,4.0,79.0,38.7,3.5,14.0
female,39,155.0,56.0,6.0,81.0,39.1,3.6666666666666665,22.0
male,24,193.0,99.0,8.0,87.0,39.4,3.25,26.0
male,34,177.0,78.0,22.0,98.0,40.9,4.954545454545454,109.0
female,25,155.0,59.0,14.0,86.0,40.1,3.9285714285714284,55.0
male,21,178.0,79.0,15.0,98.0,40.0,4.333333333333333,65.0
male,23,195.0,93.0,5.0,85.0,38.8,2.8,14.0
female,57,161.0,65.0,9.0,88.0,39.6,4.666666666666667,42.0
male,21,200.0,94.0,6.0,81.0,39.2,2.1666666666666665,13.0
female,22,163.0,66.0,19.0,99.0,40.5,5.2105263157894735,99.0
male,26,188.0,93.0,29.0,116.0,40.8,7.586206896551724,220.0
female,24,158.0,54.0,11.0,90.0,39.7,4.454545454545454,49.0
male,64,188.0,84.0,20.0,102.0,40.4,7.1,142.0
female,46,166.0,59.0,1.0,84.0,37.4,4.0,4.0
female,20,180.0,78.0,24.0,110.0,40.8,6.166666666666667,148.0
female,46,164.0,62.0,26.0,103.0,41.1,6.076923076923077,158.0
female,49,179.0,75.0,17.0,98.0,40.6,5.411764705882353,92.0
female,72,157.0,59.0,21.0,92.0,40.5,5.428571428571429,114.0
male,32,185.0,89.0,26.0,101.0,40.3,5.538461538461538,144.0
male,46,186.0,84.0,8.0,81.0,39.5,3.125,25.0
female,37,163.0,61.0,30.0,106.0,40.7,6.266666666666667,188.0
male,28,171.0,77.0,25.0,110.0,40.9,6.44,161.0
male,30,182.0,84.0,29.0,107.0,40.5,6.241379310344827,181.0
female,51,165.0,63.0,17.0,95.0,40.2,5.294117647058823,90.0
male,38,171.0,75.0,26.0,101.0,40.6,5.5,143.0
male,29,195.0,87.0,3.0,90.0,38.4,3.6666666666666665,11.0
male,27,189.0,95.0,15.0,91.0,40.0,3.933333333333333,59.0
female,75,156.0,57.0,27.0,114.0,41.0,7.851851851851852,212.0
female,31,174.0,67.0,9.0,93.0,39.5,4.666666666666667,42.0
female,51,159.0,62.0,11.0,82.0,39.8,3.909090909090909,43.0
female,57,154.0,61.0,20.0,97.0,40.6,5.65,113.0
male,21,184.0,90.0,20.0,106.0,40.5,5.75,115.0
male,46,169.0,69.0,23.0,106.0,40.5,6.521739130434782,150.0
male,24,194.0,100.0,2.0,81.0,38.0,2.5,5.0
female,65,152.0,52.0,25.0,107.0,40.4,7.0,175.0
male,42,176.0,80.0,26.0,116.0,40.5,8.076923076923077,210.0
female,24,172.0,67.0,16.0,97.0,40.2,5.0,80.0
male,26,175.0,78.0,8.0,94.0,39.4,4.0,32.0
female,24,168.0,61.0,19.0,103.0,40.3,5.7368421052631575,109.0
male,22,183.0,85.0,10.0,89.0,39.9,3.1,31.0
female,70,172.0,67.0,12.0,94.0,40.1,5.5,66.0
female,52,159.0,58.0,11.0,86.0,39.7,4.454545454545454,49.0
male,77,192.0,94.0,3.0,82.0,38.3,5.0,15.0
male,44,175.0,79.0,19.0,95.0,40.7,5.0,95.0
male,49,185.0,93.0,22.0,99.0,40.5,6.136363636363637,135.0
female,55,170.0,69.0,14.0,104.0,40.3,6.285714285714286,88.0
female,55,150.0,53.0,5.0,82.0,38.8,4.2,21.0
male,39,174.0,76.0,12.0,85.0,40.0,3.1666666666666665,38.0
female,36,166.0,71.0,15.0,99.0,40.4,5.4,81.0
male,28,189.0,90.0,5.0,82.0,38.8,2.4,12.0
male,22,194.0,91.0,28.0,108.0,40.6,6.142857142857143,172.0
female,52,174.0,69.0,26.0,107.0,41.0,6.538461538461538,170.0
male,29,197.0,94.0,29.0,111.0,40.8,7.0,203.0
male,24,184.0,84.0,16.0,87.0,40.1,2.9375,47.0
female,48,166.0,65.0,12.0,97.0,40.2,5.416666666666667,65.0
male,63,203.0,115.0,14.0,106.0,40.0,8.357142857142858,117.0
female,24,163.0,58.0,25.0,103.0,40.9,5.76,144.0
male,63,176.0,78.0,10.0,97.0,39.8,6.2,62.0
male,49,193.0,100.0,22.0,99.0,40.5,6.2727272727272725,138.0
female,56,164.0,63.0,13.0,94.0,39.9,5.3076923076923075,69.0
male,44,177.0,83.0,5.0,86.0,39.0,3.8,19.0
male,75,170.0,74.0,24.0,107.0,40.3,8.166666666666666,196.0
female,64,170.0,69.0,11.0,85.0,39.7,4.363636363636363,48.0
male,64,178.0,75.0,20.0,94.0,40.2,5.7,114.0
female,28,171.0,68.0,18.0,99.0,40.3,5.277777777777778,95.0
female,27,166.0,65.0,10.0,88.0,39.7,4.1,41.0
female,44,161.0,65.0,19.0,100.0,40.8,5.684210526315789,108.0
female,23,146.0,53.0,2.0,84.0,37.8,4.0,8.0
male,71,175.0,76.0,10.0,97.0,39.9,6.5,65.0
male,68,192.0,100.0,13.0,99.0,40.2,7.230769230769231,94.0
female,39,164.0,60.0,29.0,110.0,40.8,6.758620689655173,196.0
female,72,154.0,59.0,5.0,84.0,39.4,4.6,23.0
female,20,178.0,76.0,25.0,107.0,40.8,5.88,147.0
male,73,185.0,88.0,8.0,90.0,39.5,5.875,47.0
male,74,181.0,86.0,22.0,101.0,40.8,7.5,165.0
male,71,175.0,82.0,18.0,89.0,40.4,5.444444444444445,98.0
female,54,168.0,63.0,17.0,92.0,40.3,5.0588235294117645,86.0
male,63,191.0,88.0,16.0,90.0,40.2,5.3125,85.0
female,23,153.0,51.0,9.0,101.0,39.5,5.666666666666667,51.0
male,79,170.0,75.0,18.0,95.0,40.6,6.611111111111111,119.0
female,70,160.0,66.0,23.0,105.0,40.4,6.695652173913044,154.0
male,42,200.0,105.0,15.0,94.0,40.5,5.266666666666667,79.0
male,27,187.0,89.0,18.0,106.0,40.7,6.055555555555555,109.0
male,26,176.0,78.0,25.0,107.0,40.3,5.92,148.0
male,25,187.0,79.0,4.0,85.0,38.9,2.5,10.0
female,74,156.0,59.0,20.0,104.0,40.6,6.75,135.0
male,23,177.0,79.0,29.0,106.0,40.9,5.620689655172414,163.0
female,56,159.0,60.0,5.0,91.0,38.7,5.0,25.0
male,22,196.0,91.0,9.0,92.0,39.7,3.7777777777777777,34.0
female,21,162.0,56.0,18.0,107.0,40.2,6.166666666666667,111.0
male,47,196.0,100.0,4.0,83.0,38.7,3.75,15.0
female,70,154.0,57.0,24.0,108.0,40.5,7.125,171.0
male,34,201.0,107.0,2.0,95.0,38.2,5.0,10.0
female,53,171.0,68.0,24.0,102.0,41.1,6.041666666666667,145.0
female,51,162.0,59.0,2.0,82.0,38.2,4.0,8.0
female,59,167.0,63.0,4.0,78.0,38.5,3.75,15.0
male,23,175.0,73.0,8.0,91.0,39.5,3.25,26.0
female,20,159.0,59.0,29.0,114.0,40.6,6.862068965517241,199.0
female,50,159.0,59.0,4.0,86.0,38.8,4.5,18.0
female,63,178.0,76.0,15.0,98.0,39.9,5.666666666666667,85.0
male,64,195.0,102.0,27.0,107.0,40.6,8.25925925925926,223.0
male,28,163.0,66.0,17.0,91.0,40.2,3.3529411764705883,57.0
female,43,175.0,73.0,5.0,83.0,39.2,3.8,19.0
male,53,202.0,103.0,29.0,109.0,40.8,8.03448275862069,233.0
female,46,154.0,53.0,19.0,99.0,41.0,5.7894736842105265,110.0
female,23,145.0,44.0,12.0,92.0,40.0,4.75,57.0
male,29,199.0,97.0,27.0,107.0,40.7,6.444444444444445,174.0
female,24,176.0,67.0,27.0,111.0,40.8,6.481481481481482,175.0
female,28,172.0,68.0,3.0,85.0,38.6,3.6666666666666665,11.0
male,27,170.0,70.0,13.0,92.0,40.1,3.5384615384615383,46.0
female,25,167.0,60.0,5.0,88.0,39.0,4.2,21.0
female,72,175.0,74.0,27.0,101.0,41.3,6.185185185185185,167.0
female,62,164.0,67.0,12.0,88.0,40.0,4.666666666666667,56.0
female,76,175.0,72.0,10.0,97.0,39.8,5.8,58.0
male,56,178.0,81.0,13.0,101.0,39.7,6.538461538461538,85.0
male,35,198.0,101.0,15.0,92.0,40.1,4.6,69.0
female,45,171.0,64.0,10.0,86.0,39.7,4.2,42.0
female,23,172.0,69.0,24.0,103.0,40.8,5.583333333333333,134.0
male,33,175.0,70.0,26.0,103.0,40.6,5.461538461538462,142.0
male,28,176.0,77.0,25.0,96.0,40.9,4.32,108.0
male,22,170.0,75.0,29.0,116.0,40.7,7.0,203.0
male,55,192.0,91.0,10.0,81.0,39.8,3.7,37.0
female,42,161.0,57.0,6.0,81.0,39.4,3.6666666666666665,22.0
female,32,170.0,68.0,6.0,81.0,39.5,3.3333333333333335,20.0
female,37,157.0,56.0,6.0,92.0,39.0,4.833333333333333,29.0
female,44,173.0,66.0,16.0,86.0,40.3,4.1875,67.0
female,47,161.0,64.0,24.0,105.0,40.5,6.291666666666667,151.0
male,77,166.0,74.0,3.0,82.0,38.8,4.666666666666667,14.0
female,40,154.0,57.0,23.0,103.0,40.5,6.043478260869565,139.0
male,47,189.0,91.0,21.0,105.0,40.5,6.904761904761905,145.0
male,27,187.0,85.0,16.0,101.0,40.1,5.1875,83.0
female,47,171.0,70.0,8.0,93.0,39.6,4.875,39.0
female,25,148.0,49.0,19.0,105.0,40.5,6.105263157894737,116.0
male,32,168.0,69.0,19.0,100.0,40.4,4.947368421052632,94.0
female,54,157.0,61.0,30.0,108.0,40.5,6.8,204.0
female,77,150.0,55.0,5.0,80.0,39.0,4.2,21.0
male,27,176.0,78.0,9.0,86.0,39.6,2.7777777777777777,25.0
male,75,213.0,119.0,13.0,95.0,39.8,7.3076923076923075,95.0
male,20,186.0,83.0,5.0,102.0,39.1,5.0,25.0
female,61,160.0,64.0,19.0,93.0,40.1,5.2631578947368425,100.0
female,34,179.0,71.0,13.0,100.0,40.5,5.461538461538462,71.0
female,64,163.0,62.0,2.0,90.0,37.8,5.0,10.0
male,24,192.0,93.0,21.0,99.0,40.9,4.904761904761905,103.0
male,52,178.0,85.0,6.0,79.0,39.3,3.1666666666666665,19.0
male,42,182.0,87.0,21.0,107.0,40.1,6.857142857142857,144.0
female,78,156.0,59.0,4.0,77.0,38.8,4.0,16.0
female,37,177.0,69.0,14.0,97.0,39.9,5.214285714285714,73.0
male,65,194.0,98.0,25.0,114.0,40.9,9.28,232.0
female,42,178.0,74.0,19.0,97.0,40.4,5.2105263157894735,99.0
male,57,169.0,81.0,30.0,112.0,40.9,8.233333333333333,247.0
female,30,154.0,52.0,22.0,97.0,40.7,5.318181818181818,117.0
male,39,181.0,80.0,12.0,93.0,39.7,4.5,54.0
female,25,173.0,66.0,8.0,79.0,39.6,3.125,25.0
female,62,156.0,57.0,6.0,91.0,39.6,5.166666666666667,31.0
male,23,195.0,98.0,2.0,87.0,37.9,3.0,6.0
female,43,158.0,63.0,8.0,90.0,39.7,4.625,37.0
male,23,197.0,96.0,4.0,85.0,38.7,2.75,11.0
male,31,183.0,83.0,15.0,91.0,40.0,3.8666666666666667,58.0
male,30,184.0,85.0,17.0,95.0,40.2,4.411764705882353,75.0
male,51,183.0,87.0,19.0,104.0,40.5,6.842105263157895,130.0
female,23,182.0,70.0,17.0,102.0,40.3,5.470588235294118,93.0
male,45,179.0,85.0,11.0,88.0,40.2,4.090909090909091,45.0
female,29,161.0,62.0,24.0,106.0,40.4,6.125,147.0
male,62,200.0,111.0,19.0,101.0,40.4,7.421052631578948,141.0
female,32,145.0,48.0,2.0,84.0,38.0,4.0,8.0
female,47,161.0,64.0,15.0,98.0,40.2,5.533333333333333,83.0
male,45,175.0,82.0,1.0,76.0,38.1,2.0,2.0
male,43,195.0,95.0,26.0,106.0,40.7,6.923076923076923,180.0
female,56,171.0,69.0,25.0,107.0,40.7,6.6,165.0
male,44,198.0,98.0,28.0,106.0,40.8,7.035714285714286,197.0
female,48,180.0,74.0,9.0,95.0,39.6,5.111111111111111,46.0
female,42,166.0,68.0,21.0,103.0,40.8,5.9523809523809526,125.0
female,35,165.0,65.0,22.0,95.0,41.0,5.0,110.0
male,25,185.0,90.0,15.0,96.0,40.5,4.466666666666667,67.0
female,32,163.0,57.0,16.0,91.0,40.1,4.625,74.0
male,42,181.0,78.0,7.0,77.0,39.7,2.142857142857143,15.0
female,43,162.0,60.0,30.0,99.0,40.8,5.633333333333334,169.0
female,23,146.0,45.0,18.0,96.0,40.2,5.166666666666667,93.0
male,52,176.0,82.0,4.0,80.0,38.9,3.25,13.0
male,37,188.0,92.0,13.0,93.0,40.1,4.615384615384615,60.0
male,56,167.0,71.0,15.0,95.0,39.9,5.4,81.0
male,41,195.0,101.0,14.0,94.0,40.3,5.142857142857143,72.0
female,20,166.0,66.0,9.0,96.0,39.5,4.777777777777778,43.0
female,58,139.0,43.0,26.0,113.0,40.6,7.653846153846154,199.0
female,79,174.0,74.0,21.0,100.0,40.9,6.190476190476191,130.0
female,36,161.0,63.0,13.0,92.0,40.3,4.6923076923076925,61.0
male,56,196.0,99.0,27.0,106.0,40.6,7.666666666666667,207.0
male,41,218.0,119.0,18.0,85.0,40.2,4.222222222222222,76.0
female,56,171.0,66.0,13.0,96.0,40.3,5.461538461538462,71.0
female,79,167.0,61.0,5.0,82.0,38.8,4.4,22.0
male,24,199.0,97.0,6.0,87.0,39.2,3.1666666666666665,19.0
female,54,167.0,65.0,1.0,80.0,37.6,4.0,4.0
male,53,193.0,94.0,23.0,101.0,40.8,6.6521739130434785,153.0
female,57,163.0,61.0,22.0,101.0,40.8,6.090909090909091,134.0
male,63,167.0,67.0,24.0,100.0,40.7,6.375,153.0
male,32,173.0,77.0,16.0,97.0,40.0,4.6875,75.0
male,45,173.0,73.0,14.0,99.0,40.2,5.5,77.0
male,28,192.0,99.0,8.0,81.0,39.7,2.5,20.0
female,28,154.0,59.0,14.0,92.0,40.5,4.642857142857143,65.0
male,65,193.0,96.0,16.0,87.0,40.4,5.1875,83.0
male,36,166.0,66.0,16.0,101.0,40.2,5.25,84.0
male,66,189.0,91.0,5.0,81.0,39.1,4.2,21.0
female,28,159.0,56.0,11.0,93.0,40.0,4.818181818181818,53.0
female,64,161.0,62.0,15.0,102.0,40.5,6.333333333333333,95.0
male,70,193.0,97.0,25.0,109.0,40.9,8.72,218.0
female,75,171.0,72.0,17.0,92.0,40.6,5.294117647058823,90.0
female,59,162.0,64.0,24.0,106.0,40.8,6.625,159.0
male,34,175.0,71.0,21.0,95.0,40.6,4.333333333333333,91.0
female,61,155.0,58.0,25.0,106.0,40.7,6.72,168.0
female,35,162.0,63.0,3.0,86.0,38.5,4.0,12.0
male,46,168.0,72.0,18.0,89.0,40.4,4.0,72.0
male,57,175.0,82.0,22.0,112.0,40.2,8.227272727272727,181.0
female,41,173.0,69.0,10.0,91.0,39.7,4.6,46.0
male,40,187.0,85.0,17.0,100.0,40.1,5.647058823529412,96.0
male,45,187.0,85.0,18.0,91.0,40.4,4.555555555555555,82.0
male,73,192.0,92.0,2.0,68.0,38.2,2.5,5.0
female,32,176.0,69.0,15.0,102.0,40.3,5.666666666666667,85.0
female,38,150.0,55.0,4.0,87.0,39.1,4.25,17.0
male,69,175.0,82.0,11.0,92.0,40.1,5.818181818181818,64.0
female,22,176.0,74.0,19.0,97.0,40.8,4.842105263157895,92.0
male,61,161.0,65.0,6.0,90.0,38.8,4.666666666666667,28.0
male,79,196.0,100.0,21.0,93.0,40.4,6.809523809523809,143.0
male,62,173.0,79.0,12.0,90.0,40.2,5.083333333333333,61.0
male,21,173.0,72.0,25.0,106.0,40.5,5.4,135.0
female,20,149.0,52.0,16.0,91.0,40.4,4.5,72.0
male,69,168.0,72.0,2.0,79.0,38.4,3.5,7.0
male,28,198.0,99.0,21.0,101.0,40.5,5.571428571428571,117.0
female,56,179.0,76.0,6.0,84.0,39.4,4.0,24.0
female,67,188.0,83.0,18.0,94.0,40.7,5.222222222222222,94.0
female,75,186.0,77.0,14.0,90.0,40.0,5.0,70.0
female,56,162.0,56.0,19.0,97.0,40.5,5.7368421052631575,109.0
female,26,167.0,66.0,20.0,94.0,40.1,4.75,95.0
female,46,167.0,70.0,22.0,106.0,40.5,6.318181818181818,139.0
female,23,154.0,58.0,16.0,90.0,40.1,4.375,70.0
male,57,183.0,89.0,18.0,93.0,40.5,5.5,99.0
male,21,191.0,95.0,18.0,89.0,40.6,3.3333333333333335,60.0
female,31,133.0,45.0,3.0,84.0,38.0,4.0,12.0
female,21,161.0,58.0,30.0,115.0,40.8,7.0,210.0
female,65,152.0,51.0,23.0,103.0,40.8,6.565217391304348,151.0
male,34,170.0,72.0,10.0,91.0,40.0,3.7,37.0
male,70,187.0,93.0,3.0,78.0,38.8,4.0,12.0
male,60,195.0,100.0,15.0,101.0,40.4,7.133333333333334,107.0
female,56,172.0,71.0,7.0,83.0,38.8,4.0,28.0
male,51,184.0,91.0,23.0,96.0,41.0,5.739130434782608,132.0
female,43,178.0,76.0,11.0,93.0,39.3,4.818181818181818,53.0
female,27,162.0,61.0,26.0,107.0,40.7,6.1923076923076925,161.0
male,20,182.0,87.0,28.0,101.0,40.9,4.892857142857143,137.0
male,42,181.0,81.0,6.0,83.0,39.5,3.1666666666666665,19.0
female,46,172.0,79.0,20.0,103.0,40.4,5.85,117.0
female,67,156.0,54.0,5.0,89.0,39.1,5.0,25.0
male,45,171.0,79.0,11.0,87.0,40.0,3.8181818181818183,42.0
male,77,190.0,94.0,18.0,98.0,40.5,7.333333333333333,132.0
male,42,197.0,100.0,14.0,95.0,40.3,5.357142857142857,75.0
female,73,158.0,63.0,9.0,87.0,39.8,4.888888888888889,44.0
female,60,170.0,65.0,7.0,88.0,39.6,4.714285714285714,33.0
male,24,192.0,91.0,2.0,88.0,38.5,3.0,6.0
female,24,168.0,65.0,30.0,107.0,40.5,6.1,183.0
female,24,149.0,46.0,27.0,112.0,40.8,6.888888888888889,186.0
male,36,174.0,78.0,13.0,92.0,40.1,4.153846153846154,54.0
female,37,155.0,54.0,20.0,94.0,40.6,5.1,102.0
male,79,196.0,103.0,6.0,92.0,39.3,6.666666666666667,40.0
female,61,158.0,62.0,2.0,79.0,38.2,4.0,8.0
male,50,184.0,87.0,15.0,96.0,40.1,5.6,84.0
male,21,196.0,87.0,9.0,85.0,39.6,2.5555555555555554,23.0
male,57,173.0,72.0,6.0,90.0,39.3,4.666666666666667,28.0
female,26,165.0,62.0,24.0,100.0,40.8,5.416666666666667,130.0
male,21,189.0,94.0,25.0,111.0,40.6,6.6,165.0
male,25,196.0,98.0,11.0,87.0,39.9,3.272727272727273,36.0
female,30,167.0,67.0,18.0,94.0,40.5,4.777777777777778,86.0
female,26,169.0,67.0,13.0,92.0,40.1,4.461538461538462,58.0
female,26,174.0,73.0,22.0,94.0,40.6,4.636363636363637,102.0
female,23,156.0,56.0,18.0,93.0,40.6,4.722222222222222,85.0
female,39,182.0,76.0,16.0,100.0,40.3,5.4375,87.0
male,57,208.0,113.0,29.0,116.0,41.0,9.517241379310345,276.0
male,44,181.0,79.0,17.0,94.0,40.3,4.823529411764706,82.0
male,27,172.0,77.0,13.0,101.0,39.9,5.0,65.0
male,44,173.0,69.0,27.0,107.0,40.9,6.592592592592593,178.0
male,27,184.0,83.0,26.0,102.0,41.1,5.3076923076923075,138.0
male,59,191.0,89.0,21.0,93.0,40.7,5.619047619047619,118.0
male,28,187.0,95.0,27.0,102.0,40.8,5.62962962962963,152.0
female,22,156.0,51.0,10.0,90.0,39.9,4.4,44.0
male,29,172.0,78.0,18.0,99.0,40.8,4.833333333333333,87.0
male,25,174.0,80.0,29.0,109.0,41.3,6.206896551724138,180.0
female,32,172.0,66.0,7.0,79.0,39.4,3.2857142857142856,23.0
female,28,172.0,71.0,11.0,86.0,40.0,3.8181818181818183,42.0
male,70,177.0,86.0,21.0,108.0,40.7,8.333333333333334,175.0
female,73,162.0,63.0,28.0,107.0,40.7,7.0,196.0
male,56,188.0,93.0,5.0,82.0,39.2,4.0,20.0
male,32,203.0,111.0,17.0,93.0,40.1,4.823529411764706,82.0
male,37,197.0,92.0,1.0,87.0,37.5,4.0,4.0
male,32,205.0,111.0,16.0,102.0,40.2,6.125,98.0
female,49,157.0,57.0,16.0,94.0,40.5,5.25,84.0
male,54,185.0,87.0,26.0,108.0,41.0,7.615384615384615,198.0
female,23,164.0,55.0,6.0,91.0,39.5,4.5,27.0
female,34,167.0,64.0,11.0,90.0,39.9,4.454545454545454,49.0
female,44,160.0,59.0,26.0,106.0,40.6,6.423076923076923,167.0
male,50,207.0,111.0,28.0,115.0,40.6,8.964285714285714,251.0
male,58,182.0,85.0,6.0,85.0,39.2,4.333333333333333,26.0
male,24,168.0,73.0,9.0,91.0,40.3,3.3333333333333335,30.0
male,72,186.0,94.0,9.0,88.0,39.9,5.555555555555555,50.0
male,72,193.0,102.0,15.0,88.0,40.5,5.8,87.0
female,40,151.0,55.0,24.0,111.0,40.4,6.958333333333333,167.0
female,47,148.0,55.0,3.0,79.0,39.0,3.6666666666666665,11.0
male,56,169.0,72.0,10.0,92.0,40.0,5.0,50.0
female,50,152.0,55.0,30.0,114.0,41.0,7.433333333333334,223.0
female,65,166.0,67.0,13.0,96.0,40.2,5.615384615384615,73.0
male,53,179.0,83.0,26.0,106.0,40.8,7.153846153846154,186.0
female,51,132.0,41.0,6.0,86.0,39.2,4.666666666666667,28.0
female,39,163.0,62.0,12.0,96.0,40.1,5.25,63.0
female,61,185.0,88.0,22.0,98.0,40.8,5.454545454545454,120.0
female,47,147.0,44.0,20.0,91.0,40.5,5.1,102.0
female,25,172.0,70.0,16.0,92.0,40.6,4.4375,71.0
male,58,191.0,91.0,10.0,91.0,39.6,5.3,53.0
male,37,178.0,81.0,28.0,112.0,40.8,7.25,203.0
male,31,194.0,94.0,29.0,111.0,40.9,7.103448275862069,206.0
female,66,162.0,62.0,15.0,97.0,40.7,5.8,87.0
male,37,192.0,89.0,17.0,105.0,40.3,6.352941176470588,108.0
male,73,168.0,77.0,18.0,97.0,40.3,6.666666666666667,120.0
male,43,171.0,77.0,20.0,101.0,40.5,5.8,116.0
male,45,185.0,82.0,3.0,86.0,38.4,3.6666666666666665,11.0
male,47,190.0,96.0,7.0,86.0,39.7,4.142857142857143,29.0
female,31,153.0,53.0,10.0,91.0,39.8,4.7,47.0
female,27,171.0,68.0,6.0,87.0,39.2,4.0,24.0
male,37,196.0,98.0,6.0,87.0,39.3,3.8333333333333335,23.0
female,23,172.0,68.0,16.0,98.0,40.4,5.0625,81.0
male,70,178.0,89.0,26.0,112.0,40.6,9.0,234.0
female,37,169.0,69.0,24.0,106.0,40.6,6.166666666666667,148.0
male,48,183.0,81.0,21.0,94.0,40.6,5.0476190476190474,106.0
female,69,152.0,57.0,21.0,99.0,40.4,6.142857142857143,129.0
male,48,184.0,82.0,15.0,96.0,40.2,5.4,81.0
male,70,200.0,101.0,14.0,92.0,39.9,6.285714285714286,88.0
female,29,171.0,65.0,24.0,99.0,40.5,5.333333333333333,128.0
female,30,171.0,68.0,7.0,91.0,39.6,4.428571428571429,31.0
male,70,191.0,98.0,4.0,83.0,39.1,4.75,19.0
female,48,168.0,64.0,18.0,97.0,40.1,5.444444444444445,98.0
male,69,184.0,89.0,9.0,93.0,39.6,6.111111111111111,55.0
male,52,197.0,100.0,26.0,96.0,40.5,5.961538461538462,155.0
female,42,172.0,62.0,20.0,100.0,40.5,5.7,114.0
female,34,179.0,75.0,7.0,91.0,39.4,4.428571428571429,31.0
female,79,155.0,51.0,27.0,98.0,41.3,6.296296296296297,170.0
female,30,163.0,63.0,14.0,83.0,40.3,3.642857142857143,51.0
male,61,189.0,88.0,17.0,105.0,40.3,7.529411764705882,128.0
male,66,183.0,87.0,13.0,95.0,40.0,6.230769230769231,81.0
male,57,186.0,83.0,18.0,98.0,40.7,6.166666666666667,111.0
female,31,168.0,64.0,24.0,105.0,40.7,6.0,144.0
female,59,170.0,70.0,3.0,80.0,38.6,3.6666666666666665,11.0
female,58,159.0,62.0,7.0,79.0,39.8,3.7142857142857144,26.0
female,40,162.0,63.0,29.0,116.0,40.9,7.379310344827586,214.0
female,26,171.0,65.0,23.0,96.0,40.6,4.956521739130435,114.0
male,29,159.0,67.0,16.0,97.0,40.0,4.3125,69.0
male,59,191.0,93.0,25.0,102.0,40.9,7.08,177.0
female,50,161.0,59.0,5.0,89.0,38.7,4.8,24.0
female,25,157.0,57.0,23.0,107.0,40.8,6.217391304347826,143.0
male,45,182.0,83.0,3.0,84.0,38.3,3.3333333333333335,10.0
female,33,142.0,45.0,12.0,97.0,40.0,5.416666666666667,65.0
female,43,164.0,61.0,12.0,94.0,39.8,5.083333333333333,61.0
female,34,143.0,51.0,21.0,105.0,40.7,6.238095238095238,131.0
female,38,176.0,69.0,3.0,89.0,38.4,4.333333333333333,13.0
male,47,192.0,93.0,25.0,94.0,40.9,5.28,132.0
male,44,191.0,85.0,17.0,97.0,40.5,5.411764705882353,92.0
male,65,178.0,84.0,17.0,99.0,40.3,6.705882352941177,114.0
male,68,190.0,99.0,19.0,98.0,40.4,7.0,133.0
male,54,171.0,69.0,25.0,111.0,41.1,7.68,192.0
female,44,159.0,59.0,10.0,90.0,39.7,4.7,47.0
male,32,175.0,74.0,4.0,81.0,38.9,2.25,9.0
male,39,193.0,100.0,8.0,96.0,39.6,5.375,43.0
male,26,178.0,84.0,11.0,91.0,40.2,3.6363636363636362,40.0
male,30,179.0,85.0,28.0,110.0,40.6,6.714285714285714,188.0
male,38,204.0,113.0,27.0,99.0,40.9,6.037037037037037,163.0
male,35,170.0,73.0,2.0,90.0,38.1,3.5,7.0
male,73,192.0,102.0,19.0,97.0,40.4,7.157894736842105,136.0
male,61,183.0,85.0,20.0,99.0,40.7,6.55,131.0
male,25,183.0,85.0,3.0,83.0,38.5,2.3333333333333335,7.0
male,41,188.0,90.0,16.0,91.0,40.4,4.5,72.0
female,42,171.0,68.0,20.0,95.0,40.5,5.1,102.0
male,20,191.0,89.0,8.0,87.0,39.3,2.875,23.0
female,59,175.0,73.0,10.0,86.0,39.9,4.4,44.0
male,72,184.0,84.0,15.0,90.0,40.1,5.666666666666667,85.0
female,79,160.0,59.0,26.0,111.0,40.5,7.576923076923077,197.0
female,55,149.0,52.0,14.0,92.0,40.1,5.214285714285714,73.0
female,28,155.0,57.0,25.0,102.0,40.6,5.72,143.0
male,37,190.0,92.0,4.0,87.0,39.3,3.75,15.0
male,40,193.0,95.0,22.0,105.0,40.6,6.636363636363637,146.0
male,40,181.0,91.0,29.0,111.0,41.0,7.448275862068965,216.0
male,59,177.0,87.0,26.0,114.0,40.8,8.73076923076923,227.0
male,38,181.0,82.0,21.0,103.0,40.5,5.9523809523809526,125.0
male,41,178.0,78.0,4.0,78.0,39.2,2.25,9.0
male,40,183.0,90.0,5.0,80.0,39.0,2.8,14.0
female,45,166.0,59.0,7.0,80.0,39.1,3.7142857142857144,26.0
male,56,187.0,85.0,10.0,81.0,39.8,3.6,36.0
male,32,196.0,96.0,27.0,105.0,40.7,6.296296296296297,170.0
female,37,170.0,65.0,18.0,100.0,40.5,5.555555555555555,100.0
female,59,157.0,66.0,6.0,83.0,39.3,4.166666666666667,25.0
male,30,194.0,95.0,11.0,101.0,39.6,5.545454545454546,61.0
male,34,195.0,90.0,20.0,100.0,40.6,5.5,110.0
female,47,149.0,54.0,6.0,87.0,39.5,4.5,27.0
male,64,209.0,107.0,23.0,111.0,40.7,8.956521739130435,206.0
male,57,184.0,78.0,3.0,71.0,39.0,2.0,6.0
male,44,194.0,87.0,27.0,108.0,40.8,7.111111111111111,192.0
female,50,165.0,67.0,26.0,106.0,41.0,6.423076923076923,167.0
male,71,193.0,100.0,12.0,89.0,40.0,5.833333333333333,70.0
female,43,167.0,63.0,9.0,94.0,39.6,5.111111111111111,46.0
male,65,177.0,78.0,30.0,112.0,40.6,8.533333333333333,256.0
female,28,154.0,58.0,30.0,113.0,40.6,6.9,207.0
male,50,195.0,95.0,4.0,73.0,38.7,2.25,9.0
female,27,157.0,52.0,26.0,105.0,40.9,6.115384615384615,159.0
male,41,172.0,78.0,4.0,83.0,39.1,3.0,12.0
male,29,187.0,84.0,16.0,93.0,40.5,4.0625,65.0
female,28,160.0,57.0,3.0,81.0,38.8,3.3333333333333335,10.0
female,33,176.0,72.0,13.0,91.0,40.4,4.461538461538462,58.0
male,34,186.0,87.0,17.0,95.0,40.3,4.647058823529412,79.0
female,77,170.0,66.0,11.0,96.0,39.8,5.818181818181818,64.0
female,68,158.0,59.0,4.0,91.0,38.9,5.25,21.0
male,21,167.0,74.0,8.0,85.0,39.7,2.25,18.0
female,39,162.0,67.0,4.0,83.0,39.1,3.75,15.0
female,38,167.0,68.0,17.0,97.0,40.2,5.235294117647059,89.0
male,52,185.0,84.0,6.0,80.0,39.2,3.1666666666666665,19.0
female,52,176.0,70.0,14.0,89.0,40.4,4.571428571428571,64.0
male,40,180.0,80.0,28.0,108.0,40.9,6.785714285714286,190.0
female,20,136.0,45.0,11.0,94.0,40.1,4.909090909090909,54.0
female,23,166.0,59.0,2.0,82.0,38.1,3.5,7.0
male,46,170.0,72.0,16.0,94.0,40.1,4.75,76.0
female,63,162.0,58.0,19.0,107.0,40.5,6.894736842105263,131.0
female,35,174.0,71.0,15.0,87.0,40.4,4.066666666666666,61.0
male,40,190.0,89.0,2.0,81.0,38.1,3.0,6.0
female,35,179.0,74.0,26.0,116.0,40.7,7.115384615384615,185.0
male,27,189.0,87.0,3.0,79.0,38.7,2.0,6.0
male,46,176.0,76.0,2.0,81.0,38.0,3.0,6.0
male,68,167.0,72.0,15.0,101.0,40.4,6.866666666666666,103.0
male,56,186.0,93.0,14.0,91.0,40.0,5.285714285714286,74.0
male,50,185.0,93.0,26.0,100.0,40.5,6.346153846153846,165.0
female,38,164.0,59.0,23.0,104.0,40.5,6.086956521739131,140.0
female,23,167.0,64.0,20.0,96.0,40.3,4.9,98.0
female,50,170.0,68.0,3.0,84.0,38.4,4.0,12.0
male,64,192.0,96.0,23.0,99.0,40.2,6.913043478260869,159.0
male,35,169.0,76.0,12.0,90.0,40.0,3.75,45.0
female,74,161.0,62.0,24.0,107.0,40.7,7.0,168.0
female,79,158.0,62.0,13.0,85.0,40.0,4.769230769230769,62.0
female,25,153.0,54.0,5.0,87.0,38.9,4.2,21.0
male,36,185.0,89.0,18.0,96.0,40.3,4.944444444444445,89.0
female,21,160.0,62.0,25.0,105.0,40.2,5.88,147.0
male,45,195.0,99.0,2.0,83.0,37.9,3.5,7.0
female,42,142.0,43.0,17.0,91.0,40.8,5.0,85.0
male,37,186.0,85.0,7.0,89.0,39.3,3.857142857142857,27.0
female,31,174.0,75.0,24.0,103.0,40.8,5.666666666666667,136.0
male,48,197.0,95.0,27.0,104.0,40.6,6.888888888888889,186.0
male,62,169.0,68.0,13.0,88.0,40.1,4.538461538461538,59.0
male,42,185.0,87.0,30.0,110.0,40.7,7.333333333333333,220.0
female,26,167.0,61.0,16.0,101.0,39.9,5.5625,89.0
male,33,170.0,70.0,21.0,101.0,40.5,5.142857142857143,108.0
male,29,179.0,85.0,24.0,112.0,41.0,6.958333333333333,167.0
male,20,176.0,74.0,15.0,100.0,40.3,4.466666666666667,67.0
male,23,169.0,72.0,30.0,115.0,40.9,6.833333333333333,205.0
male,21,205.0,103.0,21.0,109.0,40.4,6.523809523809524,137.0
male,37,181.0,86.0,22.0,97.0,40.6,5.090909090909091,112.0
female,26,151.0,55.0,9.0,90.0,39.8,4.444444444444445,40.0
female,34,164.0,62.0,26.0,109.0,40.7,6.538461538461538,170.0
male,31,182.0,85.0,3.0,85.0,38.4,3.0,9.0
female,20,143.0,48.0,27.0,107.0,40.6,6.2592592592592595,169.0
male,41,179.0,85.0,25.0,101.0,40.8,5.88,147.0
female,57,159.0,61.0,24.0,99.0,40.6,5.875,141.0
female,32,160.0,57.0,27.0,110.0,40.7,6.666666666666667,180.0
male,65,201.0,104.0,7.0,78.0,39.6,4.0,28.0
male,46,178.0,79.0,28.0,102.0,40.7,6.142857142857143,172.0
male,45,200.0,97.0,24.0,106.0,40.7,7.083333333333333,170.0
male,73,184.0,82.0,27.0,104.0,40.7,7.814814814814815,211.0
male,31,181.0,78.0,17.0,102.0,40.4,5.411764705882353,92.0
female,60,174.0,77.0,5.0,92.0,39.2,5.0,25.0
female,25,163.0,60.0,7.0,89.0,39.4,4.285714285714286,30.0
female,40,172.0,66.0,20.0,98.0,40.7,5.4,108.0
female,75,170.0,72.0,22.0,98.0,40.9,5.954545454545454,131.0
female,23,162.0,57.0,21.0,104.0,40.3,5.857142857142857,123.0
female,43,162.0,64.0,6.0,87.0,39.5,4.333333333333333,26.0
female,44,158.0,54.0,12.0,100.0,40.1,5.833333333333333,70.0
female,64,174.0,74.0,7.0,88.0,38.9,4.714285714285714,33.0
female,42,167.0,66.0,20.0,105.0,40.2,6.2,124.0
male,43,185.0,91.0,16.0,97.0,40.5,5.5,88.0
female,46,171.0,64.0,3.0,94.0,38.5,5.0,15.0
female,77,155.0,62.0,4.0,85.0,38.9,4.75,19.0
female,41,142.0,47.0,26.0,107.0,40.8,6.653846153846154,173.0
male,42,176.0,84.0,26.0,112.0,40.8,7.576923076923077,197.0
female,41,173.0,69.0,28.0,108.0,41.0,6.428571428571429,180.0
female,21,163.0,61.0,7.0,87.0,39.2,4.0,28.0
female,43,173.0,69.0,22.0,102.0,40.6,5.818181818181818,128.0
male,60,187.0,91.0,18.0,99.0,39.9,6.611111111111111,119.0
female,32,162.0,63.0,14.0,88.0,39.9,4.214285714285714,59.0
female,27,158.0,58.0,16.0,101.0,40.3,5.625,90.0
female,50,172.0,66.0,9.0,92.0,39.6,4.888888888888889,44.0
female,20,163.0,66.0,1.0,86.0,37.8,4.0,4.0
male,72,167.0,76.0,28.0,102.0,40.4,7.321428571428571,205.0
male,29,177.0,82.0,30.0,109.0,40.5,6.433333333333334,193.0
male,32,188.0,86.0,19.0,97.0,40.5,4.842105263157895,92.0
female,48,161.0,61.0,17.0,87.0,40.2,4.411764705882353,75.0
female,32,165.0,65.0,20.0,91.0,40.6,4.5,90.0
male,54,194.0,94.0,29.0,106.0,40.8,7.448275862068965,216.0
female,53,182.0,75.0,19.0,102.0,40.3,5.947368421052632,113.0
male,59,168.0,80.0,6.0,89.0,39.2,4.833333333333333,29.0
male,38,170.0,75.0,14.0,95.0,40.4,4.642857142857143,65.0
female,23,169.0,70.0,13.0,90.0,40.1,4.153846153846154,54.0
male,26,190.0,95.0,29.0,109.0,40.7,6.586206896551724,191.0
male,22,194.0,96.0,20.0,97.0,40.3,4.6,92.0
male,21,184.0,81.0,23.0,94.0,40.4,3.782608695652174,87.0
female,65,156.0,54.0,18.0,96.0,40.2,5.777777777777778,104.0
male,21,193.0,92.0,20.0,108.0,40.5,6.1,122.0
female,53,167.0,67.0,28.0,112.0,40.7,7.107142857142857,199.0
female,34,162.0,62.0,5.0,87.0,39.4,4.2,21.0
male,60,167.0,69.0,25.0,110.0,40.5,7.8,195.0
female,52,154.0,60.0,21.0,102.0,40.4,6.142857142857143,129.0
female,31,165.0,65.0,22.0,90.0,40.6,4.409090909090909,97.0
female,28,154.0,54.0,14.0,93.0,40.2,4.785714285714286,67.0
male,48,177.0,81.0,28.0,111.0,40.9,7.642857142857143,214.0
female,23,176.0,66.0,10.0,95.0,39.8,4.8,48.0
male,44,185.0,87.0,12.0,95.0,39.9,5.166666666666667,62.0
male,21,188.0,90.0,29.0,110.0,40.8,6.379310344827586,185.0
female,54,171.0,68.0,6.0,82.0,39.2,3.8333333333333335,23.0
male,75,169.0,72.0,16.0,98.0,40.0,6.75,108.0
female,36,163.0,59.0,4.0,83.0,38.9,3.75,15.0
male,42,192.0,98.0,4.0,88.0,38.7,4.25,17.0
female,73,163.0,58.0,6.0,89.0,39.1,5.166666666666667,31.0
male,36,181.0,83.0,8.0,81.0,39.4,2.625,21.0
male,77,171.0,73.0,25.0,109.0,41.0,8.56,214.0
female,59,174.0,71.0,16.0,99.0,40.6,5.75,92.0
female,44,174.0,67.0,8.0,87.0,39.9,4.25,34.0
male,68,185.0,85.0,26.0,102.0,40.5,7.3076923076923075,190.0
male,69,176.0,76.0,18.0,104.0,40.3,7.5,135.0
male,23,171.0,72.0,6.0,84.0,39.4,2.1666666666666665,13.0
male,22,187.0,86.0,11.0,90.0,39.7,3.3636363636363638,37.0
female,51,173.0,74.0,24.0,101.0,40.3,5.791666666666667,139.0
male,20,192.0,90.0,17.0,104.0,40.6,5.411764705882353,92.0
female,22,170.0,65.0,12.0,91.0,40.0,4.333333333333333,52.0
female,37,154.0,55.0,6.0,92.0,39.1,4.833333333333333,29.0
female,35,164.0,58.0,7.0,94.0,39.7,5.0,35.0
female,21,159.0,50.0,11.0,86.0,40.1,4.0,44.0
male,50,191.0,88.0,24.0,105.0,40.8,6.958333333333333,167.0
female,40,172.0,66.0,10.0,86.0,39.7,4.1,41.0
male,47,182.0,82.0,27.0,100.0,40.7,5.962962962962963,161.0
female,67,159.0,57.0,9.0,88.0,40.1,4.888888888888889,44.0
female,20,155.0,50.0,2.0,82.0,37.9,3.5,7.0
male,30,188.0,90.0,4.0,89.0,39.0,3.75,15.0
male,43,178.0,78.0,16.0,94.0,40.1,4.75,76.0
male,25,186.0,87.0,24.0,105.0,40.4,5.75,138.0
male,52,161.0,69.0,11.0,84.0,40.1,3.4545454545454546,38.0
female,34,163.0,61.0,13.0,96.0,40.1,5.153846153846154,67.0
female,46,165.0,67.0,15.0,93.0,39.8,4.933333333333334,74.0
female,46,174.0,72.0,11.0,92.0,39.7,4.818181818181818,53.0
female,57,163.0,64.0,5.0,84.0,38.9,4.2,21.0
male,21,183.0,82.0,8.0,86.0,40.0,2.625,21.0
male,22,197.0,94.0,25.0,108.0,40.6,6.2,155.0
female,63,171.0,73.0,8.0,88.0,40.2,4.625,37.0
male,24,183.0,88.0,21.0,98.0,40.4,4.666666666666667,98.0
female,28,160.0,61.0,21.0,99.0,40.3,5.380952380952381,113.0
female,29,172.0,66.0,14.0,101.0,40.6,5.5,77.0
female,51,164.0,60.0,24.0,101.0,40.4,6.0,144.0
male,56,194.0,97.0,11.0,84.0,40.0,4.2727272727272725,47.0
female,40,156.0,60.0,13.0,95.0,40.4,5.153846153846154,67.0
male,35,171.0,77.0,30.0,108.0,40.9,6.466666666666667,194.0
male,73,186.0,89.0,5.0,85.0,39.1,5.0,25.0
female,26,176.0,68.0,13.0,91.0,40.0,4.384615384615385,57.0
female,51,163.0,59.0,24.0,107.0,40.4,6.666666666666667,160.0
male,22,192.0,92.0,14.0,93.0,40.5,3.9285714285714284,55.0
female,21,165.0,65.0,12.0,88.0,40.1,4.0,48.0
female,25,186.0,81.0,11.0,88.0,39.5,3.8181818181818183,42.0
female,55,177.0,75.0,9.0,95.0,39.6,5.222222222222222,47.0
female,33,167.0,62.0,17.0,95.0,40.3,5.0,85.0
female,68,165.0,68.0,19.0,91.0,40.4,5.105263157894737,97.0
female,78,161.0,63.0,26.0,100.0,40.4,6.346153846153846,165.0
female,62,151.0,55.0,29.0,113.0,40.8,7.551724137931035,219.0
male,57,186.0,87.0,25.0,107.0,40.6,7.6,190.0
female,64,188.0,85.0,28.0,106.0,41.1,6.428571428571429,180.0
female,66,154.0,56.0,23.0,106.0,40.8,6.869565217391305,158.0
female,56,174.0,76.0,11.0,90.0,39.7,4.7272727272727275,52.0
female,45,169.0,66.0,19.0,97.0,40.5,5.368421052631579,102.0
male,46,189.0,87.0,26.0,107.0,40.9,7.076923076923077,184.0
male,34,164.0,63.0,8.0,93.0,39.5,3.875,31.0
male,30,194.0,97.0,17.0,95.0,40.6,4.705882352941177,80.0
male,52,186.0,93.0,6.0,90.0,39.4,5.0,30.0
male,42,180.0,84.0,1.0,87.0,37.8,4.0,4.0
female,75,168.0,66.0,18.0,103.0,40.0,6.555555555555555,118.0
male,36,179.0,77.0,23.0,110.0,40.7,6.826086956521739,157.0
male,41,194.0,94.0,17.0,93.0,40.6,4.882352941176471,83.0
male,22,192.0,96.0,20.0,100.0,40.7,5.05,101.0
female,21,176.0,64.0,4.0,75.0,38.9,2.75,11.0
female,56,163.0,65.0,21.0,108.0,40.8,6.761904761904762,142.0
male,50,179.0,84.0,6.0,92.0,39.4,5.0,30.0
male,61,167.0,70.0,9.0,86.0,39.9,4.222222222222222,38.0
female,58,171.0,67.0,6.0,82.0,39.4,4.0,24.0
male,31,165.0,69.0,19.0,99.0,40.6,4.7368421052631575,90.0
male,20,169.0,75.0,5.0,87.0,38.6,2.6,13.0
female,37,167.0,70.0,29.0,113.0,40.7,6.896551724137931,200.0
female,22,164.0,64.0,8.0,94.0,39.2,4.625,37.0
male,26,194.0,96.0,12.0,90.0,40.2,3.75,45.0
female,39,149.0,56.0,8.0,85.0,39.5,4.125,33.0
male,27,171.0,72.0,29.0,111.0,41.1,6.413793103448276,186.0
male,52,187.0,84.0,24.0,112.0,40.4,8.041666666666666,193.0
male,49,187.0,88.0,13.0,92.0,40.2,5.0,65.0
male,53,182.0,78.0,12.0,91.0,40.0,4.833333333333333,58.0
female,37,163.0,59.0,8.0,92.0,39.7,4.75,38.0
female,68,161.0,60.0,16.0,95.0,40.4,5.6875,91.0
male,51,178.0,88.0,12.0,92.0,40.2,5.083333333333333,61.0
female,22,146.0,50.0,7.0,79.0,39.7,3.2857142857142856,23.0
male,41,168.0,70.0,6.0,84.0,39.3,3.0,18.0
male,75,177.0,85.0,11.0,97.0,39.7,6.909090909090909,76.0
female,28,162.0,65.0,17.0,96.0,40.2,5.0,85.0
female,40,161.0,59.0,22.0,96.0,40.7,5.2727272727272725,116.0
male,23,195.0,85.0,5.0,87.0,39.0,2.8,14.0
male,45,188.0,87.0,5.0,89.0,39.4,4.2,21.0
female,71,157.0,62.0,21.0,98.0,40.5,6.0,126.0
female,37,172.0,64.0,2.0,85.0,38.4,4.0,8.0
female,21,166.0,63.0,5.0,81.0,39.3,3.2,16.0
male,63,185.0,88.0,8.0,86.0,39.4,4.75,38.0
female,21,169.0,64.0,24.0,104.0,41.0,5.75,138.0
female,45,156.0,59.0,5.0,83.0,38.8,4.0,20.0
male,62,184.0,83.0,22.0,103.0,40.5,7.136363636363637,157.0
male,78,187.0,95.0,26.0,110.0,40.7,9.23076923076923,240.0
female,41,149.0,47.0,9.0,93.0,39.7,5.111111111111111,46.0
male,28,180.0,78.0,17.0,97.0,40.4,4.470588235294118,76.0
female,55,181.0,77.0,24.0,109.0,40.6,6.708333333333333,161.0
female,24,168.0,67.0,21.0,100.0,40.4,5.333333333333333,112.0
male,40,170.0,76.0,18.0,100.0,40.4,5.5,99.0
male,43,186.0,84.0,15.0,80.0,40.1,2.8,42.0
female,58,166.0,66.0,30.0,115.0,41.1,7.533333333333333,226.0
male,52,185.0,79.0,26.0,106.0,41.0,7.038461538461538,183.0
female,60,170.0,71.0,9.0,91.0,39.5,4.888888888888889,44.0
female,56,168.0,66.0,3.0,85.0,38.7,4.333333333333333,13.0
female,61,176.0,70.0,15.0,96.0,40.2,5.533333333333333,83.0
female,42,167.0,68.0,2.0,85.0,38.1,4.0,8.0
male,49,177.0,85.0,15.0,99.0,40.2,5.933333333333334,89.0
female,57,176.0,74.0,12.0,94.0,40.1,5.166666666666667,62.0
female,65,158.0,62.0,23.0,97.0,40.6,5.782608695652174,133.0
male,27,172.0,73.0,25.0,103.0,40.6,5.24,131.0
male,26,198.0,95.0,5.0,88.0,39.3,3.4,17.0
female,62,137.0,47.0,28.0,110.0,40.8,7.321428571428571,205.0
male,31,186.0,91.0,19.0,103.0,40.2,5.842105263157895,111.0
male,33,194.0,101.0,7.0,76.0,39.8,2.0,14.0
male,30,202.0,109.0,26.0,102.0,40.5,6.0,156.0
male,41,176.0,81.0,13.0,93.0,40.3,4.615384615384615,60.0
female,65,162.0,61.0,11.0,101.0,40.0,6.2727272727272725,69.0
male,31,193.0,97.0,15.0,92.0,40.5,4.266666666666667,64.0
male,41,198.0,101.0,3.0,75.0,38.7,2.3333333333333335,7.0
male,50,188.0,86.0,14.0,94.0,40.2,5.285714285714286,74.0
female,22,144.0,46.0,22.0,99.0,40.7,5.454545454545454,120.0
female,69,172.0,69.0,17.0,93.0,40.8,5.352941176470588,91.0
male,27,181.0,83.0,6.0,86.0,39.4,2.8333333333333335,17.0
male,39,202.0,104.0,19.0,100.0,40.3,6.052631578947368,115.0
male,30,178.0,84.0,8.0,80.0,39.5,2.125,17.0
female,42,157.0,56.0,25.0,106.0,40.8,6.44,161.0
male,40,172.0,69.0,16.0,102.0,40.3,5.625,90.0
male,32,202.0,108.0,18.0,97.0,40.3,5.333333333333333,96.0
male,43,191.0,97.0,26.0,119.0,40.8,8.961538461538462,233.0
female,37,167.0,64.0,9.0,91.0,39.9,4.666666666666667,42.0
male,54,176.0,80.0,20.0,95.0,39.7,5.5,110.0
female,30,173.0,67.0,3.0,83.0,38.6,3.6666666666666665,11.0
female,28,189.0,86.0,22.0,104.0,40.7,5.545454545454546,122.0
male,48,183.0,91.0,24.0,102.0,40.4,6.5,156.0
female,58,165.0,67.0,6.0,91.0,39.6,5.0,30.0
male,43,176.0,79.0,26.0,115.0,41.2,7.961538461538462,207.0
male,42,193.0,96.0,24.0,109.0,40.9,7.375,177.0
female,52,155.0,58.0,20.0,110.0,40.3,7.0,140.0
male,23,176.0,79.0,13.0,98.0,40.2,4.461538461538462,58.0
female,62,159.0,61.0,5.0,83.0,39.0,4.2,21.0
female,60,158.0,63.0,25.0,100.0,40.7,6.0,150.0
female,50,162.0,59.0,14.0,99.0,40.3,5.785714285714286,81.0
female,28,175.0,72.0,7.0,93.0,39.5,4.571428571428571,32.0
female,23,162.0,58.0,27.0,103.0,40.7,5.7407407407407405,155.0
male,55,183.0,84.0,5.0,80.0,39.0,3.4,17.0
male,20,172.0,72.0,16.0,102.0,40.0,4.75,76.0
male,44,184.0,86.0,25.0,114.0,40.8,8.0,200.0
male,20,206.0,107.0,21.0,105.0,40.3,5.9523809523809526,125.0
female,23,177.0,74.0,27.0,103.0,40.7,5.518518518518518,149.0
male,34,194.0,93.0,12.0,89.0,40.3,3.9166666666666665,47.0
male,40,202.0,103.0,10.0,94.0,40.2,5.2,52.0
male,34,170.0,80.0,9.0,95.0,39.9,4.555555555555555,41.0
male,23,189.0,85.0,26.0,105.0,40.8,5.615384615384615,146.0
male,46,189.0,90.0,18.0,101.0,40.5,6.222222222222222,112.0
male,77,182.0,85.0,6.0,80.0,39.2,4.5,27.0
male,67,167.0,70.0,29.0,109.0,41.2,8.0,232.0
female,36,159.0,57.0,29.0,115.0,41.0,7.275862068965517,211.0
female,43,183.0,85.0,10.0,94.0,39.8,4.8,48.0
male,37,172.0,77.0,22.0,105.0,40.5,6.090909090909091,134.0
male,70,197.0,98.0,16.0,95.0,40.2,6.625,106.0
female,20,153.0,52.0,14.0,102.0,40.4,5.642857142857143,79.0
male,27,184.0,79.0,5.0,89.0,38.9,3.2,16.0
male,21,190.0,94.0,16.0,103.0,40.4,5.375,86.0
male,28,167.0,65.0,12.0,90.0,40.2,3.1666666666666665,38.0
female,57,178.0,78.0,21.0,102.0,40.9,5.9523809523809526,125.0
male,36,189.0,87.0,20.0,98.0,40.3,5.2,104.0
male,20,183.0,80.0,11.0,94.0,40.1,3.727272727272727,41.0
female,32,171.0,70.0,29.0,104.0,40.8,5.862068965517241,170.0
female,44,151.0,56.0,4.0,91.0,38.9,4.75,19.0
female,20,156.0,52.0,10.0,97.0,39.5,5.1,51.0
female,22,153.0,55.0,21.0,107.0,41.1,6.190476190476191,130.0
male,49,181.0,79.0,29.0,108.0,40.7,7.172413793103448,208.0
female,23,184.0,75.0,12.0,93.0,39.6,4.416666666666667,53.0
female,20,175.0,69.0,22.0,98.0,40.5,5.0,110.0
male,63,184.0,92.0,14.0,94.0,40.2,6.0,84.0
female,35,170.0,64.0,24.0,102.0,40.6,5.75,138.0
female,50,157.0,60.0,6.0,91.0,39.4,4.833333333333333,29.0
male,45,194.0,97.0,6.0,91.0,39.6,4.833333333333333,29.0
male,25,180.0,84.0,17.0,96.0,40.1,4.352941176470588,74.0
male,26,194.0,93.0,22.0,101.0,40.6,5.318181818181818,117.0
female,29,161.0,65.0,28.0,110.0,41.1,6.5,182.0
male,26,191.0,87.0,15.0,96.0,40.2,4.466666666666667,67.0
male,43,186.0,88.0,16.0,94.0,39.9,5.0,80.0
male,41,195.0,100.0,30.0,107.0,40.8,7.1,213.0
female,22,158.0,62.0,25.0,105.0,40.6,5.88,147.0
female,71,159.0,60.0,11.0,96.0,39.9,5.818181818181818,64.0
male,59,191.0,91.0,2.0,85.0,38.0,4.5,9.0
male,25,178.0,77.0,16.0,99.0,40.0,4.625,74.0
female,39,159.0,59.0,6.0,87.0,39.0,4.333333333333333,26.0
male,22,177.0,83.0,20.0,99.0,40.4,4.6,92.0
male,43,170.0,78.0,23.0,104.0,40.5,6.260869565217392,144.0
male,20,198.0,100.0,10.0,88.0,39.8,3.2,32.0
male,73,185.0,87.0,26.0,99.0,40.6,7.153846153846154,186.0
female,31,164.0,66.0,12.0,88.0,39.8,4.166666666666667,50.0
female,39,170.0,64.0,19.0,103.0,40.5,5.947368421052632,113.0
male,35,181.0,82.0,11.0,85.0,39.8,3.090909090909091,34.0
female,61,168.0,66.0,29.0,107.0,41.1,6.724137931034483,195.0
female,40,175.0,73.0,21.0,99.0,40.7,5.428571428571429,114.0
male,20,172.0,76.0,6.0,83.0,39.4,2.0,12.0
female,43,146.0,54.0,24.0,91.0,40.5,4.875,117.0
female,20,176.0,69.0,10.0,84.0,40.2,3.5,35.0
male,21,185.0,79.0,9.0,86.0,39.8,2.5555555555555554,23.0
female,48,181.0,72.0,6.0,89.0,39.4,4.5,27.0
female,54,158.0,60.0,14.0,95.0,40.1,5.428571428571429,76.0
female,20,160.0,64.0,23.0,108.0,40.6,6.130434782608695,141.0
male,20,183.0,86.0,21.0,103.0,40.7,5.190476190476191,109.0
female,79,168.0,68.0,24.0,108.0,40.5,7.125,171.0
male,72,202.0,111.0,20.0,94.0,40.5,6.85,137.0
female,31,176.0,69.0,12.0,98.0,39.5,5.166666666666667,62.0
male,74,182.0,88.0,14.0,91.0,39.7,6.0,84.0
female,62,162.0,60.0,10.0,91.0,40.1,5.1,51.0
male,79,193.0,103.0,17.0,99.0,40.4,7.764705882352941,132.0
female,32,163.0,62.0,2.0,91.0,38.4,4.5,9.0
male,26,188.0,91.0,28.0,110.0,40.7,6.642857142857143,186.0
male,34,195.0,92.0,10.0,91.0,39.9,4.2,42.0
female,33,166.0,61.0,29.0,107.0,40.5,6.310344827586207,183.0
female,30,148.0,52.0,7.0,88.0,39.2,4.285714285714286,30.0
female,34,149.0,47.0,25.0,100.0,40.9,5.76,144.0
female,27,159.0,61.0,16.0,105.0,40.5,6.0,96.0
male,39,199.0,98.0,3.0,76.0,38.7,2.3333333333333335,7.0
female,56,162.0,59.0,26.0,101.0,41.1,6.115384615384615,159.0
female,42,174.0,72.0,18.0,97.0,40.4,5.222222222222222,94.0
female,22,158.0,57.0,26.0,108.0,40.7,6.269230769230769,163.0
male,31,190.0,90.0,23.0,112.0,40.6,7.173913043478261,165.0
female,31,165.0,60.0,25.0,115.0,40.8,7.16,179.0
male,59,178.0,86.0,22.0,99.0,40.3,6.454545454545454,142.0
male,42,184.0,89.0,24.0,105.0,40.5,6.625,159.0
female,31,170.0,67.0,29.0,111.0,41.1,6.620689655172414,192.0
female,20,158.0,48.0,13.0,100.0,40.1,5.538461538461538,72.0
female,26,168.0,59.0,13.0,90.0,39.9,4.384615384615385,57.0
female,22,150.0,54.0,17.0,98.0,40.3,5.235294117647059,89.0
female,31,158.0,64.0,24.0,94.0,40.4,4.833333333333333,116.0
male,35,190.0,87.0,14.0,91.0,39.9,4.142857142857143,58.0
female,48,156.0,54.0,9.0,93.0,39.7,5.222222222222222,47.0
female,60,179.0,72.0,29.0,111.0,40.8,7.068965517241379,205.0
male,22,191.0,94.0,25.0,118.0,40.8,7.72,193.0
male,58,177.0,86.0,16.0,101.0,40.5,6.6875,107.0
female,55,158.0,60.0,4.0,94.0,38.4,5.25,21.0
female,66,153.0,61.0,22.0,96.0,40.7,5.7272727272727275,126.0
female,21,174.0,66.0,9.0,94.0,39.8,4.666666666666667,42.0
female,34,178.0,77.0,23.0,93.0,40.3,4.608695652173913,106.0
male,20,194.0,90.0,15.0,91.0,40.3,3.466666666666667,52.0
male,28,191.0,83.0,7.0,80.0,39.4,2.0,14.0
male,55,184.0,92.0,17.0,97.0,40.5,6.117647058823529,104.0
female,73,171.0,72.0,24.0,108.0,40.7,6.958333333333333,167.0
male,50,182.0,88.0,29.0,111.0,40.5,7.896551724137931,229.0
male,44,195.0,103.0,2.0,89.0,38.2,4.5,9.0
female,50,159.0,56.0,26.0,110.0,40.9,7.0,182.0
male,60,181.0,89.0,1.0,88.0,38.2,5.0,5.0
female,22,152.0,58.0,9.0,90.0,39.8,4.333333333333333,39.0
male,62,183.0,89.0,1.0,83.0,37.7,4.0,4.0
male,46,198.0,99.0,6.0,83.0,39.1,3.6666666666666665,22.0
female,26,167.0,65.0,16.0,89.0,40.4,4.1875,67.0
male,65,196.0,98.0,21.0,103.0,40.2,7.619047619047619,160.0
male,21,176.0,75.0,19.0,109.0,40.5,5.894736842105263,112.0
male,28,187.0,85.0,25.0,100.0,40.7,5.08,127.0
female,74,151.0,50.0,25.0,109.0,40.2,7.4,185.0
female,79,163.0,60.0,3.0,81.0,39.0,4.333333333333333,13.0
female,37,156.0,62.0,12.0,87.0,39.9,4.25,51.0
male,79,172.0,76.0,9.0,92.0,39.8,6.111111111111111,55.0
female,60,165.0,60.0,4.0,86.0,38.6,4.5,18.0
male,54,191.0,88.0,23.0,113.0,40.2,8.391304347826088,193.0
female,41,173.0,71.0,25.0,109.0,40.7,6.52,163.0
female,20,161.0,55.0,8.0,86.0,39.5,3.875,31.0
female,73,160.0,59.0,9.0,87.0,39.7,4.888888888888889,44.0
female,65,157.0,54.0,23.0,97.0,40.4,5.913043478260869,136.0
female,34,181.0,74.0,25.0,112.0,40.7,6.68,167.0
male,70,184.0,93.0,7.0,86.0,39.2,5.142857142857143,36.0
female,64,170.0,70.0,21.0,87.0,41.0,4.571428571428571,96.0
male,30,178.0,76.0,8.0,81.0,39.9,2.125,17.0
female,33,164.0,64.0,4.0,85.0,39.2,4.0,16.0
male,28,179.0,78.0,3.0,89.0,38.9,3.3333333333333335,10.0
male,76,196.0,97.0,13.0,90.0,40.0,6.153846153846154,80.0
male,43,191.0,91.0,21.0,98.0,40.7,5.666666666666667,119.0
male,52,170.0,76.0,16.0,100.0,40.5,6.0625,97.0
female,21,169.0,61.0,22.0,103.0,40.6,5.681818181818182,125.0
female,31,148.0,47.0,3.0,86.0,38.6,4.333333333333333,13.0
male,79,176.0,86.0,20.0,102.0,40.1,7.9,158.0
male,24,176.0,81.0,7.0,92.0,39.7,3.5714285714285716,25.0
male,25,177.0,82.0,2.0,85.0,38.1,2.5,5.0
female,24,166.0,61.0,21.0,103.0,40.7,5.714285714285714,120.0
female,47,166.0,67.0,28.0,106.0,40.8,6.357142857142857,178.0
female,74,163.0,62.0,23.0,102.0,40.8,6.478260869565218,149.0
female,36,165.0,58.0,12.0,97.0,40.0,5.333333333333333,64.0
male,27,179.0,84.0,15.0,96.0,40.2,4.4,66.0
male,69,180.0,83.0,20.0,100.0,40.7,7.05,141.0
female,74,162.0,63.0,3.0,84.0,39.2,4.666666666666667,14.0
male,29,188.0,89.0,23.0,113.0,40.4,7.173913043478261,165.0
female,27,166.0,63.0,5.0,79.0,38.9,3.2,16.0
female,28,169.0,72.0,14.0,87.0,40.7,3.9285714285714284,55.0
female,27,155.0,55.0,3.0,80.0,38.3,3.3333333333333335,10.0
female,49,151.0,53.0,21.0,93.0,40.6,5.190476190476191,109.0
male,38,198.0,96.0,27.0,95.0,40.6,5.074074074074074,137.0
female,45,184.0,81.0,13.0,95.0,40.0,5.0,65.0
female,39,177.0,74.0,6.0,78.0,39.1,3.1666666666666665,19.0
male,62,196.0,93.0,26.0,106.0,40.8,7.8076923076923075,203.0
male,40,201.0,109.0,3.0,87.0,38.4,4.333333333333333,13.0
female,21,172.0,65.0,4.0,79.0,38.8,3.0,12.0
male,39,175.0,77.0,6.0,86.0,39.5,3.3333333333333335,20.0
male,66,183.0,91.0,12.0,92.0,40.1,5.833333333333333,70.0
female,25,163.0,66.0,4.0,88.0,39.0,4.0,16.0
male,60,183.0,85.0,8.0,84.0,39.6,4.25,34.0
female,72,171.0,68.0,4.0,82.0,38.4,4.25,17.0
female,56,149.0,49.0,14.0,92.0,40.1,5.285714285714286,74.0
male,49,170.0,70.0,13.0,95.0,40.3,5.0,65.0
male,41,200.0,103.0,18.0,103.0,40.5,6.555555555555555,118.0
female,28,166.0,68.0,28.0,111.0,40.8,6.535714285714286,183.0
male,54,172.0,71.0,21.0,107.0,40.9,7.095238095238095,149.0
male,46,178.0,77.0,13.0,90.0,40.1,4.3076923076923075,56.0
male,71,190.0,88.0,5.0,75.0,38.9,3.4,17.0
male,28,183.0,85.0,26.0,110.0,40.8,6.615384615384615,172.0
male,31,189.0,86.0,20.0,101.0,40.5,5.4,108.0
male,28,172.0,78.0,27.0,103.0,40.8,5.407407407407407,146.0
male,45,180.0,79.0,4.0,79.0,38.7,2.5,10.0
male,65,183.0,89.0,23.0,103.0,40.7,7.434782608695652,171.0
female,71,158.0,62.0,3.0,78.0,38.4,4.0,12.0
female,38,153.0,59.0,14.0,99.0,40.4,5.571428571428571,78.0
female,33,154.0,58.0,1.0,87.0,37.8,4.0,4.0
male,65,197.0,102.0,13.0,83.0,40.1,4.6923076923076925,61.0
male,43,187.0,90.0,9.0,90.0,39.5,4.444444444444445,40.0
male,28,198.0,101.0,5.0,87.0,39.4,3.4,17.0
male,69,169.0,69.0,6.0,92.0,39.7,5.5,33.0
male,61,170.0,79.0,13.0,89.0,39.8,4.923076923076923,64.0
male,31,186.0,94.0,7.0,92.0,39.7,4.285714285714286,30.0
female,20,171.0,69.0,25.0,109.0,41.0,6.2,155.0
male,20,167.0,65.0,12.0,91.0,40.3,2.9166666666666665,35.0
male,32,188.0,93.0,10.0,95.0,39.7,4.7,47.0
female,55,176.0,71.0,27.0,106.0,40.8,6.444444444444445,174.0
female,23,165.0,66.0,13.0,95.0,40.1,4.769230769230769,62.0
male,23,181.0,77.0,15.0,88.0,40.0,2.8666666666666667,43.0
male,39,194.0,94.0,1.0,84.0,37.8,3.0,3.0
female,24,153.0,48.0,21.0,101.0,40.2,5.666666666666667,119.0
male,29,181.0,85.0,10.0,93.0,39.8,4.1,41.0
female,68,150.0,53.0,8.0,76.0,39.8,3.75,30.0
male,25,198.0,97.0,11.0,92.0,39.9,4.0,44.0
male,56,170.0,78.0,15.0,99.0,40.1,6.133333333333334,92.0
female,41,176.0,73.0,17.0,98.0,40.2,5.294117647058823,90.0
female,40,166.0,64.0,25.0,103.0,40.5,5.96,149.0
male,64,194.0,97.0,5.0,80.0,39.2,4.0,20.0
male,71,175.0,75.0,16.0,91.0,40.1,5.625,90.0
male,70,197.0,98.0,19.0,101.0,40.2,7.526315789473684,143.0
male,67,190.0,87.0,10.0,90.0,39.9,5.5,55.0
male,38,182.0,88.0,15.0,91.0,40.1,4.266666666666667,64.0
female,63,173.0,71.0,29.0,108.0,40.9,6.793103448275862,197.0
male,36,195.0,96.0,9.0,97.0,39.9,5.222222222222222,47.0
male,47,175.0,76.0,30.0,113.0,41.3,7.766666666666667,233.0
male,71,192.0,97.0,22.0,104.0,40.6,8.045454545454545,177.0
male,68,186.0,98.0,28.0,105.0,41.1,8.071428571428571,226.0
female,21,165.0,66.0,6.0,83.0,39.3,3.5,21.0
female,62,161.0,68.0,13.0,95.0,40.2,5.461538461538462,71.0
male,25,203.0,105.0,29.0,112.0,40.8,7.206896551724138,209.0
male,20,176.0,73.0,2.0,84.0,38.3,2.0,4.0
male,25,186.0,84.0,26.0,111.0,40.7,6.576923076923077,171.0
female,45,163.0,61.0,17.0,100.0,40.4,5.764705882352941,98.0
female,32,160.0,54.0,2.0,87.0,38.3,4.0,8.0
male,61,181.0,87.0,25.0,112.0,40.7,8.52,213.0
female,27,183.0,79.0,3.0,80.0,38.9,3.0,9.0
male,32,179.0,77.0,10.0,85.0,40.2,2.9,29.0
male,27,180.0,86.0,26.0,110.0,40.6,6.576923076923077,171.0
female,67,176.0,72.0,6.0,84.0,39.3,4.333333333333333,26.0
male,30,193.0,101.0,10.0,91.0,39.8,4.2,42.0
male,32,197.0,104.0,8.0,89.0,40.0,4.0,32.0
female,48,185.0,82.0,2.0,84.0,38.4,4.0,8.0
male,28,178.0,77.0,22.0,99.0,40.4,4.7727272727272725,105.0
male,71,193.0,97.0,8.0,88.0,39.4,5.625,45.0
male,64,186.0,92.0,21.0,102.0,40.2,7.285714285714286,153.0
male,71,200.0,98.0,27.0,108.0,40.6,8.666666666666666,234.0
male,30,186.0,86.0,27.0,108.0,41.1,6.407407407407407,173.0
male,35,171.0,81.0,18.0,96.0,40.4,4.722222222222222,85.0
female,30,170.0,64.0,6.0,86.0,39.0,4.0,24.0
male,21,182.0,84.0,4.0,91.0,38.6,3.5,14.0
female,75,181.0,77.0,25.0,105.0,40.6,6.6,165.0
male,53,196.0,103.0,9.0,91.0,39.8,5.333333333333333,48.0
male,24,184.0,80.0,23.0,99.0,41.0,4.6521739130434785,107.0
male,45,163.0,72.0,9.0,85.0,39.4,3.3333333333333335,30.0
male,22,191.0,92.0,2.0,84.0,38.1,2.5,5.0
female,50,175.0,75.0,25.0,116.0,40.7,7.36,184.0
male,56,192.0,90.0,3.0,85.0,38.7,4.333333333333333,13.0
female,22,148.0,48.0,29.0,106.0,40.9,6.172413793103448,179.0
male,30,189.0,89.0,15.0,91.0,40.3,3.933333333333333,59.0
male,54,189.0,94.0,8.0,93.0,39.8,5.5,44.0
female,29,153.0,55.0,11.0,97.0,39.5,5.2727272727272725,58.0
female,28,176.0,67.0,8.0,84.0,39.4,3.625,29.0
male,29,196.0,97.0,26.0,105.0,40.9,6.153846153846154,160.0
female,39,158.0,59.0,14.0,105.0,40.1,6.214285714285714,87.0
male,22,173.0,79.0,29.0,115.0,40.7,6.931034482758621,201.0
male,36,163.0,69.0,24.0,102.0,40.8,5.458333333333333,131.0
female,43,157.0,61.0,7.0,88.0,39.1,4.428571428571429,31.0
female,25,181.0,78.0,15.0,96.0,39.9,4.733333333333333,71.0
male,77,176.0,79.0,2.0,85.0,38.5,5.0,10.0
female,21,169.0,60.0,24.0,111.0,40.7,6.541666666666667,157.0
female,28,171.0,68.0,3.0,90.0,38.6,4.333333333333333,13.0
male,43,193.0,96.0,26.0,110.0,40.9,7.576923076923077,197.0
male,66,181.0,86.0,18.0,100.0,40.4,6.944444444444445,125.0
female,38,168.0,68.0,19.0,98.0,40.7,5.315789473684211,101.0
female,47,167.0,63.0,21.0,101.0,40.6,5.904761904761905,124.0
male,37,193.0,96.0,28.0,104.0,40.9,6.357142857142857,178.0
male,22,181.0,83.0,8.0,86.0,39.5,2.625,21.0
male,21,196.0,98.0,22.0,100.0,40.8,5.045454545454546,111.0
female,34,155.0,51.0,11.0,86.0,40.0,4.181818181818182,46.0
female,35,154.0,53.0,10.0,90.0,39.6,4.6,46.0
male,66,171.0,72.0,18.0,105.0,40.5,7.388888888888889,133.0
male,20,180.0,79.0,25.0,106.0,40.4,5.48,137.0
female,37,152.0,52.0,7.0,89.0,39.2,4.571428571428571,32.0
male,26,184.0,83.0,23.0,107.0,40.5,6.0,138.0
female,67,179.0,81.0,21.0,107.0,40.6,6.619047619047619,139.0
male,28,186.0,78.0,19.0,91.0,40.2,3.5789473684210527,68.0
female,26,176.0,76.0,19.0,97.0,40.4,4.894736842105263,93.0
female,32,167.0,63.0,5.0,91.0,39.2,4.6,23.0
male,74,177.0,80.0,14.0,93.0,39.9,6.142857142857143,86.0
male,59,189.0,95.0,22.0,110.0,40.5,8.318181818181818,183.0
female,21,179.0,72.0,7.0,82.0,39.4,3.2857142857142856,23.0
female,76,186.0,89.0,11.0,98.0,40.0,5.7272727272727275,63.0
female,25,163.0,65.0,7.0,91.0,39.3,4.428571428571429,31.0
male,30,187.0,86.0,4.0,83.0,38.6,2.75,11.0
male,22,177.0,78.0,25.0,102.0,40.7,4.96,124.0
male,49,198.0,102.0,17.0,100.0,40.5,6.470588235294118,110.0
male,26,188.0,82.0,28.0,112.0,40.7,6.75,189.0
male,36,191.0,93.0,16.0,97.0,40.0,5.1875,83.0
female,28,168.0,63.0,25.0,101.0,41.0,5.56,139.0
female,20,171.0,60.0,27.0,105.0,40.6,5.888888888888889,159.0
female,25,157.0,54.0,3.0,76.0,38.4,3.0,9.0
female,57,170.0,66.0,10.0,92.0,39.4,5.1,51.0
female,24,157.0,52.0,11.0,85.0,40.0,3.909090909090909,43.0
male,39,184.0,89.0,7.0,90.0,39.5,4.142857142857143,29.0
female,58,175.0,73.0,14.0,99.0,40.2,5.714285714285714,80.0
male,38,190.0,94.0,13.0,90.0,40.0,4.230769230769231,55.0
female,43,172.0,67.0,21.0,99.0,40.6,5.523809523809524,116.0
female,20,148.0,53.0,2.0,88.0,38.3,4.0,8.0
female,35,173.0,73.0,26.0,101.0,40.8,5.538461538461538,144.0
male,30,177.0,80.0,25.0,117.0,40.7,7.64,191.0
female,72,166.0,66.0,19.0,102.0,40.2,6.368421052631579,121.0
male,46,187.0,84.0,18.0,90.0,40.6,4.444444444444445,80.0
male,43,214.0,124.0,17.0,103.0,40.7,7.117647058823529,121.0
female,67,159.0,58.0,6.0,94.0,39.5,5.5,33.0
female,78,161.0,56.0,25.0,106.0,40.6,7.08,177.0
male,26,191.0,93.0,25.0,105.0,40.9,5.92,148.0
female,47,157.0,59.0,3.0,89.0,38.5,4.666666666666667,14.0
male,36,176.0,83.0,26.0,101.0,40.8,5.576923076923077,145.0
male,24,172.0,72.0,5.0,87.0,39.1,2.6,13.0
male,57,197.0,93.0,2.0,82.0,38.4,4.0,8.0
female,38,150.0,50.0,25.0,99.0,40.6,5.68,142.0
female,31,170.0,68.0,19.0,105.0,40.6,5.947368421052632,113.0
male,20,197.0,102.0,4.0,91.0,39.1,3.75,15.0
female,24,162.0,57.0,22.0,104.0,40.7,5.863636363636363,129.0
female,21,161.0,62.0,2.0,76.0,37.8,3.0,6.0
female,21,160.0,54.0,24.0,103.0,40.3,5.75,138.0
female,71,156.0,61.0,9.0,97.0,39.6,5.888888888888889,53.0
female,39,155.0,50.0,26.0,108.0,40.6,6.653846153846154,173.0
female,24,170.0,66.0,9.0,89.0,39.8,4.111111111111111,37.0
male,34,190.0,88.0,12.0,97.0,40.2,5.0,60.0
female,26,159.0,58.0,8.0,84.0,39.6,3.75,30.0
male,61,186.0,86.0,6.0,82.0,39.2,4.0,24.0
male,48,188.0,92.0,4.0,85.0,39.1,4.0,16.0
female,70,161.0,63.0,10.0,87.0,39.6,4.8,48.0
male,23,185.0,84.0,21.0,101.0,40.6,5.0,105.0
female,78,169.0,68.0,18.0,95.0,40.2,5.722222222222222,103.0
female,27,170.0,65.0,10.0,90.0,39.5,4.3,43.0
male,26,175.0,79.0,12.0,87.0,40.4,2.9166666666666665,35.0
female,65,176.0,72.0,21.0,104.0,40.4,6.380952380952381,134.0
female,62,181.0,80.0,22.0,108.0,40.8,6.681818181818182,147.0
male,44,165.0,70.0,5.0,97.0,39.2,5.0,25.0
female,37,166.0,65.0,28.0,107.0,40.8,6.321428571428571,177.0
male,74,193.0,89.0,13.0,94.0,40.1,6.461538461538462,84.0
female,25,150.0,50.0,21.0,107.0,40.5,6.333333333333333,133.0
male,46,189.0,90.0,11.0,89.0,40.0,4.454545454545454,49.0
female,50,147.0,45.0,23.0,102.0,40.8,6.304347826086956,145.0
female,28,153.0,56.0,20.0,103.0,40.6,5.85,117.0
female,33,140.0,45.0,12.0,90.0,39.5,4.75,57.0
female,63,158.0,61.0,30.0,106.0,40.9,6.733333333333333,202.0
male,48,187.0,86.0,27.0,106.0,41.1,7.0,189.0
male,46,175.0,80.0,21.0,97.0,40.5,5.380952380952381,113.0
female,41,186.0,82.0,30.0,114.0,40.8,6.9,207.0
female,77,161.0,59.0,2.0,79.0,38.0,4.0,8.0
male,34,192.0,90.0,3.0,83.0,38.3,3.0,9.0
female,53,178.0,71.0,18.0,95.0,40.5,5.222222222222222,94.0
female,36,163.0,62.0,24.0,105.0,40.8,6.125,147.0
male,56,187.0,90.0,8.0,87.0,39.8,4.625,37.0
male,31,179.0,83.0,21.0,94.0,40.6,4.285714285714286,90.0
male,67,183.0,89.0,24.0,107.0,40.7,8.125,195.0
male,34,184.0,85.0,18.0,105.0,40.2,6.166666666666667,111.0
female,69,189.0,85.0,3.0,82.0,38.5,4.0,12.0
male,20,173.0,73.0,25.0,99.0,40.7,4.32,108.0
female,42,177.0,77.0,10.0,97.0,39.9,5.2,52.0
female,32,157.0,50.0,28.0,104.0,40.6,6.107142857142857,171.0
female,43,154.0,56.0,29.0,109.0,40.9,6.758620689655173,196.0
female,40,162.0,60.0,27.0,109.0,40.4,6.666666666666667,180.0
male,60,181.0,79.0,9.0,92.0,39.4,5.333333333333333,48.0
female,70,175.0,74.0,9.0,79.0,40.0,3.7777777777777777,34.0
male,70,192.0,93.0,14.0,104.0,39.7,7.928571428571429,111.0
male,36,171.0,76.0,29.0,107.0,41.1,6.344827586206897,184.0
male,23,198.0,96.0,13.0,90.0,40.1,3.6153846153846154,47.0
male,25,171.0,72.0,29.0,111.0,40.7,6.344827586206897,184.0
male,32,190.0,90.0,1.0,84.0,37.9,3.0,3.0
male,52,193.0,99.0,12.0,91.0,39.8,5.166666666666667,62.0
male,25,182.0,84.0,17.0,93.0,40.4,3.8823529411764706,66.0
female,22,169.0,64.0,19.0,100.0,40.4,5.315789473684211,101.0
male,35,198.0,97.0,22.0,102.0,40.6,6.0,132.0
male,35,175.0,77.0,12.0,90.0,40.1,3.75,45.0
male,70,176.0,80.0,7.0,82.0,39.5,4.285714285714286,30.0
male,34,173.0,77.0,7.0,85.0,39.3,3.0,21.0
male,56,181.0,84.0,25.0,106.0,40.9,7.32,183.0
male,31,170.0,67.0,5.0,90.0,39.1,3.4,17.0
female,61,163.0,64.0,10.0,95.0,39.6,5.5,55.0
female,67,169.0,71.0,24.0,107.0,40.6,6.791666666666667,163.0
male,44,184.0,81.0,19.0,104.0,40.4,6.368421052631579,121.0
male,70,191.0,97.0,15.0,100.0,40.1,7.4,111.0
male,29,190.0,93.0,13.0,90.0,39.8,3.8461538461538463,50.0
male,49,188.0,91.0,16.0,97.0,40.2,5.8125,93.0
male,35,195.0,99.0,29.0,114.0,40.7,7.862068965517241,228.0
female,70,183.0,82.0,17.0,101.0,40.3,6.0588235294117645,103.0
female,23,172.0,62.0,23.0,103.0,40.8,5.695652173913044,131.0
male,48,184.0,86.0,11.0,95.0,39.9,5.363636363636363,59.0
female,68,152.0,54.0,4.0,85.0,38.6,4.75,19.0
male,29,210.0,111.0,6.0,84.0,39.2,3.3333333333333335,20.0
female,31,161.0,62.0,9.0,93.0,39.4,4.777777777777778,43.0
female,70,160.0,64.0,6.0,89.0,39.4,5.0,30.0
male,46,201.0,96.0,25.0,108.0,40.3,7.4,185.0
male,23,165.0,69.0,28.0,102.0,41.0,4.821428571428571,135.0
female,42,155.0,56.0,1.0,79.0,37.9,4.0,4.0
female,33,172.0,67.0,2.0,84.0,38.5,4.0,8.0
male,47,199.0,109.0,1.0,83.0,38.2,4.0,4.0
female,62,158.0,59.0,29.0,111.0,41.0,7.275862068965517,211.0
male,49,179.0,79.0,7.0,95.0,39.5,5.285714285714286,37.0
male,26,182.0,82.0,25.0,98.0,40.7,4.64,116.0
male,70,186.0,82.0,28.0,102.0,41.0,7.357142857142857,206.0
female,20,158.0,57.0,21.0,110.0,40.2,6.476190476190476,136.0
male,20,172.0,71.0,18.0,99.0,40.3,4.277777777777778,77.0
male,65,158.0,63.0,19.0,97.0,40.3,5.947368421052632,113.0
male,77,182.0,83.0,28.0,108.0,40.8,8.607142857142858,241.0
female,29,168.0,69.0,5.0,91.0,38.7,4.4,22.0
male,28,179.0,77.0,20.0,103.0,40.5,5.4,108.0
female,27,154.0,56.0,20.0,100.0,40.1,5.5,110.0
male,27,196.0,93.0,18.0,99.0,40.3,5.055555555555555,91.0
male,71,201.0,102.0,19.0,99.0,40.3,7.368421052631579,140.0
female,53,167.0,69.0,11.0,91.0,40.0,4.818181818181818,53.0
male,65,181.0,83.0,18.0,100.0,40.0,6.833333333333333,123.0
female,24,176.0,66.0,6.0,85.0,39.2,3.6666666666666665,22.0
male,66,199.0,101.0,20.0,95.0,40.8,6.5,130.0
female,37,163.0,57.0,23.0,102.0,40.6,5.913043478260869,136.0
female,59,193.0,93.0,7.0,94.0,39.3,5.0,35.0
male,29,177.0,79.0,8.0,86.0,39.5,2.875,23.0
female,67,173.0,69.0,20.0,105.0,40.5,6.6,132.0
female,48,175.0,70.0,14.0,99.0,40.1,5.571428571428571,78.0
male,71,190.0,90.0,25.0,109.0,40.9,8.64,216.0
female,21,157.0,54.0,16.0,98.0,40.4,5.25,84.0
male,24,189.0,92.0,1.0,88.0,38.1,3.0,3.0
female,37,169.0,73.0,15.0,90.0,40.0,4.4,66.0
male,55,185.0,86.0,12.0,96.0,40.1,5.833333333333333,70.0
male,34,178.0,81.0,21.0,100.0,40.2,5.285714285714286,111.0
female,26,167.0,67.0,7.0,84.0,39.6,3.5714285714285716,25.0
female,39,156.0,59.0,26.0,104.0,40.7,6.115384615384615,159.0
male,24,179.0,79.0,28.0,107.0,40.6,5.821428571428571,163.0
male,67,186.0,90.0,5.0,93.0,39.4,6.0,30.0
male,38,190.0,95.0,7.0,79.0,39.4,2.5714285714285716,18.0
female,30,175.0,66.0,15.0,100.0,40.3,5.466666666666667,82.0
female,26,177.0,68.0,10.0,88.0,40.0,4.1,41.0
female,26,160.0,56.0,18.0,104.0,40.0,5.944444444444445,107.0
male,22,187.0,89.0,16.0,96.0,40.1,4.3125,69.0
male,61,179.0,84.0,27.0,116.0,40.7,9.074074074074074,245.0
female,66,185.0,76.0,11.0,94.0,39.9,5.2727272727272725,58.0
male,24,183.0,82.0,29.0,108.0,40.7,6.0344827586206895,175.0
male,29,186.0,87.0,23.0,104.0,40.6,5.782608695652174,133.0
female,61,159.0,59.0,10.0,82.0,39.9,4.2,42.0
male,41,187.0,91.0,25.0,103.0,40.7,6.32,158.0
female,20,166.0,61.0,10.0,99.0,39.6,5.2,52.0
male,27,179.0,73.0,3.0,85.0,38.8,2.6666666666666665,8.0
male,29,161.0,64.0,5.0,92.0,39.3,3.4,17.0
male,37,193.0,95.0,23.0,102.0,40.8,6.043478260869565,139.0
male,20,180.0,79.0,10.0,94.0,39.9,3.7,37.0
male,30,170.0,72.0,5.0,86.0,39.0,2.8,14.0
female,22,180.0,74.0,2.0,81.0,37.9,3.0,6.0
female,43,156.0,65.0,27.0,102.0,40.6,5.888888888888889,159.0
male,45,177.0,81.0,19.0,102.0,40.4,6.105263157894737,116.0
male,62,173.0,73.0,4.0,79.0,39.1,3.25,13.0
female,75,177.0,73.0,9.0,85.0,39.8,4.555555555555555,41.0
female,64,174.0,72.0,28.0,108.0,40.9,6.821428571428571,191.0
male,28,193.0,93.0,17.0,94.0,40.4,4.352941176470588,74.0
male,66,189.0,92.0,26.0,102.0,40.7,7.384615384615385,192.0
male,31,180.0,76.0,11.0,92.0,40.2,3.8181818181818183,42.0
male,35,205.0,100.0,15.0,92.0,40.2,4.533333333333333,68.0
male,23,184.0,79.0,22.0,107.0,40.7,5.7727272727272725,127.0
male,39,188.0,92.0,10.0,101.0,39.8,5.9,59.0
female,27,170.0,66.0,24.0,103.0,40.8,5.708333333333333,137.0
female,76,154.0,56.0,22.0,98.0,40.6,6.181818181818182,136.0
female,63,160.0,61.0,10.0,89.0,40.1,4.9,49.0
male,52,188.0,93.0,21.0,107.0,40.6,7.476190476190476,157.0
male,73,202.0,107.0,13.0,96.0,39.9,7.153846153846154,93.0
female,26,172.0,64.0,16.0,101.0,40.2,5.5,88.0
male,50,187.0,93.0,28.0,106.0,40.9,7.25,203.0
male,38,171.0,74.0,22.0,105.0,40.3,6.090909090909091,134.0
female,25,171.0,63.0,18.0,94.0,40.1,4.722222222222222,85.0
female,56,152.0,54.0,14.0,94.0,39.9,5.428571428571429,76.0
male,21,186.0,89.0,4.0,86.0,38.6,2.75,11.0
female,67,159.0,61.0,8.0,86.0,39.3,4.625,37.0
female,74,168.0,66.0,4.0,79.0,38.9,4.0,16.0
male,20,176.0,76.0,26.0,116.0,40.9,6.923076923076923,180.0
female,57,160.0,62.0,25.0,102.0,40.5,6.2,155.0
female,26,158.0,58.0,7.0,85.0,39.8,3.857142857142857,27.0
male,21,188.0,80.0,14.0,103.0,40.1,5.071428571428571,71.0
female,30,126.0,39.0,25.0,104.0,40.7,6.24,156.0
female,68,165.0,59.0,15.0,100.0,40.4,6.2,93.0
female,61,162.0,62.0,7.0,83.0,39.7,4.285714285714286,30.0
male,49,186.0,86.0,9.0,95.0,39.4,5.333333333333333,48.0
male,47,190.0,89.0,24.0,104.0,40.7,6.708333333333333,161.0
male,25,178.0,77.0,9.0,89.0,39.4,3.111111111111111,28.0
female,26,184.0,82.0,20.0,101.0,40.4,5.25,105.0
male,43,181.0,79.0,24.0,102.0,41.1,6.0,144.0
female,29,168.0,62.0,6.0,89.0,39.8,4.333333333333333,26.0
male,20,186.0,81.0,9.0,92.0,39.7,3.4444444444444446,31.0
male,54,190.0,95.0,22.0,110.0,40.3,8.090909090909092,178.0
female,52,158.0,60.0,23.0,109.0,40.8,6.869565217391305,158.0
male,62,185.0,92.0,21.0,101.0,40.7,7.0476190476190474,148.0
female,61,155.0,56.0,23.0,106.0,40.4,6.782608695652174,156.0
male,73,203.0,106.0,27.0,101.0,40.4,7.851851851851852,212.0
male,52,183.0,84.0,18.0,100.0,40.4,6.222222222222222,112.0
male,23,171.0,68.0,23.0,100.0,40.5,4.478260869565218,103.0
female,38,170.0,69.0,6.0,79.0,39.2,3.3333333333333335,20.0
male,33,187.0,83.0,2.0,82.0,38.2,2.5,5.0
female,41,148.0,54.0,16.0,101.0,40.5,5.875,94.0
male,26,174.0,75.0,7.0,84.0,39.4,2.4285714285714284,17.0
female,63,169.0,68.0,3.0,87.0,38.5,4.666666666666667,14.0
female,64,168.0,65.0,20.0,105.0,40.4,6.6,132.0
female,32,180.0,76.0,18.0,106.0,40.4,6.0,108.0
male,34,188.0,93.0,9.0,87.0,39.7,3.5555555555555554,32.0
male,42,192.0,87.0,23.0,106.0,41.0,6.739130434782608,155.0
female,50,172.0,69.0,10.0,96.0,39.9,5.3,53.0
male,34,180.0,77.0,4.0,94.0,39.0,4.25,17.0
female,29,171.0,64.0,29.0,114.0,40.8,6.931034482758621,201.0
female,46,187.0,82.0,24.0,98.0,40.7,5.291666666666667,127.0
male,65,192.0,90.0,26.0,109.0,40.9,8.346153846153847,217.0
male,28,211.0,116.0,19.0,105.0,40.2,6.526315789473684,124.0
female,44,162.0,60.0,5.0,88.0,38.9,4.4,22.0
female,57,180.0,73.0,6.0,87.0,39.4,4.5,27.0
male,59,178.0,82.0,18.0,99.0,40.6,6.388888888888889,115.0
female,54,162.0,61.0,3.0,85.0,38.6,4.333333333333333,13.0
male,41,182.0,81.0,24.0,92.0,40.9,4.416666666666667,106.0
male,49,178.0,81.0,21.0,97.0,40.8,5.571428571428571,117.0
male,23,198.0,96.0,14.0,96.0,40.0,4.5,63.0
female,56,173.0,71.0,26.0,94.0,40.6,5.1923076923076925,135.0
female,25,162.0,56.0,2.0,82.0,38.0,3.5,7.0
female,26,173.0,71.0,14.0,93.0,40.0,4.571428571428571,64.0
male,26,187.0,84.0,9.0,80.0,39.7,2.0,18.0
male,79,190.0,92.0,22.0,99.0,40.6,7.545454545454546,166.0
female,39,162.0,68.0,17.0,102.0,40.2,5.764705882352941,98.0
male,26,189.0,87.0,26.0,104.0,40.7,5.653846153846154,147.0
male,75,171.0,73.0,22.0,97.0,40.6,6.636363636363637,146.0
female,61,176.0,70.0,20.0,104.0,40.5,6.35,127.0
male,74,186.0,93.0,9.0,85.0,39.6,5.222222222222222,47.0
male,59,172.0,80.0,16.0,102.0,40.0,6.8125,109.0
male,77,167.0,72.0,8.0,83.0,39.7,4.625,37.0
male,64,175.0,83.0,4.0,83.0,38.9,4.25,17.0
female,59,160.0,59.0,20.0,94.0,40.2,5.4,108.0
male,55,191.0,89.0,9.0,91.0,39.6,5.111111111111111,46.0
female,78,165.0,64.0,24.0,97.0,40.7,6.0,144.0
female,27,160.0,55.0,19.0,102.0,40.5,5.7368421052631575,109.0
male,54,182.0,92.0,28.0,106.0,40.8,7.392857142857143,207.0
male,38,189.0,90.0,20.0,99.0,40.7,5.55,111.0
female,74,163.0,59.0,9.0,89.0,40.0,5.111111111111111,46.0
male,25,183.0,77.0,19.0,86.0,40.5,2.6842105263157894,51.0
female,26,179.0,74.0,29.0,109.0,40.8,6.206896551724138,180.0
male,40,179.0,79.0,10.0,91.0,39.8,4.2,42.0
male,28,172.0,81.0,25.0,113.0,40.7,6.96,174.0
female,48,155.0,59.0,13.0,91.0,40.1,4.923076923076923,64.0
female,56,165.0,66.0,19.0,108.0,40.4,6.7368421052631575,128.0
male,42,195.0,96.0,11.0,84.0,40.1,3.6363636363636362,40.0
female,25,162.0,57.0,14.0,93.0,40.1,4.714285714285714,66.0
female,28,154.0,49.0,9.0,85.0,39.8,4.0,36.0
male,33,172.0,75.0,13.0,95.0,39.7,4.384615384615385,57.0
female,43,176.0,75.0,6.0,81.0,39.2,3.5,21.0
male,61,183.0,85.0,21.0,102.0,40.5,7.0,147.0
male,27,181.0,79.0,2.0,79.0,38.2,2.0,4.0
male,54,164.0,73.0,8.0,94.0,39.4,5.125,41.0
male,54,183.0,91.0,18.0,109.0,40.6,7.833333333333333,141.0
male,59,181.0,88.0,21.0,97.0,40.8,6.190476190476191,130.0
female,55,161.0,63.0,9.0,93.0,39.9,5.222222222222222,47.0
male,61,160.0,66.0,18.0,107.0,40.3,7.333333333333333,132.0
female,63,169.0,69.0,12.0,90.0,39.9,4.916666666666667,59.0
male,57,181.0,76.0,13.0,92.0,39.8,5.076923076923077,66.0
male,26,163.0,69.0,16.0,105.0,40.4,5.4375,87.0
male,71,179.0,84.0,11.0,89.0,39.9,5.454545454545454,60.0
female,60,162.0,59.0,24.0,112.0,40.6,7.333333333333333,176.0
male,49,183.0,92.0,16.0,103.0,40.3,6.6875,107.0
female,57,172.0,70.0,28.0,105.0,41.2,6.392857142857143,179.0
male,29,184.0,85.0,24.0,105.0,40.9,5.916666666666667,142.0
female,41,181.0,70.0,2.0,76.0,38.7,3.0,6.0
female,40,158.0,52.0,24.0,108.0,40.4,6.666666666666667,160.0
male,37,195.0,97.0,18.0,97.0,40.4,5.333333333333333,96.0
female,78,164.0,62.0,12.0,81.0,39.7,4.333333333333333,52.0
female,65,162.0,65.0,12.0,98.0,39.8,5.833333333333333,70.0
female,37,174.0,75.0,19.0,98.0,40.6,5.2105263157894735,99.0
female,63,157.0,57.0,8.0,94.0,39.9,5.5,44.0
male,55,192.0,96.0,24.0,97.0,40.8,6.166666666666667,148.0
female,65,156.0,58.0,8.0,87.0,39.3,4.75,38.0
female,52,160.0,62.0,28.0,112.0,41.1,7.178571428571429,201.0
female,28,162.0,67.0,26.0,109.0,40.8,6.346153846153846,165.0
female,29,169.0,63.0,28.0,110.0,40.8,6.535714285714286,183.0
female,23,172.0,70.0,17.0,104.0,40.4,5.705882352941177,97.0
male,38,192.0,92.0,21.0,104.0,40.6,6.333333333333333,133.0
female,33,173.0,72.0,17.0,98.0,40.3,5.176470588235294,88.0
male,77,190.0,90.0,9.0,88.0,39.4,5.777777777777778,52.0
female,55,166.0,64.0,28.0,108.0,40.7,6.75,189.0
female,24,171.0,71.0,5.0,87.0,39.2,3.8,19.0
male,47,195.0,99.0,11.0,88.0,39.8,4.545454545454546,50.0
male,24,190.0,92.0,13.0,91.0,40.0,3.6923076923076925,48.0
female,33,183.0,77.0,3.0,86.0,38.8,4.0,12.0
male,72,182.0,90.0,27.0,106.0,41.1,8.222222222222221,222.0
male,46,176.0,83.0,27.0,109.0,40.8,7.2592592592592595,196.0
female,25,172.0,66.0,5.0,88.0,39.4,4.0,20.0
male,50,182.0,88.0,22.0,107.0,40.5,7.2727272727272725,160.0
male,65,187.0,85.0,22.0,109.0,40.7,8.227272727272727,181.0
male,20,178.0,76.0,11.0,97.0,39.7,4.090909090909091,45.0
male,29,176.0,76.0,13.0,91.0,39.8,3.6153846153846154,47.0
female,73,167.0,67.0,2.0,86.0,38.4,4.5,9.0
female,65,155.0,57.0,12.0,89.0,40.1,5.0,60.0
female,35,175.0,72.0,24.0,113.0,40.7,6.833333333333333,164.0
female,48,151.0,56.0,8.0,88.0,39.2,4.625,37.0
male,29,177.0,81.0,1.0,78.0,37.7,2.0,2.0
female,30,162.0,63.0,28.0,105.0,40.9,6.0,168.0
female,24,167.0,62.0,4.0,90.0,38.9,4.25,17.0
female,27,174.0,77.0,30.0,112.0,40.9,6.5,195.0
male,61,157.0,59.0,21.0,97.0,40.3,5.666666666666667,119.0
female,43,161.0,61.0,5.0,88.0,39.0,4.4,22.0
male,45,184.0,89.0,6.0,88.0,39.1,4.166666666666667,25.0
male,76,204.0,109.0,29.0,107.0,41.3,9.0,261.0
female,62,144.0,47.0,18.0,95.0,40.5,5.722222222222222,103.0
male,52,197.0,99.0,5.0,79.0,39.2,3.4,17.0
female,28,161.0,60.0,20.0,109.0,40.9,6.45,129.0
female,52,149.0,54.0,9.0,85.0,39.5,4.333333333333333,39.0
female,46,179.0,73.0,5.0,85.0,39.1,4.0,20.0
male,52,197.0,100.0,20.0,98.0,40.8,6.3,126.0
female,47,165.0,67.0,3.0,85.0,38.5,4.0,12.0
male,48,187.0,90.0,16.0,95.0,40.1,5.4375,87.0
male,26,185.0,90.0,25.0,110.0,41.1,6.6,165.0
female,67,171.0,69.0,12.0,86.0,40.2,4.583333333333333,55.0
male,64,188.0,97.0,13.0,88.0,39.6,5.3076923076923075,69.0
male,28,194.0,86.0,18.0,93.0,40.3,4.055555555555555,73.0
male,49,180.0,82.0,13.0,88.0,39.6,4.230769230769231,55.0
female,53,156.0,55.0,12.0,86.0,40.1,4.5,54.0
male,71,190.0,88.0,29.0,106.0,40.9,8.137931034482758,236.0
male,55,191.0,95.0,19.0,99.0,40.6,6.473684210526316,123.0
male,44,192.0,101.0,23.0,106.0,40.5,7.130434782608695,164.0
male,56,179.0,87.0,5.0,95.0,39.1,5.8,29.0
female,37,165.0,64.0,15.0,90.0,40.1,4.533333333333333,68.0
male,33,188.0,87.0,9.0,85.0,39.8,3.111111111111111,28.0
female,45,152.0,51.0,1.0,82.0,37.6,4.0,4.0
female,29,153.0,49.0,10.0,88.0,39.9,4.4,44.0
female,23,157.0,53.0,25.0,109.0,40.5,6.44,161.0
female,62,179.0,80.0,6.0,88.0,38.9,4.5,27.0
male,50,188.0,93.0,23.0,100.0,40.8,6.3478260869565215,146.0
male,54,187.0,88.0,8.0,92.0,39.3,5.25,42.0
male,43,186.0,84.0,4.0,85.0,39.0,3.5,14.0
male,23,193.0,93.0,6.0,84.0,38.9,2.6666666666666665,16.0
male,67,181.0,84.0,9.0,93.0,39.9,5.888888888888889,53.0
female,27,159.0,59.0,12.0,93.0,39.8,4.75,57.0
female,25,160.0,60.0,19.0,100.0,40.1,5.421052631578948,103.0
female,58,177.0,68.0,9.0,88.0,39.9,4.666666666666667,42.0
male,69,175.0,82.0,20.0,101.0,40.3,7.15,143.0
male,50,172.0,77.0,21.0,100.0,40.4,6.0,126.0
male,39,192.0,91.0,18.0,92.0,40.5,4.555555555555555,82.0
male,43,186.0,93.0,13.0,97.0,39.9,5.538461538461538,72.0
female,22,158.0,62.0,28.0,110.0,40.7,6.428571428571429,180.0
male,26,170.0,75.0,27.0,102.0,41.0,5.074074074074074,137.0
male,39,167.0,69.0,8.0,79.0,39.8,2.125,17.0
female,57,176.0,73.0,26.0,105.0,40.8,6.346153846153846,165.0
female,42,172.0,67.0,4.0,87.0,38.9,4.25,17.0
female,34,166.0,68.0,14.0,84.0,39.9,3.7857142857142856,53.0
female,46,160.0,61.0,25.0,101.0,40.6,5.88,147.0
male,27,169.0,68.0,4.0,90.0,38.9,3.25,13.0
female,66,160.0,58.0,18.0,96.0,40.1,5.777777777777778,104.0
female,33,155.0,58.0,19.0,108.0,41.0,6.473684210526316,123.0
male,28,182.0,76.0,13.0,91.0,40.1,3.5384615384615383,46.0
male,20,163.0,67.0,19.0,98.0,40.1,4.0,76.0
male,29,181.0,77.0,13.0,97.0,40.1,4.538461538461538,59.0
female,48,161.0,63.0,22.0,102.0,40.7,6.0,132.0
male,38,168.0,70.0,27.0,108.0,40.7,6.444444444444445,174.0
male,33,190.0,88.0,9.0,95.0,39.8,4.666666666666667,42.0
female,33,160.0,56.0,20.0,95.0,40.3,5.1,102.0
male,52,192.0,99.0,7.0,88.0,39.6,4.714285714285714,33.0
female,35,169.0,67.0,4.0,83.0,38.6,3.75,15.0
male,43,181.0,80.0,10.0,97.0,39.6,5.3,53.0
female,60,152.0,57.0,6.0,84.0,39.3,4.333333333333333,26.0
female,44,174.0,75.0,27.0,105.0,40.8,6.111111111111111,165.0
female,27,163.0,56.0,9.0,87.0,39.7,4.111111111111111,37.0
male,49,179.0,82.0,18.0,101.0,40.4,6.166666666666667,111.0
male,64,174.0,80.0,23.0,99.0,40.7,6.565217391304348,151.0
female,50,184.0,74.0,12.0,80.0,40.2,3.5833333333333335,43.0
female,27,167.0,63.0,15.0,104.0,40.2,5.866666666666666,88.0
male,42,197.0,97.0,12.0,95.0,40.0,5.25,63.0
male,22,185.0,84.0,14.0,96.0,39.8,4.214285714285714,59.0
male,28,178.0,85.0,13.0,95.0,40.0,4.3076923076923075,56.0
female,26,153.0,54.0,7.0,94.0,39.4,4.857142857142857,34.0
female,35,172.0,65.0,19.0,97.0,40.7,5.2105263157894735,99.0
female,27,161.0,59.0,3.0,82.0,38.8,3.6666666666666665,11.0
male,31,182.0,84.0,28.0,111.0,40.7,6.892857142857143,193.0
female,55,162.0,60.0,3.0,84.0,38.6,4.333333333333333,13.0
female,43,179.0,77.0,2.0,83.0,37.9,3.5,7.0
female,25,161.0,62.0,2.0,90.0,38.3,4.5,9.0
male,31,190.0,96.0,25.0,99.0,40.9,5.32,133.0
male,51,186.0,85.0,23.0,100.0,40.6,6.217391304347826,143.0
male,74,191.0,94.0,9.0,90.0,40.1,6.0,54.0
male,52,177.0,73.0,27.0,111.0,41.1,7.666666666666667,207.0
male,53,197.0,104.0,28.0,106.0,40.6,7.607142857142857,213.0
male,70,186.0,92.0,18.0,100.0,40.5,7.277777777777778,131.0
female,68,162.0,59.0,13.0,93.0,40.0,5.461538461538462,71.0
female,54,157.0,56.0,5.0,86.0,39.2,4.6,23.0
male,21,173.0,76.0,5.0,86.0,39.2,2.4,12.0
female,22,147.0,55.0,7.0,87.0,39.6,4.0,28.0
female,30,168.0,62.0,6.0,76.0,39.4,3.0,18.0
female,69,160.0,68.0,22.0,101.0,40.5,6.2272727272727275,137.0
female,52,181.0,73.0,4.0,78.0,39.0,3.5,14.0
male,26,178.0,78.0,28.0,103.0,41.0,5.285714285714286,148.0
male,68,186.0,90.0,5.0,87.0,39.0,5.2,26.0
male,35,174.0,75.0,9.0,101.0,39.9,5.333333333333333,48.0
male,37,180.0,75.0,9.0,93.0,39.4,4.222222222222222,38.0
male,39,169.0,73.0,24.0,107.0,40.6,6.416666666666667,154.0
female,52,151.0,54.0,5.0,88.0,38.9,4.8,24.0
male,57,191.0,96.0,5.0,83.0,39.0,4.2,21.0
male,22,196.0,96.0,28.0,117.0,40.9,7.607142857142857,213.0
female,37,173.0,74.0,15.0,83.0,40.3,3.6666666666666665,55.0
male,42,196.0,98.0,26.0,102.0,40.9,6.346153846153846,165.0
male,44,175.0,76.0,28.0,103.0,40.9,6.142857142857143,172.0
male,32,191.0,95.0,3.0,79.0,38.5,2.3333333333333335,7.0
male,22,188.0,80.0,11.0,86.0,40.1,2.5454545454545454,28.0
female,25,171.0,64.0,4.0,86.0,38.9,4.0,16.0
female,22,157.0,59.0,24.0,101.0,41.1,5.5,132.0
female,78,177.0,76.0,22.0,101.0,40.6,6.2727272727272725,138.0
male,55,190.0,93.0,14.0,97.0,40.2,6.142857142857143,86.0
male,77,174.0,82.0,23.0,94.0,40.7,6.478260869565218,149.0
female,42,168.0,68.0,17.0,91.0,40.4,4.647058823529412,79.0
male,33,176.0,80.0,2.0,79.0,38.4,2.0,4.0
female,35,172.0,64.0,25.0,107.0,40.4,6.32,158.0
male,73,188.0,95.0,21.0,103.0,40.4,7.9523809523809526,167.0
female,30,164.0,61.0,4.0,86.0,39.0,4.0,16.0
female,20,158.0,57.0,15.0,95.0,40.5,4.866666666666666,73.0
female,20,172.0,65.0,8.0,97.0,39.6,5.0,40.0
female,71,166.0,66.0,29.0,108.0,40.9,7.0344827586206895,204.0
male,36,181.0,87.0,19.0,105.0,40.4,6.2631578947368425,119.0
male,42,185.0,85.0,24.0,112.0,40.6,7.583333333333333,182.0
female,38,156.0,56.0,20.0,94.0,40.8,5.05,101.0
male,69,189.0,92.0,18.0,99.0,40.3,7.055555555555555,127.0
male,31,176.0,80.0,11.0,81.0,39.7,2.272727272727273,25.0
female,22,170.0,62.0,21.0,105.0,40.4,5.904761904761905,124.0
male,64,184.0,88.0,27.0,109.0,41.1,8.25925925925926,223.0
male,46,200.0,107.0,22.0,102.0,40.6,6.7272727272727275,148.0
male,38,176.0,85.0,11.0,92.0,39.8,4.363636363636363,48.0
male,73,169.0,71.0,26.0,104.0,40.6,7.576923076923077,197.0
female,33,169.0,72.0,6.0,80.0,38.8,3.3333333333333335,20.0
male,33,190.0,95.0,15.0,89.0,40.2,3.8666666666666667,58.0
female,33,166.0,65.0,14.0,89.0,40.4,4.357142857142857,61.0
female,58,156.0,62.0,13.0,94.0,40.2,5.3076923076923075,69.0
male,33,177.0,78.0,10.0,92.0,39.9,4.0,40.0
male,64,180.0,90.0,13.0,90.0,39.8,5.461538461538462,71.0
male,22,175.0,81.0,19.0,94.0,40.4,3.789473684210526,72.0
female,20,149.0,51.0,23.0,100.0,40.7,5.478260869565218,126.0
female,40,163.0,62.0,13.0,101.0,39.9,5.769230769230769,75.0
female,21,153.0,55.0,17.0,89.0,40.3,4.235294117647059,72.0
male,21,192.0,89.0,24.0,96.0,41.0,4.25,102.0
male,42,193.0,95.0,21.0,104.0,40.9,6.571428571428571,138.0
female,61,167.0,63.0,10.0,93.0,39.9,5.3,53.0
male,46,179.0,79.0,20.0,104.0,40.4,6.45,129.0
male,22,183.0,81.0,7.0,85.0,39.3,2.4285714285714284,17.0
female,64,176.0,75.0,5.0,87.0,39.3,4.6,23.0
male,50,181.0,84.0,5.0,92.0,39.0,5.0,25.0
female,27,154.0,54.0,19.0,101.0,40.6,5.631578947368421,107.0
male,31,183.0,87.0,25.0,104.0,40.4,5.88,147.0
female,50,187.0,81.0,4.0,82.0,39.2,3.75,15.0
male,57,209.0,120.0,26.0,105.0,41.0,8.0,208.0
female,67,172.0,73.0,4.0,85.0,38.6,4.5,18.0
female,20,171.0,71.0,9.0,79.0,39.7,3.0,27.0
female,26,164.0,59.0,1.0,87.0,38.0,4.0,4.0
male,23,187.0,84.0,16.0,97.0,40.4,4.375,70.0
male,36,185.0,87.0,20.0,100.0,40.4,5.5,110.0
male,30,186.0,87.0,9.0,96.0,39.5,4.666666666666667,42.0
female,29,161.0,57.0,10.0,91.0,39.9,4.6,46.0
male,39,188.0,91.0,24.0,104.0,40.8,6.375,153.0
male,22,188.0,92.0,11.0,96.0,39.6,4.363636363636363,48.0
male,45,186.0,83.0,10.0,95.0,39.8,5.1,51.0
female,28,165.0,58.0,17.0,86.0,40.2,4.0,68.0
male,46,184.0,89.0,10.0,95.0,39.9,5.3,53.0
female,28,160.0,56.0,28.0,107.0,40.4,6.285714285714286,176.0
female,68,141.0,48.0,2.0,85.0,38.2,5.0,10.0
female,42,165.0,64.0,20.0,94.0,40.6,5.05,101.0
female,40,177.0,71.0,21.0,107.0,40.4,6.285714285714286,132.0
female,43,149.0,53.0,4.0,84.0,38.8,4.25,17.0
male,39,177.0,77.0,7.0,88.0,39.4,3.7142857142857144,26.0
female,32,163.0,58.0,17.0,100.0,40.4,5.588235294117647,95.0
female,63,176.0,73.0,20.0,96.0,40.9,5.5,110.0
male,47,177.0,81.0,6.0,89.0,39.6,4.333333333333333,26.0
male,35,173.0,76.0,17.0,101.0,39.7,5.411764705882353,92.0
male,38,188.0,93.0,28.0,104.0,40.9,6.357142857142857,178.0
male,62,186.0,91.0,27.0,104.0,40.2,7.481481481481482,202.0
female,44,152.0,56.0,23.0,111.0,40.7,7.0,161.0
female,24,173.0,71.0,30.0,110.0,40.8,6.333333333333333,190.0
female,50,159.0,59.0,22.0,94.0,40.6,5.2272727272727275,115.0
female,40,164.0,64.0,15.0,93.0,40.3,4.866666666666666,73.0
male,47,182.0,87.0,23.0,103.0,40.4,6.521739130434782,150.0
female,49,169.0,67.0,22.0,99.0,40.3,5.636363636363637,124.0
female,46,167.0,69.0,13.0,90.0,40.0,4.615384615384615,60.0
female,25,172.0,67.0,23.0,103.0,40.6,5.6521739130434785,130.0
female,20,164.0,66.0,16.0,96.0,40.5,4.8125,77.0
female,20,163.0,58.0,4.0,81.0,38.9,3.25,13.0
female,39,152.0,53.0,6.0,85.0,39.4,4.166666666666667,25.0
female,21,154.0,52.0,26.0,100.0,41.0,5.461538461538462,142.0
male,31,182.0,87.0,22.0,94.0,40.5,4.363636363636363,96.0
female,62,182.0,76.0,10.0,82.0,39.6,3.9,39.0
male,77,194.0,90.0,24.0,103.0,40.7,8.0,192.0
female,25,154.0,53.0,12.0,95.0,40.1,5.0,60.0
male,38,188.0,89.0,1.0,77.0,37.7,2.0,2.0
female,38,168.0,67.0,8.0,80.0,39.6,3.375,27.0
male,51,180.0,87.0,14.0,107.0,40.0,7.285714285714286,102.0
male,25,178.0,83.0,26.0,112.0,40.8,6.730769230769231,175.0
female,36,153.0,57.0,28.0,113.0,41.0,7.071428571428571,198.0
female,57,160.0,62.0,16.0,95.0,40.2,5.4375,87.0
male,24,179.0,83.0,10.0,91.0,39.8,3.5,35.0
male,68,200.0,102.0,12.0,89.0,39.8,5.75,69.0
male,25,177.0,76.0,5.0,85.0,39.1,2.4,12.0
female,77,150.0,52.0,14.0,99.0,40.5,6.357142857142857,89.0
male,47,176.0,78.0,3.0,81.0,38.6,3.0,9.0
female,75,170.0,74.0,25.0,103.0,40.5,6.44,161.0
male,39,197.0,101.0,16.0,106.0,40.3,6.875,110.0
male,79,175.0,83.0,24.0,107.0,40.5,8.583333333333334,206.0
male,61,185.0,81.0,4.0,81.0,38.9,3.75,15.0
male,61,179.0,77.0,11.0,90.0,40.0,5.0,55.0
male,21,185.0,81.0,25.0,112.0,40.7,6.48,162.0
female,61,144.0,47.0,4.0,79.0,38.7,4.0,16.0
female,45,167.0,62.0,30.0,118.0,40.9,7.666666666666667,230.0
male,24,176.0,82.0,20.0,107.0,40.2,5.9,118.0
female,27,154.0,56.0,10.0,84.0,39.5,3.8,38.0
male,58,193.0,96.0,23.0,108.0,40.5,8.0,184.0
male,41,196.0,94.0,15.0,93.0,40.3,4.866666666666666,73.0
female,30,162.0,58.0,19.0,100.0,40.5,5.526315789473684,105.0
female,55,158.0,56.0,18.0,105.0,40.2,6.555555555555555,118.0
male,63,185.0,88.0,27.0,113.0,40.6,8.814814814814815,238.0
male,44,172.0,79.0,6.0,86.0,38.9,3.6666666666666665,22.0
male,54,193.0,95.0,16.0,100.0,40.3,6.5625,105.0
male,44,189.0,88.0,4.0,85.0,39.0,3.75,15.0
male,57,182.0,88.0,28.0,101.0,40.8,6.714285714285714,188.0
male,24,202.0,94.0,22.0,95.0,40.5,4.363636363636363,96.0
female,69,165.0,62.0,29.0,112.0,40.9,7.448275862068965,216.0
male,53,185.0,83.0,14.0,102.0,40.3,6.571428571428571,92.0
male,61,186.0,89.0,27.0,101.0,40.8,6.925925925925926,187.0
female,23,148.0,52.0,25.0,108.0,41.1,6.36,159.0
female,21,167.0,59.0,8.0,88.0,39.4,4.125,33.0
female,27,159.0,61.0,17.0,96.0,40.5,5.0,85.0
female,24,182.0,74.0,7.0,88.0,39.3,4.0,28.0
female,26,166.0,61.0,26.0,99.0,40.8,5.346153846153846,139.0
male,22,188.0,93.0,26.0,112.0,40.8,6.8076923076923075,177.0
male,60,204.0,114.0,3.0,78.0,38.9,4.0,12.0
male,43,184.0,87.0,23.0,106.0,40.6,6.782608695652174,156.0
female,21,159.0,58.0,9.0,84.0,39.6,3.6666666666666665,33.0
male,20,191.0,92.0,27.0,104.0,40.9,5.481481481481482,148.0
female,44,169.0,69.0,7.0,88.0,39.8,4.428571428571429,31.0
female,22,155.0,51.0,1.0,83.0,37.5,4.0,4.0
female,24,161.0,61.0,25.0,97.0,41.0,5.08,127.0
female,23,175.0,68.0,11.0,92.0,40.1,4.454545454545454,49.0
male,70,199.0,103.0,21.0,106.0,40.7,8.428571428571429,177.0
female,72,170.0,67.0,4.0,80.0,38.5,4.0,16.0
male,25,196.0,99.0,9.0,97.0,39.3,4.777777777777778,43.0
male,20,179.0,78.0,4.0,85.0,38.6,2.25,9.0
male,23,189.0,87.0,23.0,110.0,40.0,6.391304347826087,147.0
male,41,178.0,76.0,28.0,104.0,40.8,6.142857142857143,172.0
female,40,172.0,71.0,20.0,101.0,40.7,5.65,113.0
female,56,155.0,55.0,21.0,109.0,40.4,7.0,147.0
male,25,184.0,88.0,19.0,96.0,40.5,4.421052631578948,84.0
female,53,173.0,74.0,28.0,104.0,40.8,6.178571428571429,173.0
female,39,181.0,76.0,7.0,84.0,39.4,3.7142857142857144,26.0
male,50,157.0,62.0,6.0,90.0,39.4,4.166666666666667,25.0
female,30,173.0,68.0,24.0,105.0,40.8,5.958333333333333,143.0
male,24,194.0,94.0,17.0,106.0,40.3,6.0,102.0
female,44,172.0,67.0,17.0,86.0,40.5,4.176470588235294,71.0
female,74,174.0,74.0,14.0,95.0,40.0,5.571428571428571,78.0
male,75,198.0,97.0,1.0,80.0,37.6,5.0,5.0
male,25,185.0,89.0,27.0,104.0,40.8,5.62962962962963,152.0
female,74,167.0,71.0,20.0,100.0,40.6,6.15,123.0
male,54,202.0,99.0,16.0,99.0,40.5,6.5,104.0
male,38,191.0,92.0,11.0,94.0,39.9,4.818181818181818,53.0
female,55,159.0,63.0,6.0,85.0,39.2,4.333333333333333,26.0
male,38,193.0,91.0,13.0,100.0,40.0,5.6923076923076925,74.0
male,31,187.0,90.0,24.0,98.0,40.8,5.041666666666667,121.0
female,29,184.0,72.0,28.0,115.0,40.6,6.928571428571429,194.0
male,79,176.0,82.0,30.0,109.0,40.8,8.833333333333334,265.0
female,38,173.0,77.0,15.0,94.0,40.3,4.8,72.0
female,27,161.0,57.0,9.0,88.0,39.8,4.222222222222222,38.0
male,52,182.0,84.0,12.0,87.0,40.0,4.25,51.0
female,38,157.0,61.0,4.0,87.0,38.4,4.25,17.0
male,66,178.0,82.0,21.0,98.0,40.5,6.571428571428571,138.0
male,72,191.0,92.0,8.0,73.0,39.7,3.25,26.0
female,26,160.0,56.0,25.0,107.0,40.4,6.24,156.0
male,22,182.0,85.0,15.0,87.0,40.5,2.8666666666666667,43.0
male,79,184.0,87.0,24.0,104.0,40.6,8.208333333333334,197.0
male,41,192.0,90.0,28.0,113.0,40.8,7.785714285714286,218.0
male,50,181.0,91.0,24.0,106.0,40.6,7.208333333333333,173.0
male,24,179.0,81.0,19.0,97.0,40.3,4.368421052631579,83.0
female,26,160.0,58.0,14.0,95.0,39.9,4.928571428571429,69.0
female,23,174.0,69.0,8.0,89.0,39.7,4.125,33.0
female,42,162.0,56.0,28.0,108.0,41.0,6.642857142857143,186.0
female,78,146.0,50.0,17.0,95.0,40.3,6.0,102.0
female,33,149.0,52.0,27.0,109.0,40.7,6.62962962962963,179.0
female,21,169.0,62.0,16.0,88.0,40.0,4.0625,65.0
male,32,194.0,94.0,24.0,98.0,40.8,5.166666666666667,124.0
male,28,192.0,92.0,14.0,93.0,40.3,4.214285714285714,59.0
female,20,157.0,57.0,6.0,82.0,39.1,3.5,21.0
male,38,170.0,77.0,19.0,112.0,40.3,7.2105263157894735,137.0
female,47,159.0,56.0,2.0,90.0,38.1,5.0,10.0
male,41,182.0,83.0,16.0,94.0,40.2,4.75,76.0
male,43,178.0,81.0,25.0,102.0,40.8,6.04,151.0
male,31,162.0,66.0,5.0,94.0,39.1,4.0,20.0
male,21,193.0,90.0,24.0,100.0,40.9,4.875,117.0
female,51,150.0,57.0,18.0,100.0,40.1,5.944444444444445,107.0
female,70,166.0,68.0,15.0,92.0,40.2,5.266666666666667,79.0
male,71,210.0,121.0,25.0,111.0,40.6,9.6,240.0
male,26,187.0,84.0,17.0,104.0,40.3,5.588235294117647,95.0
female,26,161.0,60.0,21.0,98.0,40.8,5.238095238095238,110.0
male,24,187.0,92.0,7.0,94.0,39.8,4.142857142857143,29.0
female,21,155.0,59.0,21.0,94.0,40.4,4.714285714285714,99.0
male,66,188.0,93.0,1.0,85.0,37.7,5.0,5.0
male,40,183.0,82.0,27.0,103.0,40.8,6.074074074074074,164.0
female,29,164.0,60.0,9.0,92.0,40.3,4.666666666666667,42.0
female,22,177.0,73.0,16.0,100.0,40.6,5.1875,83.0
female,45,151.0,50.0,20.0,93.0,40.5,5.15,103.0
female,47,181.0,81.0,27.0,104.0,40.8,5.962962962962963,161.0
female,21,173.0,68.0,29.0,112.0,40.7,6.517241379310345,189.0
male,78,196.0,101.0,3.0,88.0,38.6,6.0,18.0
male,59,192.0,97.0,28.0,112.0,41.3,8.642857142857142,242.0
male,34,180.0,78.0,17.0,100.0,40.4,5.235294117647059,89.0
male,75,199.0,103.0,28.0,123.0,40.5,11.214285714285714,314.0
female,24,161.0,60.0,22.0,106.0,40.7,6.045454545454546,133.0
male,22,167.0,73.0,18.0,94.0,40.7,3.6666666666666665,66.0
male,64,197.0,104.0,27.0,105.0,41.3,8.0,216.0
female,21,171.0,71.0,29.0,112.0,41.0,6.482758620689655,188.0
female,28,165.0,65.0,23.0,105.0,40.5,5.956521739130435,137.0
female,32,150.0,54.0,14.0,94.0,40.1,5.0,70.0
male,71,176.0,81.0,20.0,98.0,40.7,6.8,136.0
female,56,167.0,61.0,4.0,83.0,38.7,4.25,17.0
female,45,164.0,61.0,5.0,84.0,39.1,4.0,20.0
female,72,162.0,66.0,14.0,97.0,40.1,5.857142857142857,82.0
female,56,143.0,48.0,10.0,98.0,39.7,5.9,59.0
female,78,184.0,85.0,27.0,109.0,40.6,7.0,189.0
male,32,189.0,95.0,29.0,110.0,41.0,7.0,203.0
male,29,203.0,106.0,20.0,99.0,40.5,5.45,109.0
male,24,185.0,91.0,29.0,97.0,40.8,4.586206896551724,133.0
male,22,185.0,88.0,22.0,113.0,40.6,6.818181818181818,150.0
male,33,193.0,95.0,18.0,91.0,40.7,4.222222222222222,76.0
female,22,173.0,73.0,12.0,95.0,40.3,4.666666666666667,56.0
male,23,193.0,93.0,29.0,103.0,41.1,5.482758620689655,159.0
female,31,173.0,64.0,16.0,86.0,40.3,4.0,64.0
male,35,185.0,86.0,24.0,109.0,40.5,6.791666666666667,163.0
female,68,149.0,52.0,22.0,86.0,40.3,4.818181818181818,106.0
male,62,182.0,84.0,4.0,83.0,38.9,4.25,17.0
female,54,157.0,51.0,2.0,74.0,38.1,3.5,7.0
female,28,161.0,60.0,29.0,110.0,41.2,6.551724137931035,190.0
female,37,174.0,71.0,7.0,86.0,39.9,4.0,28.0
male,46,187.0,89.0,14.0,87.0,40.2,4.071428571428571,57.0
female,23,158.0,53.0,14.0,93.0,40.0,4.714285714285714,66.0
female,24,153.0,47.0,20.0,99.0,40.6,5.5,110.0
female,60,165.0,61.0,3.0,92.0,38.5,5.333333333333333,16.0
male,73,178.0,80.0,10.0,92.0,40.1,6.0,60.0
male,51,184.0,94.0,19.0,111.0,40.5,8.052631578947368,153.0
female,33,179.0,73.0,23.0,104.0,40.8,5.826086956521739,134.0
male,49,171.0,71.0,27.0,107.0,40.8,6.851851851851852,185.0
female,26,181.0,73.0,24.0,104.0,40.6,5.708333333333333,137.0
male,73,170.0,77.0,8.0,85.0,39.6,4.875,39.0
female,67,170.0,74.0,6.0,85.0,39.2,4.333333333333333,26.0
female,73,162.0,65.0,8.0,91.0,39.8,5.25,42.0
female,56,167.0,66.0,10.0,95.0,39.7,5.4,54.0
male,23,198.0,94.0,29.0,106.0,40.8,5.9655172413793105,173.0
male,26,174.0,80.0,11.0,83.0,39.7,2.3636363636363638,26.0
female,20,151.0,54.0,19.0,97.0,40.1,5.105263157894737,97.0
female,57,170.0,71.0,27.0,103.0,41.1,6.148148148148148,166.0
female,78,165.0,65.0,28.0,105.0,40.8,6.821428571428571,191.0
female,63,157.0,58.0,28.0,100.0,40.6,6.142857142857143,172.0
male,52,189.0,85.0,20.0,106.0,40.8,7.15,143.0
male,76,174.0,74.0,6.0,79.0,39.2,4.0,24.0
female,21,160.0,57.0,18.0,97.0,40.2,5.055555555555555,91.0
female,32,154.0,54.0,16.0,94.0,40.5,5.0,80.0
female,76,179.0,81.0,28.0,115.0,40.6,7.642857142857143,214.0
male,38,177.0,81.0,30.0,110.0,41.1,7.0,210.0
male,52,185.0,96.0,29.0,108.0,40.8,7.689655172413793,223.0
female,32,174.0,76.0,10.0,94.0,40.1,4.7,47.0
male,21,183.0,88.0,7.0,94.0,39.4,3.857142857142857,27.0
male,73,191.0,95.0,8.0,87.0,39.8,5.5,44.0
female,70,154.0,59.0,10.0,88.0,40.0,5.0,50.0
male,52,188.0,93.0,14.0,98.0,40.2,6.142857142857143,86.0
female,29,166.0,61.0,29.0,99.0,40.9,5.379310344827586,156.0
female,24,135.0,45.0,6.0,83.0,39.2,3.8333333333333335,23.0
male,68,163.0,62.0,29.0,112.0,40.8,8.344827586206897,242.0
male,60,193.0,97.0,30.0,105.0,40.8,7.666666666666667,230.0
male,76,180.0,88.0,18.0,104.0,40.5,8.055555555555555,145.0
male,56,179.0,83.0,29.0,110.0,40.9,7.896551724137931,229.0
female,24,158.0,52.0,29.0,103.0,41.1,5.827586206896552,169.0
male,28,200.0,106.0,6.0,94.0,39.5,4.666666666666667,28.0
male,24,171.0,74.0,11.0,100.0,39.5,4.636363636363637,51.0
female,26,173.0,68.0,25.0,98.0,40.6,5.12,128.0
male,30,172.0,75.0,28.0,103.0,40.6,5.428571428571429,152.0
male,30,181.0,81.0,9.0,97.0,39.8,4.666666666666667,42.0
male,52,203.0,104.0,7.0,91.0,39.4,5.285714285714286,37.0
female,32,160.0,56.0,11.0,97.0,40.2,5.2727272727272725,58.0
male,49,176.0,76.0,5.0,84.0,39.2,3.6,18.0
female,58,156.0,57.0,27.0,110.0,40.6,7.111111111111111,192.0
male,31,183.0,87.0,15.0,97.0,40.2,4.8,72.0
female,62,168.0,68.0,21.0,99.0,40.5,5.857142857142857,123.0
male,26,189.0,91.0,8.0,94.0,39.5,4.25,34.0
male,73,191.0,98.0,27.0,106.0,40.8,8.444444444444445,228.0
female,52,159.0,57.0,19.0,101.0,40.2,6.052631578947368,115.0
female,28,175.0,71.0,6.0,83.0,39.3,3.5,21.0
male,57,181.0,89.0,16.0,95.0,40.5,5.8125,93.0
male,73,190.0,95.0,5.0,74.0,38.9,3.6,18.0
female,20,175.0,71.0,16.0,98.0,40.2,5.0,80.0
female,23,171.0,66.0,22.0,106.0,40.7,5.954545454545454,131.0
male,21,197.0,89.0,3.0,84.0,38.8,2.3333333333333335,7.0
male,26,176.0,84.0,15.0,92.0,40.2,3.8,57.0
male,56,179.0,87.0,20.0,107.0,40.4,7.55,151.0
female,49,171.0,70.0,5.0,80.0,39.2,3.6,18.0
male,41,201.0,108.0,6.0,92.0,39.7,5.0,30.0
female,47,152.0,55.0,28.0,106.0,40.8,6.535714285714286,183.0
male,54,176.0,72.0,22.0,112.0,40.7,7.863636363636363,173.0
male,50,199.0,102.0,7.0,88.0,39.6,4.714285714285714,33.0
male,47,204.0,98.0,18.0,96.0,40.6,5.666666666666667,102.0
female,55,161.0,64.0,29.0,104.0,40.3,6.344827586206897,184.0
female,40,154.0,56.0,20.0,103.0,40.2,6.05,121.0
male,31,196.0,93.0,2.0,83.0,38.6,3.0,6.0
female,25,159.0,57.0,7.0,79.0,39.6,3.2857142857142856,23.0
male,61,194.0,103.0,9.0,88.0,39.9,5.222222222222222,47.0
female,20,153.0,52.0,14.0,92.0,40.1,4.571428571428571,64.0
female,75,174.0,76.0,18.0,101.0,40.5,6.222222222222222,112.0
female,35,151.0,55.0,25.0,105.0,40.5,6.2,155.0
male,35,174.0,78.0,29.0,102.0,41.0,5.586206896551724,162.0
male,23,182.0,76.0,27.0,107.0,40.5,5.703703703703703,154.0
male,36,181.0,84.0,3.0,77.0,38.6,2.0,6.0
female,27,185.0,81.0,3.0,94.0,38.6,4.666666666666667,14.0
female,23,154.0,54.0,28.0,105.0,41.0,6.0,168.0
female,44,173.0,71.0,25.0,103.0,40.5,5.92,148.0
female,27,159.0,54.0,12.0,97.0,40.4,5.25,63.0
male,50,183.0,93.0,11.0,88.0,39.9,4.545454545454546,50.0
female,20,161.0,58.0,16.0,85.0,40.4,3.75,60.0
female,38,178.0,73.0,11.0,95.0,39.7,4.909090909090909,54.0
female,64,166.0,69.0,15.0,98.0,40.6,5.8,87.0
male,59,183.0,87.0,26.0,110.0,40.6,8.153846153846153,212.0
male,23,196.0,96.0,28.0,98.0,40.9,4.785714285714286,134.0
male,52,172.0,82.0,29.0,111.0,40.9,7.862068965517241,228.0
male,37,178.0,88.0,7.0,86.0,39.2,3.4285714285714284,24.0
male,37,185.0,87.0,13.0,101.0,39.7,5.6923076923076925,74.0
female,51,175.0,76.0,24.0,111.0,40.8,6.833333333333333,164.0
female,77,162.0,58.0,4.0,91.0,39.0,5.5,22.0
male,26,198.0,102.0,14.0,93.0,40.3,4.285714285714286,60.0
female,23,165.0,66.0,11.0,96.0,40.0,4.909090909090909,54.0
female,49,174.0,69.0,22.0,103.0,40.5,6.045454545454546,133.0
male,27,193.0,94.0,7.0,89.0,39.6,3.5714285714285716,25.0
female,31,156.0,54.0,5.0,87.0,39.3,4.2,21.0
female,27,178.0,77.0,19.0,104.0,40.7,5.684210526315789,108.0
female,33,169.0,70.0,13.0,89.0,39.8,4.230769230769231,55.0
female,60,162.0,63.0,12.0,100.0,39.9,6.0,72.0
female,52,172.0,65.0,3.0,80.0,38.4,3.6666666666666665,11.0
female,45,166.0,63.0,28.0,121.0,41.1,8.0,224.0
male,21,171.0,73.0,20.0,91.0,40.7,3.15,63.0
male,56,191.0,96.0,6.0,96.0,39.3,6.0,36.0
male,63,187.0,96.0,3.0,74.0,38.8,3.0,9.0
male,23,186.0,85.0,19.0,98.0,40.4,4.578947368421052,87.0
female,44,175.0,72.0,8.0,94.0,39.8,5.0,40.0
female,48,171.0,69.0,21.0,99.0,40.6,5.619047619047619,118.0
female,53,161.0,56.0,25.0,109.0,40.5,6.96,174.0
female,35,179.0,68.0,5.0,85.0,39.2,3.8,19.0
female,41,147.0,53.0,23.0,100.0,40.3,5.826086956521739,134.0
female,29,165.0,58.0,9.0,84.0,39.5,3.7777777777777777,34.0
female,63,184.0,77.0,1.0,79.0,38.1,4.0,4.0
female,45,177.0,74.0,8.0,84.0,39.7,3.875,31.0
male,61,197.0,104.0,28.0,108.0,41.1,8.285714285714286,232.0
male,55,170.0,80.0,2.0,79.0,38.2,3.0,6.0
male,22,206.0,106.0,3.0,78.0,38.4,2.0,6.0
female,52,161.0,65.0,28.0,103.0,40.5,6.142857142857143,172.0
male,26,197.0,101.0,16.0,93.0,40.5,4.3125,69.0
female,26,160.0,56.0,27.0,105.0,41.0,6.037037037037037,163.0
female,73,160.0,63.0,10.0,80.0,40.1,4.1,41.0
male,70,174.0,81.0,27.0,102.0,40.9,7.333333333333333,198.0
female,20,162.0,58.0,3.0,78.0,38.6,3.0,9.0
female,22,160.0,60.0,25.0,102.0,40.9,5.6,140.0
female,40,181.0,74.0,23.0,98.0,40.8,5.304347826086956,122.0
male,32,185.0,84.0,28.0,107.0,40.9,6.321428571428571,177.0
male,37,175.0,74.0,18.0,95.0,40.3,4.555555555555555,82.0
female,35,158.0,49.0,29.0,110.0,40.8,6.827586206896552,198.0
male,78,181.0,82.0,28.0,112.0,40.6,9.25,259.0
male,38,181.0,89.0,5.0,86.0,39.1,3.6,18.0
male,34,185.0,94.0,4.0,85.0,38.8,3.25,13.0
female,66,172.0,71.0,25.0,99.0,41.0,5.88,147.0
female,33,143.0,46.0,6.0,84.0,39.1,4.0,24.0
female,60,183.0,82.0,10.0,92.0,39.2,4.9,49.0
female,59,132.0,40.0,10.0,92.0,39.9,5.5,55.0
male,58,187.0,87.0,8.0,93.0,39.3,5.5,44.0
male,22,190.0,98.0,24.0,101.0,40.3,5.25,126.0
female,39,174.0,69.0,23.0,93.0,41.1,4.826086956521739,111.0
female,35,170.0,70.0,21.0,94.0,40.8,4.809523809523809,101.0
female,40,178.0,75.0,24.0,108.0,40.8,6.333333333333333,152.0
female,48,175.0,75.0,3.0,76.0,38.9,3.0,9.0
female,21,179.0,71.0,24.0,104.0,40.7,5.625,135.0
male,26,201.0,94.0,10.0,87.0,39.7,3.2,32.0
male,24,187.0,90.0,19.0,95.0,40.7,4.2631578947368425,81.0
female,62,161.0,61.0,18.0,97.0,40.7,5.777777777777778,104.0
male,26,174.0,77.0,9.0,88.0,39.6,3.0,27.0
female,55,174.0,74.0,5.0,85.0,39.1,4.2,21.0
female,20,173.0,72.0,8.0,79.0,39.5,2.875,23.0
male,73,172.0,76.0,4.0,85.0,38.9,4.75,19.0
female,27,166.0,59.0,13.0,88.0,40.1,4.230769230769231,55.0
female,63,153.0,49.0,22.0,101.0,40.9,6.363636363636363,140.0
female,23,158.0,54.0,9.0,92.0,39.4,4.666666666666667,42.0
female,22,164.0,62.0,2.0,85.0,38.5,3.5,7.0
male,53,178.0,82.0,18.0,102.0,40.3,6.555555555555555,118.0
female,28,159.0,58.0,3.0,78.0,38.3,3.0,9.0
female,54,153.0,55.0,28.0,111.0,40.7,7.178571428571429,201.0
male,74,187.0,90.0,12.0,77.0,40.1,3.9166666666666665,47.0
female,35,167.0,63.0,28.0,117.0,40.9,7.392857142857143,207.0
male,36,188.0,86.0,23.0,108.0,40.6,6.695652173913044,154.0
female,21,183.0,73.0,27.0,103.0,40.8,5.518518518518518,149.0
male,24,175.0,75.0,17.0,94.0,40.4,3.764705882352941,64.0
male,28,210.0,119.0,30.0,111.0,40.9,7.5,225.0
female,21,140.0,48.0,27.0,106.0,40.6,6.148148148148148,166.0
female,28,160.0,60.0,1.0,86.0,37.4,4.0,4.0
female,20,152.0,56.0,12.0,96.0,39.9,5.0,60.0
male,71,175.0,77.0,2.0,80.0,38.2,4.0,8.0
female,46,169.0,72.0,4.0,86.0,38.6,4.25,17.0
male,27,168.0,64.0,24.0,105.0,40.5,5.333333333333333,128.0
female,35,172.0,72.0,28.0,106.0,40.8,6.071428571428571,170.0
male,49,189.0,86.0,29.0,109.0,40.8,7.482758620689655,217.0
male,32,177.0,82.0,27.0,106.0,40.6,6.111111111111111,165.0
female,31,157.0,57.0,10.0,95.0,40.0,5.0,50.0
female,45,158.0,56.0,11.0,87.0,39.7,4.454545454545454,49.0
male,36,191.0,93.0,15.0,98.0,40.3,5.333333333333333,80.0
male,52,171.0,72.0,3.0,92.0,38.4,4.666666666666667,14.0
female,28,164.0,60.0,19.0,103.0,40.3,5.7894736842105265,110.0
female,71,149.0,49.0,9.0,90.0,39.7,5.333333333333333,48.0
male,25,191.0,88.0,26.0,102.0,40.7,5.3076923076923075,138.0
female,78,168.0,70.0,26.0,111.0,40.5,7.423076923076923,193.0
male,21,205.0,108.0,18.0,96.0,40.3,4.666666666666667,84.0
male,45,196.0,94.0,10.0,91.0,39.9,4.8,48.0
female,54,157.0,63.0,20.0,96.0,40.7,5.5,110.0
male,21,198.0,94.0,24.0,104.0,40.8,5.541666666666667,133.0
female,20,170.0,65.0,3.0,76.0,38.2,2.6666666666666665,8.0
male,66,166.0,66.0,16.0,96.0,40.7,5.9375,95.0
male,35,175.0,80.0,26.0,106.0,40.7,6.230769230769231,162.0
female,35,153.0,57.0,29.0,114.0,40.8,7.137931034482759,207.0
female,31,168.0,70.0,29.0,108.0,40.9,6.241379310344827,181.0
female,60,169.0,73.0,10.0,95.0,40.0,5.3,53.0
female,23,167.0,63.0,11.0,89.0,40.0,4.181818181818182,46.0
female,25,161.0,63.0,22.0,101.0,40.6,5.5,121.0
female,21,174.0,66.0,16.0,104.0,40.3,5.6875,91.0
female,57,169.0,70.0,23.0,97.0,40.6,5.521739130434782,127.0
female,20,157.0,59.0,20.0,107.0,40.6,6.1,122.0
male,29,173.0,70.0,6.0,81.0,39.3,2.0,12.0
female,73,183.0,79.0,15.0,91.0,40.0,5.066666666666666,76.0
female,71,160.0,63.0,3.0,83.0,38.7,4.333333333333333,13.0
female,23,151.0,48.0,29.0,110.0,40.9,6.620689655172414,192.0
male,20,192.0,86.0,1.0,81.0,38.1,2.0,2.0
female,53,176.0,74.0,17.0,99.0,40.4,5.647058823529412,96.0
female,21,178.0,69.0,28.0,111.0,40.9,6.428571428571429,180.0
female,58,170.0,68.0,25.0,111.0,40.9,7.08,177.0
male,24,189.0,92.0,6.0,88.0,39.2,3.1666666666666665,19.0
male,28,168.0,75.0,25.0,101.0,40.9,5.04,126.0
female,66,172.0,68.0,21.0,104.0,40.3,6.476190476190476,136.0
male,45,198.0,102.0,10.0,86.0,39.3,4.2,42.0
female,30,166.0,64.0,7.0,86.0,39.3,4.0,28.0
male,65,200.0,103.0,27.0,95.0,40.8,6.518518518518518,176.0
female,31,161.0,55.0,4.0,87.0,39.1,4.25,17.0
male,25,178.0,82.0,26.0,112.0,40.4,6.6923076923076925,174.0
male,47,197.0,106.0,23.0,96.0,40.8,5.869565217391305,135.0
male,42,195.0,102.0,30.0,107.0,40.9,7.2,216.0
male,61,188.0,94.0,18.0,97.0,40.3,6.444444444444445,116.0
male,61,194.0,99.0,14.0,90.0,40.2,5.5,77.0
female,50,158.0,59.0,24.0,101.0,40.7,6.0,144.0
male,24,191.0,91.0,26.0,107.0,40.6,6.076923076923077,158.0
female,40,149.0,53.0,27.0,106.0,41.0,6.444444444444445,174.0
female,37,180.0,76.0,19.0,86.0,40.5,3.9473684210526314,75.0
male,20,178.0,80.0,9.0,84.0,39.4,2.2222222222222223,20.0
female,41,167.0,65.0,26.0,107.0,40.8,6.384615384615385,166.0
male,79,176.0,82.0,13.0,96.0,40.3,6.923076923076923,90.0
male,73,184.0,88.0,25.0,106.0,40.7,8.24,206.0
male,30,190.0,85.0,3.0,90.0,38.7,3.6666666666666665,11.0
male,34,164.0,71.0,17.0,90.0,40.2,3.588235294117647,61.0
female,24,170.0,66.0,3.0,88.0,38.8,4.0,12.0
male,68,191.0,98.0,18.0,97.0,40.6,6.833333333333333,123.0
male,75,188.0,98.0,7.0,95.0,39.2,6.857142857142857,48.0
male,40,196.0,98.0,15.0,93.0,40.3,4.866666666666666,73.0
female,79,171.0,66.0,19.0,103.0,40.1,6.631578947368421,126.0
female,76,173.0,68.0,11.0,101.0,39.9,6.363636363636363,70.0
female,22,171.0,63.0,28.0,107.0,40.8,6.071428571428571,170.0
female,43,149.0,56.0,21.0,103.0,40.5,6.142857142857143,129.0
female,54,159.0,58.0,6.0,90.0,39.0,4.833333333333333,29.0
male,34,187.0,91.0,26.0,110.0,40.9,7.038461538461538,183.0
male,44,171.0,75.0,13.0,94.0,39.9,4.769230769230769,62.0
female,21,167.0,64.0,13.0,90.0,40.1,4.230769230769231,55.0
female,70,172.0,73.0,23.0,102.0,40.8,6.260869565217392,144.0
male,37,190.0,88.0,13.0,97.0,39.8,5.153846153846154,67.0
male,47,190.0,86.0,23.0,99.0,40.8,5.869565217391305,135.0
female,36,167.0,64.0,28.0,108.0,40.8,6.428571428571429,180.0
male,22,190.0,94.0,15.0,91.0,40.2,3.6666666666666665,55.0
male,38,195.0,95.0,9.0,99.0,39.8,5.666666666666667,51.0
female,36,180.0,72.0,15.0,105.0,40.1,6.0,90.0
male,48,193.0,96.0,21.0,102.0,40.4,6.619047619047619,139.0
female,20,158.0,55.0,20.0,105.0,40.5,5.95,119.0
female,40,165.0,61.0,16.0,100.0,39.7,5.6875,91.0
female,69,157.0,58.0,8.0,91.0,39.6,5.25,42.0
male,34,194.0,96.0,25.0,111.0,41.2,7.28,182.0
female,28,159.0,60.0,12.0,91.0,39.9,4.5,54.0
male,53,185.0,88.0,3.0,84.0,38.4,4.0,12.0
female,36,169.0,65.0,14.0,92.0,39.7,4.714285714285714,66.0
male,26,199.0,93.0,22.0,104.0,40.6,5.7727272727272725,127.0
female,48,176.0,72.0,11.0,87.0,40.0,4.2727272727272725,47.0
female,64,162.0,58.0,1.0,86.0,38.0,5.0,5.0
male,29,169.0,68.0,15.0,92.0,40.6,3.6,54.0
male,42,206.0,104.0,29.0,113.0,40.8,8.137931034482758,236.0
female,20,179.0,76.0,26.0,108.0,41.2,5.961538461538462,155.0
male,39,188.0,91.0,13.0,101.0,39.8,5.923076923076923,77.0
female,58,165.0,65.0,19.0,111.0,40.8,7.105263157894737,135.0
female,41,177.0,74.0,3.0,77.0,38.5,3.0,9.0
male,24,192.0,86.0,27.0,106.0,40.5,5.814814814814815,157.0
male,24,191.0,86.0,4.0,81.0,39.2,2.0,8.0
female,51,173.0,72.0,29.0,107.0,41.1,6.482758620689655,188.0
female,31,169.0,66.0,23.0,94.0,40.9,4.826086956521739,111.0
female,48,153.0,55.0,26.0,100.0,40.8,5.923076923076923,154.0
male,43,174.0,77.0,17.0,98.0,40.4,5.352941176470588,91.0
female,66,173.0,75.0,25.0,98.0,40.5,5.72,143.0
female,51,180.0,80.0,24.0,108.0,40.6,6.458333333333333,155.0
female,55,154.0,53.0,22.0,98.0,41.0,5.863636363636363,129.0
male,58,195.0,103.0,22.0,99.0,40.4,6.7727272727272725,149.0
male,72,175.0,81.0,19.0,96.0,40.6,6.526315789473684,124.0
female,22,173.0,70.0,15.0,96.0,40.2,4.8,72.0
female,47,157.0,56.0,24.0,102.0,40.7,6.083333333333333,146.0
female,34,162.0,62.0,8.0,98.0,39.7,5.375,43.0
male,25,167.0,72.0,5.0,91.0,39.3,3.4,17.0
female,69,162.0,59.0,11.0,95.0,39.6,5.7272727272727275,63.0
male,34,204.0,104.0,21.0,104.0,40.6,6.380952380952381,134.0
male,55,195.0,92.0,23.0,91.0,40.7,5.173913043478261,119.0
male,32,169.0,71.0,5.0,86.0,39.4,2.8,14.0
female,32,153.0,55.0,8.0,89.0,39.5,4.5,36.0
male,32,174.0,77.0,3.0,79.0,38.6,2.0,6.0
female,47,164.0,62.0,3.0,79.0,38.5,3.6666666666666665,11.0
male,72,211.0,121.0,27.0,108.0,40.7,9.185185185185185,248.0
female,50,178.0,77.0,29.0,111.0,40.7,6.827586206896552,198.0
female,64,166.0,61.0,16.0,100.0,40.5,6.125,98.0
female,54,167.0,71.0,9.0,96.0,39.4,5.333333333333333,48.0
female,52,171.0,63.0,20.0,108.0,40.5,6.7,134.0
male,46,189.0,92.0,13.0,101.0,39.9,6.230769230769231,81.0
male,25,180.0,81.0,15.0,91.0,40.2,3.533333333333333,53.0
female,25,166.0,59.0,14.0,88.0,40.2,4.142857142857143,58.0
male,43,169.0,73.0,21.0,104.0,40.6,6.142857142857143,129.0
female,22,164.0,64.0,17.0,95.0,40.3,4.764705882352941,81.0
male,33,201.0,105.0,27.0,103.0,40.9,6.222222222222222,168.0
female,37,152.0,56.0,3.0,80.0,38.9,3.6666666666666665,11.0
male,27,189.0,95.0,14.0,95.0,40.4,4.5,63.0
male,60,173.0,79.0,6.0,92.0,38.8,5.333333333333333,32.0
female,22,150.0,49.0,8.0,94.0,39.6,4.875,39.0
female,22,165.0,57.0,29.0,107.0,40.5,6.172413793103448,179.0
female,66,174.0,69.0,28.0,111.0,40.9,7.214285714285714,202.0
female,54,169.0,72.0,20.0,107.0,40.9,6.55,131.0
male,23,195.0,95.0,18.0,91.0,40.5,3.7222222222222223,67.0
male,38,201.0,106.0,21.0,106.0,40.9,6.9523809523809526,146.0
male,29,187.0,91.0,20.0,94.0,40.8,4.35,87.0
female,76,187.0,93.0,16.0,90.0,40.5,4.8125,77.0
male,34,184.0,85.0,19.0,109.0,40.4,6.7368421052631575,128.0
male,21,186.0,88.0,24.0,102.0,40.7,5.125,123.0
male,71,178.0,80.0,9.0,90.0,39.7,5.555555555555555,50.0
female,53,177.0,76.0,12.0,95.0,40.0,5.166666666666667,62.0
female,25,187.0,78.0,15.0,105.0,40.4,5.733333333333333,86.0
female,64,159.0,55.0,25.0,110.0,40.8,7.24,181.0
female,23,158.0,55.0,20.0,105.0,40.2,6.0,120.0
male,51,185.0,88.0,2.0,75.0,38.1,2.5,5.0
male,61,172.0,80.0,3.0,89.0,38.8,5.0,15.0
female,23,174.0,71.0,7.0,91.0,39.1,4.285714285714286,30.0
female,78,174.0,72.0,12.0,94.0,40.3,5.583333333333333,67.0
female,49,165.0,68.0,22.0,105.0,40.4,6.2727272727272725,138.0
male,20,183.0,83.0,25.0,104.0,41.0,5.28,132.0
female,52,165.0,61.0,27.0,105.0,40.6,6.444444444444445,174.0
female,28,160.0,61.0,15.0,95.0,40.2,4.933333333333334,74.0
male,71,201.0,103.0,6.0,92.0,39.1,6.333333333333333,38.0
female,24,164.0,63.0,12.0,85.0,39.8,3.75,45.0
female,60,162.0,61.0,12.0,86.0,39.9,4.5,54.0
female,30,166.0,63.0,4.0,80.0,39.0,3.25,13.0
female,28,178.0,74.0,18.0,100.0,40.5,5.277777777777778,95.0
male,74,198.0,104.0,11.0,92.0,39.7,6.545454545454546,72.0
male,55,188.0,92.0,24.0,117.0,40.6,9.125,219.0
female,66,174.0,69.0,13.0,87.0,39.8,4.615384615384615,60.0
male,31,179.0,84.0,5.0,86.0,38.9,3.2,16.0
female,73,166.0,64.0,26.0,106.0,40.6,6.884615384615385,179.0
male,25,158.0,58.0,6.0,90.0,39.2,2.8333333333333335,17.0
female,23,169.0,67.0,13.0,86.0,39.8,3.769230769230769,49.0
male,25,195.0,98.0,11.0,89.0,39.9,3.5454545454545454,39.0
male,56,183.0,80.0,24.0,108.0,40.8,7.541666666666667,181.0
female,28,157.0,57.0,25.0,110.0,41.0,6.6,165.0
female,44,176.0,70.0,4.0,89.0,38.7,4.5,18.0
female,34,159.0,59.0,20.0,91.0,40.7,4.65,93.0
female,45,156.0,56.0,25.0,105.0,40.7,6.36,159.0
male,20,194.0,97.0,20.0,96.0,40.4,4.35,87.0
female,63,142.0,49.0,25.0,92.0,41.0,5.4,135.0
female,53,150.0,51.0,9.0,97.0,39.6,5.777777777777778,52.0
male,44,177.0,83.0,28.0,110.0,41.2,7.321428571428571,205.0
female,65,157.0,59.0,13.0,91.0,40.0,5.153846153846154,67.0
male,24,193.0,89.0,27.0,108.0,40.7,6.185185185185185,167.0
female,48,164.0,65.0,1.0,81.0,37.7,4.0,4.0
female,24,182.0,71.0,30.0,106.0,41.0,5.9,177.0
male,76,179.0,79.0,19.0,105.0,40.5,8.052631578947368,153.0
male,38,189.0,91.0,11.0,100.0,40.2,5.7272727272727275,63.0
male,43,170.0,76.0,4.0,86.0,38.9,3.5,14.0
male,28,196.0,95.0,2.0,89.0,38.6,3.5,7.0
male,43,204.0,107.0,13.0,94.0,40.1,5.384615384615385,70.0
male,34,194.0,98.0,7.0,84.0,39.2,3.2857142857142856,23.0
female,54,181.0,81.0,19.0,95.0,40.4,5.105263157894737,97.0
male,33,171.0,70.0,18.0,97.0,40.3,4.555555555555555,82.0
male,21,182.0,87.0,22.0,107.0,40.6,5.863636363636363,129.0
male,40,169.0,74.0,4.0,87.0,38.9,3.5,14.0
male,40,167.0,66.0,6.0,87.0,39.1,3.3333333333333335,20.0
female,29,178.0,76.0,17.0,99.0,40.1,5.176470588235294,88.0
male,79,184.0,87.0,27.0,111.0,40.6,9.25925925925926,250.0
male,42,163.0,63.0,9.0,89.0,39.6,3.6666666666666665,33.0
male,68,186.0,88.0,1.0,87.0,37.8,5.0,5.0
male,60,187.0,88.0,29.0,108.0,40.8,7.896551724137931,229.0
male,67,172.0,75.0,7.0,83.0,39.4,4.142857142857143,29.0
male,43,185.0,83.0,28.0,108.0,40.9,6.964285714285714,195.0
male,31,178.0,77.0,21.0,97.0,40.3,4.619047619047619,97.0
female,22,168.0,63.0,23.0,109.0,40.7,6.304347826086956,145.0
male,39,194.0,99.0,17.0,95.0,40.2,5.176470588235294,88.0
male,41,191.0,95.0,2.0,83.0,38.5,3.5,7.0
male,54,177.0,83.0,15.0,98.0,40.4,6.0,90.0
male,23,179.0,84.0,26.0,107.0,40.6,5.884615384615385,153.0
female,23,178.0,70.0,3.0,84.0,38.3,3.6666666666666665,11.0
female,77,149.0,58.0,14.0,87.0,40.2,5.0,70.0
male,42,179.0,83.0,4.0,83.0,39.0,3.25,13.0
female,29,169.0,72.0,15.0,88.0,40.3,4.066666666666666,61.0
female,26,178.0,77.0,10.0,98.0,39.7,5.0,50.0
female,32,163.0,65.0,6.0,80.0,39.5,3.3333333333333335,20.0
male,29,195.0,93.0,2.0,78.0,38.2,2.0,4.0
female,40,155.0,61.0,4.0,87.0,39.0,4.25,17.0
male,69,183.0,84.0,29.0,112.0,40.7,8.862068965517242,257.0
male,23,174.0,77.0,13.0,106.0,40.2,5.615384615384615,73.0
female,44,166.0,66.0,18.0,91.0,40.4,4.722222222222222,85.0
male,43,184.0,85.0,9.0,83.0,39.8,3.2222222222222223,29.0
male,38,185.0,89.0,26.0,106.0,40.9,6.576923076923077,171.0
female,25,168.0,64.0,22.0,106.0,40.9,6.0,132.0
male,28,191.0,93.0,16.0,96.0,40.1,4.6875,75.0
female,26,146.0,46.0,16.0,99.0,40.4,5.5625,89.0
female,23,161.0,58.0,9.0,92.0,39.7,4.555555555555555,41.0
female,46,170.0,69.0,26.0,103.0,40.6,6.0,156.0
female,67,173.0,73.0,1.0,88.0,38.0,5.0,5.0
male,33,183.0,90.0,5.0,82.0,39.5,2.8,14.0
male,32,176.0,80.0,10.0,87.0,39.8,3.2,32.0
female,67,159.0,62.0,13.0,94.0,40.2,5.538461538461538,72.0
female,62,156.0,57.0,26.0,105.0,40.8,6.653846153846154,173.0
male,43,181.0,83.0,25.0,102.0,40.4,6.08,152.0
male,54,186.0,84.0,28.0,110.0,40.9,7.821428571428571,219.0
female,62,149.0,49.0,26.0,104.0,40.8,6.653846153846154,173.0
female,49,164.0,59.0,27.0,104.0,40.8,6.296296296296297,170.0
male,42,182.0,85.0,23.0,100.0,40.7,5.782608695652174,133.0
female,36,177.0,74.0,16.0,94.0,39.9,4.8125,77.0
male,22,186.0,86.0,12.0,97.0,40.2,4.416666666666667,53.0
male,46,191.0,87.0,5.0,89.0,38.7,4.4,22.0
female,34,165.0,60.0,5.0,91.0,39.3,4.6,23.0
female,74,186.0,80.0,15.0,92.0,40.1,5.2,78.0
female,20,158.0,54.0,25.0,108.0,40.7,6.28,157.0
male,56,190.0,95.0,5.0,82.0,39.0,4.0,20.0
female,52,156.0,58.0,4.0,89.0,39.1,4.75,19.0
male,26,177.0,69.0,12.0,89.0,40.0,3.0,36.0
male,35,201.0,99.0,3.0,87.0,38.7,3.6666666666666665,11.0
male,40,180.0,78.0,14.0,89.0,40.1,3.857142857142857,54.0
female,24,166.0,64.0,3.0,93.0,38.6,4.666666666666667,14.0
female,60,190.0,87.0,3.0,84.0,38.9,4.0,12.0
female,39,144.0,47.0,20.0,101.0,40.1,5.95,119.0
female,54,194.0,94.0,27.0,108.0,40.6,6.333333333333333,171.0
male,31,175.0,79.0,10.0,96.0,39.7,4.5,45.0
female,22,159.0,57.0,21.0,105.0,40.5,5.9523809523809526,125.0
male,38,206.0,111.0,16.0,97.0,40.4,5.6875,91.0
male,24,207.0,114.0,29.0,104.0,40.5,6.137931034482759,178.0
male,29,179.0,79.0,18.0,96.0,40.6,4.388888888888889,79.0
female,47,176.0,75.0,6.0,83.0,39.8,3.8333333333333335,23.0
male,59,194.0,98.0,15.0,85.0,40.5,4.6,69.0
male,38,182.0,81.0,19.0,99.0,40.1,5.315789473684211,101.0
female,32,165.0,63.0,21.0,104.0,40.5,5.9523809523809526,125.0
female,29,171.0,68.0,15.0,101.0,40.3,5.466666666666667,82.0
female,71,163.0,68.0,5.0,90.0,39.3,5.0,25.0
male,50,182.0,81.0,19.0,100.0,40.7,6.052631578947368,115.0
male,23,201.0,101.0,27.0,103.0,40.9,5.666666666666667,153.0
female,29,164.0,60.0,19.0,96.0,40.5,5.052631578947368,96.0
female,21,159.0,51.0,9.0,84.0,39.9,3.7777777777777777,34.0
male,43,185.0,89.0,16.0,100.0,40.4,5.875,94.0
female,58,167.0,64.0,26.0,105.0,40.5,6.5,169.0
female,41,160.0,58.0,21.0,103.0,40.7,6.0476190476190474,127.0
male,21,200.0,98.0,29.0,111.0,40.7,6.689655172413793,194.0
female,29,161.0,63.0,23.0,103.0,40.6,5.782608695652174,133.0
female,58,164.0,62.0,12.0,93.0,39.7,5.25,63.0
male,21,178.0,81.0,17.0,97.0,40.1,4.235294117647059,72.0
female,54,174.0,75.0,9.0,87.0,39.6,4.333333333333333,39.0
female,34,170.0,65.0,24.0,108.0,40.9,6.375,153.0
female,24,175.0,67.0,24.0,105.0,40.6,5.833333333333333,140.0
male,29,182.0,81.0,21.0,106.0,40.3,5.9523809523809526,125.0
female,42,174.0,71.0,15.0,91.0,40.2,4.6,69.0
female,58,154.0,58.0,2.0,89.0,38.0,5.0,10.0
female,30,146.0,47.0,15.0,96.0,39.8,5.266666666666667,79.0
male,36,186.0,89.0,22.0,103.0,40.9,6.0,132.0
female,45,173.0,66.0,5.0,79.0,39.3,3.4,17.0
male,62,189.0,98.0,3.0,89.0,38.3,5.333333333333333,16.0
male,62,187.0,94.0,27.0,108.0,40.7,8.148148148148149,220.0
male,63,179.0,82.0,16.0,86.0,40.2,4.625,74.0
male,63,187.0,91.0,26.0,108.0,40.8,8.115384615384615,211.0
female,37,166.0,67.0,15.0,97.0,40.2,5.2,78.0
male,24,169.0,77.0,18.0,105.0,39.9,5.5,99.0
male,38,181.0,82.0,25.0,107.0,40.8,6.56,164.0
male,28,172.0,74.0,24.0,104.0,40.9,5.458333333333333,131.0
female,21,180.0,67.0,19.0,100.0,40.3,5.2631578947368425,100.0
female,41,163.0,61.0,26.0,108.0,40.8,6.538461538461538,170.0
male,35,185.0,92.0,8.0,92.0,39.5,4.375,35.0
male,28,199.0,96.0,21.0,103.0,40.2,5.809523809523809,122.0
male,64,186.0,90.0,21.0,108.0,40.2,8.142857142857142,171.0
male,27,196.0,100.0,22.0,101.0,40.5,5.5,121.0
female,62,176.0,76.0,19.0,98.0,40.5,5.631578947368421,107.0
male,53,194.0,97.0,19.0,105.0,40.3,7.315789473684211,139.0
female,64,163.0,67.0,27.0,115.0,40.7,7.62962962962963,206.0
female,34,158.0,56.0,18.0,95.0,40.8,5.111111111111111,92.0
female,34,165.0,61.0,17.0,98.0,40.2,5.352941176470588,91.0
male,51,194.0,96.0,12.0,99.0,39.9,6.25,75.0
male,45,166.0,74.0,7.0,91.0,39.4,4.285714285714286,30.0
male,30,183.0,88.0,23.0,104.0,40.7,5.869565217391305,135.0
female,23,158.0,57.0,14.0,94.0,40.4,4.785714285714286,67.0
male,62,189.0,99.0,5.0,87.0,38.8,5.0,25.0
male,78,175.0,83.0,22.0,93.0,40.8,6.409090909090909,141.0
male,28,183.0,83.0,10.0,93.0,39.7,4.0,40.0
female,26,167.0,58.0,15.0,95.0,40.2,4.933333333333334,74.0
female,38,169.0,64.0,9.0,99.0,39.5,5.444444444444445,49.0
female,41,170.0,63.0,23.0,107.0,40.8,6.434782608695652,148.0
male,26,197.0,101.0,3.0,86.0,38.5,3.3333333333333335,10.0
female,34,160.0,60.0,4.0,78.0,39.0,3.25,13.0
female,53,177.0,72.0,10.0,91.0,39.9,4.8,48.0
male,25,182.0,83.0,13.0,94.0,40.1,4.0,52.0
female,29,169.0,64.0,12.0,92.0,39.6,4.583333333333333,55.0
female,54,171.0,66.0,20.0,98.0,40.1,5.65,113.0
female,69,156.0,61.0,27.0,106.0,40.7,6.851851851851852,185.0
female,25,184.0,71.0,5.0,89.0,39.0,4.2,21.0
male,23,182.0,85.0,18.0,103.0,40.5,5.333333333333333,96.0
female,38,159.0,58.0,14.0,82.0,40.2,3.7857142857142856,53.0
female,35,163.0,63.0,25.0,103.0,40.9,5.88,147.0
female,77,173.0,77.0,7.0,82.0,39.4,4.142857142857143,29.0
female,32,164.0,65.0,14.0,85.0,40.2,3.857142857142857,54.0
male,27,188.0,92.0,4.0,85.0,38.9,3.0,12.0
male,47,201.0,108.0,29.0,105.0,41.0,7.275862068965517,211.0
male,59,189.0,90.0,20.0,94.0,40.7,5.8,116.0
female,46,178.0,76.0,24.0,104.0,40.6,6.0,144.0
female,68,176.0,73.0,21.0,94.0,40.3,5.380952380952381,113.0
female,71,146.0,51.0,17.0,99.0,40.1,6.235294117647059,106.0
female,73,141.0,47.0,22.0,97.0,40.8,6.136363636363637,135.0
female,47,151.0,56.0,25.0,108.0,40.7,6.72,168.0
female,66,179.0,75.0,30.0,113.0,41.1,7.333333333333333,220.0
female,48,157.0,62.0,1.0,77.0,37.9,3.0,3.0
male,28,195.0,94.0,4.0,83.0,38.8,2.75,11.0
female,20,165.0,65.0,7.0,83.0,39.3,3.4285714285714284,24.0
female,61,186.0,90.0,14.0,88.0,40.0,4.357142857142857,61.0
female,65,151.0,51.0,9.0,79.0,39.8,4.0,36.0
female,29,168.0,66.0,8.0,93.0,39.8,4.625,37.0
female,43,154.0,50.0,26.0,101.0,41.0,6.0,156.0
female,37,166.0,61.0,23.0,100.0,40.3,5.608695652173913,129.0
female,30,154.0,56.0,11.0,90.0,40.1,4.545454545454546,50.0
male,42,174.0,73.0,13.0,93.0,40.4,4.461538461538462,58.0
male,23,189.0,91.0,24.0,101.0,40.6,5.125,123.0
female,76,170.0,68.0,27.0,114.0,40.9,7.703703703703703,208.0
female,36,188.0,84.0,13.0,96.0,39.8,4.846153846153846,63.0
male,23,194.0,97.0,15.0,101.0,40.0,5.266666666666667,79.0
female,22,177.0,75.0,9.0,98.0,39.7,5.0,45.0
female,42,156.0,60.0,20.0,91.0,40.3,4.75,95.0
male,58,192.0,89.0,10.0,88.0,39.9,4.8,48.0
male,20,189.0,85.0,7.0,87.0,39.6,2.7142857142857144,19.0
male,48,176.0,79.0,28.0,105.0,41.0,6.678571428571429,187.0
female,68,171.0,67.0,3.0,85.0,38.5,4.333333333333333,13.0
female,32,142.0,47.0,28.0,115.0,40.7,7.321428571428571,205.0
male,79,177.0,77.0,7.0,92.0,39.3,6.142857142857143,43.0
male,74,170.0,76.0,29.0,109.0,41.0,8.482758620689655,246.0
male,21,186.0,89.0,26.0,106.0,40.7,5.730769230769231,149.0
male,56,204.0,107.0,13.0,91.0,40.0,5.538461538461538,72.0
female,48,156.0,58.0,3.0,84.0,38.8,4.0,12.0
female,36,159.0,61.0,13.0,91.0,39.9,4.615384615384615,60.0
male,38,182.0,85.0,8.0,84.0,39.8,3.125,25.0
female,30,178.0,68.0,5.0,84.0,39.3,3.6,18.0
male,46,172.0,71.0,20.0,99.0,40.4,5.5,110.0
female,72,189.0,85.0,20.0,95.0,40.7,5.4,108.0
female,32,159.0,60.0,25.0,107.0,40.9,6.32,158.0
male,38,179.0,79.0,6.0,91.0,39.3,4.166666666666667,25.0
female,64,159.0,59.0,1.0,82.0,37.5,4.0,4.0
male,53,198.0,99.0,9.0,78.0,39.7,3.3333333333333335,30.0
female,58,161.0,61.0,11.0,87.0,39.9,4.636363636363637,51.0
male,64,163.0,63.0,6.0,89.0,39.0,4.666666666666667,28.0
female,76,171.0,70.0,21.0,114.0,40.4,7.714285714285714,162.0
male,41,174.0,79.0,18.0,102.0,39.9,5.888888888888889,106.0
male,45,178.0,74.0,28.0,105.0,40.9,6.428571428571429,180.0
male,63,191.0,94.0,21.0,102.0,40.4,7.285714285714286,153.0
female,34,160.0,62.0,8.0,88.0,39.8,4.25,34.0
male,56,189.0,100.0,5.0,84.0,39.2,4.4,22.0
male,21,191.0,86.0,16.0,103.0,40.1,5.25,84.0
male,58,183.0,86.0,13.0,91.0,39.8,5.230769230769231,68.0
male,25,204.0,98.0,22.0,108.0,40.4,6.454545454545454,142.0
female,58,159.0,65.0,4.0,77.0,38.8,3.5,14.0
female,24,149.0,47.0,20.0,98.0,40.4,5.4,108.0
female,37,160.0,58.0,27.0,111.0,40.7,6.851851851851852,185.0
female,67,159.0,58.0,23.0,101.0,40.4,6.304347826086956,145.0
male,27,184.0,84.0,21.0,99.0,40.6,4.857142857142857,102.0
male,65,182.0,84.0,29.0,115.0,40.9,9.10344827586207,264.0
female,68,162.0,62.0,16.0,103.0,40.5,6.5,104.0
female,47,162.0,65.0,3.0,85.0,39.0,4.0,12.0
male,35,189.0,86.0,28.0,110.0,40.4,6.964285714285714,195.0
female,28,150.0,53.0,22.0,110.0,40.6,6.636363636363637,146.0
male,36,193.0,98.0,11.0,93.0,39.8,4.7272727272727275,52.0
female,32,170.0,70.0,18.0,96.0,40.3,5.0,90.0
male,66,198.0,97.0,10.0,85.0,39.8,4.9,49.0
female,79,160.0,55.0,10.0,88.0,39.9,5.2,52.0
male,34,182.0,87.0,14.0,101.0,39.9,5.571428571428571,78.0
male,48,183.0,81.0,14.0,99.0,40.2,5.857142857142857,82.0
male,33,207.0,110.0,29.0,107.0,40.9,6.931034482758621,201.0
male,28,191.0,89.0,2.0,90.0,38.4,3.5,7.0
female,21,166.0,59.0,17.0,94.0,40.2,4.705882352941177,80.0
female,65,168.0,62.0,4.0,84.0,39.1,4.5,18.0
female,21,158.0,59.0,19.0,95.0,40.6,4.842105263157895,92.0
female,53,174.0,69.0,10.0,93.0,39.8,5.1,51.0
male,34,182.0,80.0,29.0,120.0,40.7,8.275862068965518,240.0
male,32,194.0,98.0,3.0,86.0,38.6,3.3333333333333335,10.0
female,55,164.0,62.0,5.0,86.0,39.4,4.4,22.0
female,46,172.0,72.0,20.0,101.0,40.4,5.75,115.0
male,20,174.0,72.0,17.0,99.0,40.2,4.294117647058823,73.0
female,21,168.0,63.0,23.0,103.0,40.3,5.6521739130434785,130.0
female,29,165.0,64.0,8.0,97.0,39.9,5.125,41.0
male,36,186.0,86.0,8.0,84.0,39.7,3.125,25.0
female,34,162.0,56.0,24.0,108.0,40.7,6.5,156.0
male,48,180.0,84.0,2.0,77.0,38.3,2.5,5.0
male,23,178.0,81.0,25.0,109.0,40.9,6.12,153.0
male,41,177.0,79.0,5.0,91.0,39.4,4.2,21.0
male,50,191.0,96.0,20.0,90.0,40.6,4.9,98.0
female,38,166.0,63.0,13.0,90.0,39.9,4.538461538461538,59.0
male,62,177.0,82.0,29.0,107.0,40.9,7.724137931034483,224.0
female,31,174.0,69.0,27.0,104.0,41.1,5.851851851851852,158.0
male,23,195.0,87.0,26.0,110.0,40.5,6.423076923076923,167.0
female,25,158.0,55.0,3.0,76.0,38.4,3.0,9.0
female,43,173.0,67.0,11.0,95.0,39.7,5.090909090909091,56.0
male,24,175.0,78.0,4.0,81.0,39.1,2.0,8.0
female,45,163.0,61.0,20.0,98.0,40.4,5.55,111.0
female,24,157.0,57.0,27.0,100.0,40.7,5.444444444444445,147.0
female,37,149.0,51.0,6.0,93.0,39.3,5.0,30.0
male,40,186.0,92.0,23.0,105.0,40.8,6.565217391304348,151.0
male,71,185.0,86.0,7.0,82.0,39.4,4.428571428571429,31.0
female,28,165.0,64.0,27.0,109.0,41.0,6.407407407407407,173.0
male,26,178.0,79.0,12.0,101.0,40.5,5.0,60.0
male,25,193.0,99.0,4.0,91.0,38.9,4.0,16.0
male,62,190.0,90.0,7.0,82.0,39.4,4.142857142857143,29.0
male,30,188.0,92.0,22.0,102.0,40.7,5.636363636363637,124.0
female,58,170.0,68.0,12.0,95.0,39.7,5.333333333333333,64.0
male,20,188.0,81.0,11.0,89.0,39.9,3.0,33.0
male,22,193.0,85.0,28.0,116.0,41.0,7.214285714285714,202.0
male,20,188.0,82.0,14.0,91.0,40.2,3.2857142857142856,46.0
female,37,163.0,58.0,9.0,82.0,39.7,3.7777777777777777,34.0
male,78,188.0,95.0,4.0,90.0,39.0,6.25,25.0
male,34,192.0,90.0,12.0,93.0,40.2,4.416666666666667,53.0
male,74,189.0,99.0,28.0,104.0,41.0,8.214285714285714,230.0
female,39,160.0,54.0,5.0,88.0,39.1,4.4,22.0
female,60,173.0,70.0,11.0,97.0,39.8,5.636363636363637,62.0
female,62,151.0,52.0,8.0,87.0,39.5,4.75,38.0
female,43,149.0,51.0,4.0,95.0,38.7,5.25,21.0
male,73,174.0,75.0,23.0,97.0,40.7,6.608695652173913,152.0
female,25,162.0,69.0,28.0,101.0,41.2,5.428571428571429,152.0
female,44,151.0,56.0,10.0,91.0,39.8,4.9,49.0
female,37,169.0,63.0,7.0,87.0,39.5,4.142857142857143,29.0
female,39,180.0,77.0,19.0,105.0,40.3,6.0,114.0
male,27,171.0,73.0,16.0,100.0,40.3,4.8125,77.0
female,70,189.0,86.0,28.0,101.0,40.6,5.964285714285714,167.0
female,34,160.0,63.0,29.0,119.0,41.3,7.586206896551724,220.0
male,58,183.0,83.0,3.0,85.0,38.4,4.333333333333333,13.0
female,38,168.0,65.0,2.0,87.0,38.2,4.0,8.0
female,29,158.0,51.0,28.0,114.0,40.8,7.107142857142857,199.0
female,39,157.0,63.0,2.0,77.0,38.4,3.0,6.0
male,36,190.0,94.0,26.0,109.0,40.6,7.038461538461538,183.0
female,41,164.0,63.0,6.0,86.0,39.2,4.166666666666667,25.0
male,64,188.0,96.0,13.0,92.0,39.6,5.846153846153846,76.0
male,34,195.0,93.0,22.0,108.0,40.7,6.7727272727272725,149.0
male,24,191.0,90.0,23.0,98.0,40.7,4.695652173913044,108.0
female,20,158.0,52.0,29.0,110.0,41.1,6.517241379310345,189.0
female,53,164.0,62.0,27.0,110.0,40.8,6.962962962962963,188.0
female,53,159.0,61.0,14.0,109.0,39.8,6.857142857142857,96.0
female,22,153.0,57.0,1.0,81.0,38.0,3.0,3.0
male,37,177.0,81.0,9.0,87.0,39.6,3.4444444444444446,31.0
male,27,183.0,81.0,24.0,99.0,40.7,4.791666666666667,115.0
female,24,175.0,67.0,25.0,103.0,40.5,5.64,141.0
male,64,201.0,102.0,7.0,83.0,39.2,4.571428571428571,32.0
female,44,170.0,67.0,7.0,91.0,39.4,4.714285714285714,33.0
male,38,176.0,77.0,10.0,91.0,39.9,4.0,40.0
male,70,194.0,97.0,3.0,87.0,38.7,5.333333333333333,16.0
male,45,176.0,76.0,4.0,91.0,38.4,4.25,17.0
male,29,197.0,92.0,22.0,97.0,40.8,4.863636363636363,107.0
male,48,159.0,60.0,21.0,98.0,40.6,5.238095238095238,110.0
female,26,160.0,61.0,22.0,110.0,40.7,6.5,143.0
female,42,164.0,62.0,24.0,105.0,40.4,6.25,150.0
male,44,191.0,90.0,12.0,93.0,40.0,4.916666666666667,59.0
male,43,197.0,96.0,4.0,90.0,38.9,4.5,18.0
female,48,143.0,50.0,27.0,100.0,41.0,5.962962962962963,161.0
female,34,170.0,68.0,25.0,100.0,40.9,5.48,137.0
male,44,180.0,82.0,3.0,86.0,38.9,3.6666666666666665,11.0
male,72,173.0,76.0,3.0,81.0,39.0,4.0,12.0
male,63,183.0,80.0,28.0,111.0,41.2,8.321428571428571,233.0
female,55,179.0,74.0,16.0,105.0,40.5,6.3125,101.0
female,31,168.0,69.0,6.0,86.0,39.0,4.0,24.0
male,25,171.0,75.0,28.0,102.0,40.8,5.035714285714286,141.0
male,51,180.0,84.0,24.0,98.0,40.7,5.875,141.0
female,24,159.0,62.0,24.0,109.0,40.7,6.333333333333333,152.0
male,23,173.0,73.0,23.0,100.0,40.7,4.608695652173913,106.0
female,28,162.0,62.0,21.0,96.0,40.2,5.0476190476190474,106.0
female,40,180.0,76.0,4.0,80.0,38.7,3.25,13.0
female,21,168.0,65.0,22.0,107.0,40.6,6.045454545454546,133.0
male,31,202.0,102.0,8.0,79.0,39.6,2.5,20.0
female,29,162.0,65.0,11.0,99.0,39.9,5.363636363636363,59.0
female,52,159.0,60.0,8.0,92.0,39.6,5.0,40.0
female,33,170.0,65.0,30.0,105.0,41.0,6.033333333333333,181.0
female,20,169.0,65.0,29.0,98.0,40.9,5.068965517241379,147.0
female,34,161.0,64.0,12.0,87.0,39.9,4.166666666666667,50.0
male,71,180.0,79.0,7.0,93.0,39.2,6.0,42.0
female,48,180.0,75.0,27.0,99.0,40.3,5.518518518518518,149.0
male,31,193.0,98.0,2.0,87.0,38.5,3.5,7.0
male,62,182.0,84.0,21.0,106.0,40.5,7.619047619047619,160.0
female,74,170.0,68.0,20.0,111.0,40.5,7.35,147.0
female,30,161.0,57.0,16.0,95.0,40.2,5.0,80.0
male,20,193.0,87.0,29.0,109.0,40.9,6.103448275862069,177.0
male,28,185.0,84.0,11.0,91.0,39.7,3.727272727272727,41.0
male,56,184.0,83.0,6.0,94.0,38.8,5.5,33.0
male,27,190.0,85.0,5.0,86.0,39.3,3.0,15.0
male,25,178.0,81.0,23.0,106.0,40.6,5.782608695652174,133.0
female,38,173.0,71.0,25.0,100.0,40.8,5.52,138.0
female,28,165.0,58.0,5.0,83.0,38.8,3.6,18.0
female,40,170.0,64.0,24.0,106.0,40.9,6.291666666666667,151.0
female,22,161.0,58.0,23.0,97.0,40.7,5.086956521739131,117.0
female,45,156.0,54.0,8.0,97.0,39.4,5.5,44.0
female,27,171.0,65.0,12.0,100.0,40.3,5.416666666666667,65.0
female,41,155.0,59.0,7.0,87.0,39.1,4.285714285714286,30.0
female,76,170.0,67.0,12.0,101.0,40.2,6.333333333333333,76.0
female,61,150.0,56.0,19.0,93.0,40.3,5.368421052631579,102.0
male,23,181.0,85.0,19.0,93.0,40.4,3.789473684210526,72.0
male,66,197.0,101.0,7.0,81.0,39.3,4.428571428571429,31.0
male,62,198.0,105.0,28.0,110.0,40.6,8.678571428571429,243.0
male,42,198.0,101.0,20.0,100.0,40.3,6.1,122.0
male,35,172.0,72.0,25.0,100.0,40.5,5.16,129.0
female,55,155.0,52.0,18.0,100.0,40.5,6.055555555555555,109.0
female,59,168.0,62.0,24.0,93.0,40.6,5.25,126.0
male,20,192.0,91.0,12.0,97.0,40.1,4.416666666666667,53.0
female,28,165.0,65.0,18.0,99.0,40.3,5.333333333333333,96.0
male,63,181.0,86.0,4.0,86.0,39.1,4.75,19.0
female,53,170.0,64.0,28.0,104.0,40.7,6.285714285714286,176.0
female,30,164.0,69.0,4.0,80.0,38.7,3.25,13.0
male,59,191.0,97.0,9.0,86.0,39.7,4.777777777777778,43.0
female,76,171.0,69.0,10.0,89.0,39.9,5.0,50.0
male,72,191.0,98.0,14.0,89.0,40.3,5.857142857142857,82.0
female,59,159.0,65.0,29.0,105.0,40.9,6.482758620689655,188.0
male,21,175.0,73.0,22.0,95.0,41.0,3.727272727272727,82.0
male,21,191.0,87.0,25.0,105.0,40.6,5.56,139.0
female,53,160.0,64.0,27.0,103.0,41.0,6.185185185185185,167.0
female,48,159.0,63.0,17.0,87.0,40.0,4.411764705882353,75.0
female,71,165.0,60.0,28.0,115.0,40.7,7.857142857142857,220.0
male,20,190.0,83.0,4.0,86.0,38.8,2.5,10.0
female,30,175.0,67.0,2.0,85.0,38.1,4.0,8.0
female,70,167.0,64.0,22.0,97.0,40.4,5.863636363636363,129.0
male,34,180.0,83.0,26.0,93.0,40.5,4.269230769230769,111.0
male,62,185.0,92.0,11.0,87.0,39.8,4.909090909090909,54.0
male,61,193.0,99.0,18.0,104.0,40.1,7.611111111111111,137.0
female,35,178.0,72.0,13.0,91.0,40.1,4.461538461538462,58.0
male,31,197.0,99.0,2.0,86.0,38.0,3.5,7.0
female,25,161.0,62.0,14.0,95.0,40.5,4.857142857142857,68.0
female,25,167.0,64.0,13.0,103.0,40.1,5.6923076923076925,74.0
male,44,185.0,82.0,14.0,100.0,40.5,5.785714285714286,81.0
female,30,172.0,67.0,22.0,112.0,40.3,6.7272727272727275,148.0
female,53,152.0,51.0,7.0,83.0,39.5,4.285714285714286,30.0
male,34,179.0,82.0,7.0,80.0,39.6,2.2857142857142856,16.0
male,30,194.0,88.0,4.0,80.0,38.7,2.25,9.0
female,21,172.0,67.0,20.0,104.0,40.7,5.7,114.0
female,20,174.0,77.0,21.0,110.0,40.7,6.190476190476191,130.0
male,44,183.0,83.0,11.0,96.0,40.1,5.181818181818182,57.0
male,72,196.0,92.0,25.0,110.0,40.5,8.88,222.0
female,39,143.0,47.0,11.0,94.0,39.9,5.181818181818182,57.0
female,61,166.0,69.0,28.0,114.0,40.9,7.428571428571429,208.0
female,22,163.0,64.0,28.0,105.0,40.9,5.857142857142857,164.0
male,65,181.0,80.0,25.0,109.0,40.8,8.12,203.0
male,53,181.0,84.0,16.0,90.0,40.1,4.75,76.0
male,37,195.0,99.0,6.0,82.0,39.1,3.1666666666666665,19.0
female,74,170.0,73.0,10.0,86.0,40.0,4.6,46.0
female,22,160.0,63.0,7.0,89.0,39.4,4.142857142857143,29.0
female,24,145.0,49.0,12.0,88.0,40.2,4.25,51.0
male,35,184.0,88.0,28.0,108.0,40.9,6.714285714285714,188.0
male,76,182.0,89.0,15.0,96.0,40.4,6.866666666666666,103.0
female,70,165.0,68.0,29.0,112.0,40.9,7.413793103448276,215.0
female,59,164.0,61.0,22.0,106.0,40.7,6.681818181818182,147.0
female,47,172.0,70.0,2.0,89.0,37.8,4.5,9.0
male,37,197.0,100.0,4.0,87.0,38.9,4.0,16.0
male,60,166.0,69.0,28.0,102.0,40.7,6.607142857142857,185.0
female,24,157.0,58.0,30.0,100.0,40.9,5.433333333333334,163.0
female,49,168.0,63.0,22.0,96.0,40.7,5.409090909090909,119.0
male,41,182.0,79.0,5.0,86.0,39.1,3.4,17.0
male,47,181.0,81.0,18.0,103.0,40.9,6.388888888888889,115.0
male,34,178.0,77.0,14.0,96.0,40.5,4.642857142857143,65.0
male,50,191.0,93.0,24.0,108.0,40.4,7.541666666666667,181.0
female,76,151.0,55.0,27.0,112.0,40.5,7.666666666666667,207.0
female,70,149.0,51.0,28.0,98.0,40.6,6.142857142857143,172.0
female,21,166.0,63.0,7.0,87.0,39.5,4.0,28.0
female,20,158.0,54.0,13.0,96.0,40.0,5.0,65.0
female,34,156.0,49.0,28.0,110.0,40.5,6.821428571428571,191.0
female,27,175.0,73.0,13.0,93.0,40.0,4.538461538461538,59.0
female,37,164.0,63.0,12.0,91.0,39.8,4.666666666666667,56.0
male,60,185.0,84.0,17.0,99.0,40.5,6.470588235294118,110.0
female,34,170.0,70.0,9.0,89.0,39.4,4.222222222222222,38.0
female,65,177.0,77.0,3.0,80.0,38.6,3.6666666666666665,11.0
male,61,184.0,86.0,22.0,101.0,40.8,6.863636363636363,151.0
male,78,185.0,85.0,24.0,97.0,40.9,7.041666666666667,169.0
female,23,159.0,54.0,15.0,98.0,40.1,5.266666666666667,79.0
female,66,160.0,55.0,10.0,81.0,39.9,4.2,42.0
female,40,155.0,54.0,19.0,98.0,40.5,5.578947368421052,106.0
male,24,180.0,81.0,18.0,93.0,40.4,3.7777777777777777,68.0
female,40,171.0,65.0,6.0,88.0,39.1,4.333333333333333,26.0
female,29,152.0,53.0,7.0,87.0,38.9,4.142857142857143,29.0
female,45,182.0,80.0,26.0,108.0,40.8,6.346153846153846,165.0
male,70,181.0,89.0,6.0,90.0,39.3,5.666666666666667,34.0
female,24,163.0,59.0,11.0,92.0,39.9,4.545454545454546,50.0
female,28,158.0,60.0,24.0,105.0,40.6,6.0,144.0
male,60,175.0,83.0,5.0,87.0,39.4,4.6,23.0
female,43,160.0,54.0,6.0,87.0,39.3,4.5,27.0
male,56,190.0,91.0,12.0,86.0,39.9,4.5,54.0
female,64,169.0,72.0,19.0,98.0,40.6,5.7368421052631575,109.0
male,78,190.0,93.0,27.0,115.0,41.1,9.925925925925926,268.0
female,71,176.0,73.0,5.0,85.0,38.9,4.4,22.0
male,23,193.0,96.0,9.0,88.0,39.7,3.3333333333333335,30.0
male,74,179.0,85.0,11.0,82.0,39.8,4.636363636363637,51.0
female,35,143.0,44.0,16.0,95.0,40.1,5.3125,85.0
female,26,159.0,59.0,21.0,108.0,40.4,6.333333333333333,133.0
female,51,164.0,63.0,10.0,88.0,39.6,4.6,46.0
male,73,181.0,91.0,19.0,98.0,40.6,7.105263157894737,135.0
female,44,155.0,57.0,5.0,89.0,39.2,4.6,23.0
female,75,178.0,76.0,6.0,90.0,39.2,5.0,30.0
female,22,155.0,53.0,17.0,108.0,40.4,6.352941176470588,108.0
male,52,185.0,94.0,7.0,84.0,39.5,4.0,28.0
female,72,168.0,69.0,28.0,113.0,40.8,7.535714285714286,211.0
female,64,164.0,61.0,2.0,79.0,38.1,4.0,8.0
female,25,159.0,60.0,7.0,94.0,39.4,4.857142857142857,34.0
female,42,158.0,59.0,27.0,103.0,40.9,6.074074074074074,164.0
male,32,187.0,86.0,5.0,78.0,39.0,2.0,10.0
female,54,169.0,66.0,6.0,85.0,39.4,4.333333333333333,26.0
male,35,200.0,99.0,24.0,104.0,40.6,6.333333333333333,152.0
female,31,168.0,67.0,10.0,84.0,39.6,3.7,37.0
female,68,162.0,67.0,21.0,98.0,40.3,5.904761904761905,124.0
female,21,164.0,60.0,23.0,102.0,40.4,5.565217391304348,128.0
male,75,181.0,82.0,27.0,111.0,41.1,8.962962962962964,242.0
female,32,163.0,62.0,18.0,99.0,40.4,5.444444444444445,98.0
male,37,172.0,72.0,14.0,97.0,40.3,4.785714285714286,67.0
male,27,190.0,98.0,24.0,105.0,40.0,6.083333333333333,146.0
male,57,180.0,86.0,30.0,117.0,41.3,9.066666666666666,272.0
female,26,152.0,51.0,6.0,93.0,39.3,4.833333333333333,29.0
male,45,208.0,111.0,11.0,99.0,39.7,6.363636363636363,70.0
male,33,184.0,86.0,8.0,86.0,39.9,3.25,26.0
male,34,196.0,98.0,14.0,88.0,40.4,3.857142857142857,54.0
female,25,162.0,60.0,2.0,80.0,38.1,3.5,7.0
male,69,190.0,93.0,24.0,105.0,40.5,8.0,192.0
female,25,151.0,53.0,21.0,92.0,40.6,4.666666666666667,98.0
male,44,195.0,97.0,12.0,91.0,40.2,4.75,57.0
male,40,176.0,73.0,2.0,86.0,38.0,3.5,7.0
male,28,184.0,88.0,20.0,107.0,40.5,6.2,124.0
female,51,171.0,69.0,23.0,105.0,40.4,6.304347826086956,145.0
male,52,183.0,87.0,9.0,94.0,39.5,5.444444444444445,49.0
female,26,148.0,45.0,6.0,91.0,38.9,4.666666666666667,28.0
female,20,172.0,69.0,24.0,98.0,40.9,5.0,120.0
female,46,154.0,52.0,8.0,80.0,39.5,3.75,30.0
female,58,167.0,66.0,16.0,87.0,40.4,4.5625,73.0
male,27,194.0,98.0,13.0,89.0,40.1,3.6923076923076925,48.0
female,43,160.0,59.0,6.0,75.0,39.3,3.1666666666666665,19.0
male,30,185.0,87.0,4.0,83.0,38.9,2.75,11.0
male,76,185.0,94.0,15.0,85.0,40.1,5.333333333333333,80.0
male,42,177.0,79.0,2.0,84.0,38.4,3.0,6.0
male,20,176.0,81.0,27.0,104.0,40.7,5.222222222222222,141.0
male,35,178.0,82.0,23.0,104.0,40.6,5.956521739130435,137.0
male,23,180.0,82.0,17.0,98.0,40.2,4.470588235294118,76.0
male,31,206.0,107.0,27.0,100.0,40.5,5.703703703703703,154.0
male,21,177.0,81.0,1.0,80.0,37.4,2.0,2.0
male,73,186.0,93.0,24.0,107.0,41.1,8.5,204.0
female,26,162.0,57.0,6.0,92.0,39.1,4.666666666666667,28.0
male,69,197.0,98.0,18.0,93.0,40.7,6.277777777777778,113.0
female,55,164.0,59.0,10.0,86.0,39.9,4.5,45.0
male,74,184.0,88.0,16.0,97.0,40.0,6.9375,111.0
male,52,197.0,102.0,30.0,107.0,41.0,7.666666666666667,230.0
female,33,153.0,53.0,26.0,111.0,40.3,6.846153846153846,178.0
male,24,184.0,89.0,15.0,93.0,40.1,3.933333333333333,59.0
male,44,205.0,100.0,8.0,85.0,39.5,3.875,31.0
female,54,157.0,54.0,18.0,101.0,40.9,6.111111111111111,110.0
male,23,170.0,69.0,23.0,112.0,40.9,6.304347826086956,145.0
female,38,158.0,63.0,21.0,103.0,40.6,5.9523809523809526,125.0
male,40,183.0,84.0,18.0,101.0,40.3,5.777777777777778,104.0
male,47,182.0,89.0,18.0,94.0,40.7,5.166666666666667,93.0
male,40,180.0,88.0,9.0,94.0,39.5,4.888888888888889,44.0
female,54,175.0,75.0,12.0,101.0,39.9,5.833333333333333,70.0
female,68,170.0,73.0,30.0,102.0,40.8,6.233333333333333,187.0
male,28,198.0,103.0,2.0,87.0,38.3,3.5,7.0
female,37,171.0,71.0,21.0,97.0,40.9,5.190476190476191,109.0
female,27,153.0,53.0,24.0,109.0,41.0,6.541666666666667,157.0
female,51,180.0,83.0,15.0,87.0,40.5,4.2,63.0
male,52,175.0,82.0,9.0,91.0,39.6,4.777777777777778,43.0
male,28,194.0,98.0,9.0,86.0,39.7,3.2222222222222223,29.0
female,44,173.0,66.0,25.0,88.0,40.6,4.4,110.0
male,27,198.0,105.0,21.0,110.0,40.7,7.0,147.0
male,53,171.0,77.0,8.0,94.0,39.5,5.25,42.0
female,43,159.0,62.0,17.0,95.0,40.7,5.176470588235294,88.0
male,45,179.0,78.0,11.0,98.0,39.9,5.454545454545454,60.0
male,58,177.0,85.0,11.0,83.0,39.6,4.0,44.0
female,42,160.0,58.0,17.0,91.0,40.5,4.823529411764706,82.0
male,45,196.0,98.0,9.0,91.0,40.0,4.888888888888889,44.0
male,74,190.0,94.0,7.0,84.0,39.2,5.142857142857143,36.0
male,36,188.0,89.0,27.0,107.0,41.0,6.62962962962963,179.0
female,74,162.0,66.0,13.0,87.0,40.1,4.846153846153846,63.0
male,43,185.0,85.0,14.0,96.0,40.2,5.214285714285714,73.0
male,44,178.0,77.0,4.0,85.0,38.5,3.5,14.0
male,61,182.0,87.0,26.0,104.0,40.7,7.346153846153846,191.0
male,31,171.0,75.0,27.0,125.0,40.7,8.777777777777779,237.0
female,63,173.0,66.0,8.0,83.0,39.4,4.25,34.0
male,38,197.0,94.0,3.0,83.0,38.5,3.3333333333333335,10.0
male,78,176.0,82.0,3.0,86.0,37.9,5.333333333333333,16.0
male,43,197.0,97.0,3.0,83.0,38.9,3.6666666666666665,11.0
female,60,160.0,61.0,27.0,109.0,40.5,7.0,189.0
female,65,178.0,73.0,17.0,91.0,40.2,5.0,85.0
male,24,193.0,89.0,10.0,95.0,39.7,4.2,42.0
female,38,162.0,60.0,17.0,102.0,40.3,5.882352941176471,100.0
female,29,162.0,65.0,11.0,94.0,39.8,4.818181818181818,53.0
male,67,174.0,74.0,12.0,92.0,40.0,5.5,66.0
female,62,170.0,69.0,27.0,113.0,40.6,7.333333333333333,198.0
female,20,166.0,65.0,20.0,97.0,40.5,4.95,99.0
male,24,190.0,85.0,4.0,90.0,38.9,3.5,14.0
female,63,150.0,54.0,15.0,99.0,40.0,6.066666666666666,91.0
male,51,182.0,85.0,12.0,90.0,39.8,4.666666666666667,56.0
male,20,193.0,98.0,8.0,92.0,39.8,3.75,30.0
male,67,183.0,83.0,23.0,103.0,40.7,7.391304347826087,170.0
female,79,144.0,51.0,24.0,100.0,40.7,6.5,156.0
female,27,160.0,64.0,14.0,98.0,39.8,5.214285714285714,73.0
male,43,191.0,96.0,21.0,115.0,40.4,8.333333333333334,175.0
male,56,185.0,91.0,23.0,102.0,40.5,6.869565217391305,158.0
female,75,176.0,73.0,13.0,95.0,40.3,5.615384615384615,73.0
female,51,166.0,71.0,27.0,110.0,40.9,6.814814814814815,184.0
male,24,179.0,84.0,17.0,102.0,40.2,5.176470588235294,88.0
male,25,171.0,71.0,6.0,91.0,39.0,3.3333333333333335,20.0
male,31,186.0,91.0,14.0,96.0,40.1,4.785714285714286,67.0
female,60,155.0,56.0,25.0,110.0,40.8,7.16,179.0
male,34,187.0,81.0,18.0,107.0,40.3,6.333333333333333,114.0
male,53,178.0,88.0,12.0,97.0,40.0,5.916666666666667,71.0
male,41,187.0,91.0,13.0,91.0,40.2,4.461538461538462,58.0
male,51,166.0,64.0,8.0,83.0,39.3,3.25,26.0
female,31,159.0,59.0,2.0,81.0,38.2,3.5,7.0
male,76,192.0,103.0,25.0,100.0,40.4,7.8,195.0
female,48,197.0,89.0,18.0,102.0,40.3,5.666666666666667,102.0
female,77,174.0,74.0,23.0,106.0,40.5,6.782608695652174,156.0
male,21,187.0,87.0,29.0,100.0,40.7,4.793103448275862,139.0
male,56,192.0,91.0,24.0,101.0,40.8,6.708333333333333,161.0
female,26,147.0,52.0,8.0,89.0,39.8,4.375,35.0
female,22,145.0,43.0,9.0,77.0,39.9,3.111111111111111,28.0
male,38,192.0,92.0,7.0,90.0,39.1,4.285714285714286,30.0
male,35,187.0,88.0,26.0,108.0,41.1,6.6923076923076925,174.0
male,67,177.0,79.0,28.0,104.0,40.8,7.464285714285714,209.0
female,30,170.0,65.0,5.0,75.0,39.3,2.8,14.0
female,34,186.0,78.0,8.0,81.0,39.5,3.25,26.0
male,44,186.0,86.0,13.0,101.0,40.0,6.076923076923077,79.0
female,43,163.0,61.0,20.0,105.0,40.6,6.25,125.0
male,27,178.0,78.0,18.0,94.0,40.2,4.0,72.0
male,63,170.0,78.0,13.0,93.0,40.3,5.538461538461538,72.0
male,36,171.0,75.0,13.0,90.0,40.3,3.769230769230769,49.0
male,48,202.0,103.0,25.0,107.0,40.9,7.52,188.0
male,49,181.0,81.0,16.0,97.0,40.2,5.5625,89.0
female,24,153.0,54.0,1.0,78.0,37.7,3.0,3.0
female,33,171.0,70.0,23.0,105.0,40.7,5.956521739130435,137.0
female,39,178.0,72.0,22.0,100.0,40.7,5.5,121.0
male,21,187.0,88.0,12.0,97.0,39.9,4.333333333333333,52.0
male,60,182.0,79.0,8.0,82.0,39.6,3.75,30.0
female,60,172.0,65.0,10.0,92.0,39.2,5.1,51.0
female,69,161.0,60.0,12.0,95.0,40.2,5.666666666666667,68.0
female,55,162.0,64.0,26.0,107.0,40.8,6.653846153846154,173.0
male,33,180.0,80.0,27.0,121.0,40.9,8.407407407407407,227.0
female,50,152.0,52.0,24.0,99.0,40.2,5.875,141.0
female,40,153.0,58.0,15.0,97.0,40.1,5.4,81.0
male,39,192.0,95.0,25.0,99.0,41.3,5.68,142.0
female,57,157.0,57.0,14.0,89.0,39.9,4.857142857142857,68.0
male,65,182.0,89.0,5.0,87.0,39.1,5.0,25.0
male,70,191.0,90.0,9.0,91.0,39.5,5.888888888888889,53.0
female,39,140.0,48.0,19.0,92.0,40.6,5.0,95.0
male,47,187.0,95.0,12.0,90.0,40.4,4.75,57.0
female,58,171.0,73.0,15.0,97.0,40.0,5.533333333333333,83.0
female,58,181.0,78.0,5.0,87.0,39.2,4.4,22.0
female,35,171.0,70.0,6.0,96.0,39.4,5.0,30.0
female,42,179.0,76.0,21.0,102.0,40.5,5.714285714285714,120.0
male,33,170.0,76.0,20.0,100.0,40.4,5.15,103.0
male,56,185.0,93.0,5.0,81.0,39.0,3.8,19.0
female,31,171.0,72.0,15.0,93.0,40.1,4.6,69.0
female,36,165.0,65.0,20.0,102.0,40.4,5.75,115.0
male,60,207.0,114.0,1.0,87.0,37.7,5.0,5.0
female,28,178.0,71.0,20.0,97.0,40.2,5.0,100.0
male,27,213.0,119.0,9.0,87.0,39.9,3.7777777777777777,34.0
female,64,183.0,79.0,17.0,99.0,40.3,5.764705882352941,98.0
female,29,158.0,57.0,21.0,105.0,40.5,6.095238095238095,128.0
female,58,173.0,77.0,26.0,103.0,40.6,6.115384615384615,159.0
female,58,163.0,66.0,28.0,113.0,40.6,7.321428571428571,205.0
female,76,142.0,49.0,23.0,99.0,40.5,6.391304347826087,147.0
male,70,194.0,91.0,28.0,103.0,40.8,7.714285714285714,216.0
male,50,182.0,90.0,29.0,99.0,41.2,6.103448275862069,177.0
male,37,195.0,102.0,1.0,76.0,37.7,2.0,2.0
male,37,185.0,84.0,15.0,97.0,40.0,5.066666666666666,76.0
male,30,177.0,79.0,6.0,91.0,39.2,3.6666666666666665,22.0
male,23,190.0,85.0,6.0,86.0,39.3,2.6666666666666665,16.0
male,45,183.0,87.0,17.0,99.0,40.0,5.823529411764706,99.0
male,23,177.0,85.0,22.0,113.0,40.7,6.818181818181818,150.0
male,65,189.0,91.0,13.0,96.0,40.1,6.384615384615385,83.0
female,32,163.0,65.0,24.0,93.0,40.6,4.75,114.0
male,45,193.0,93.0,6.0,90.0,39.7,4.5,27.0
male,46,181.0,82.0,4.0,86.0,38.9,3.75,15.0
female,30,172.0,70.0,23.0,102.0,40.6,5.608695652173913,129.0
male,52,171.0,78.0,5.0,86.0,39.2,4.0,20.0
male,40,162.0,64.0,22.0,111.0,40.4,6.863636363636363,151.0
female,68,156.0,55.0,12.0,94.0,40.0,5.583333333333333,67.0
male,57,174.0,78.0,2.0,84.0,38.1,4.0,8.0
male,73,196.0,103.0,20.0,104.0,40.6,8.25,165.0
female,38,163.0,62.0,16.0,93.0,39.8,4.875,78.0
female,25,154.0,57.0,26.0,100.0,40.9,5.461538461538462,142.0
male,61,168.0,76.0,27.0,113.0,40.7,8.444444444444445,228.0
female,26,170.0,66.0,20.0,102.0,40.5,5.6,112.0
male,56,179.0,80.0,17.0,90.0,40.4,4.823529411764706,82.0
female,61,180.0,74.0,8.0,86.0,39.5,4.375,35.0
male,32,186.0,86.0,3.0,80.0,38.5,2.3333333333333335,7.0
female,71,165.0,60.0,12.0,93.0,40.1,5.5,66.0
male,27,172.0,72.0,22.0,98.0,40.9,4.454545454545454,98.0
male,36,180.0,84.0,8.0,88.0,39.4,3.625,29.0
male,20,174.0,74.0,28.0,109.0,40.9,5.821428571428571,163.0
female,27,172.0,67.0,4.0,90.0,39.0,4.25,17.0
female,22,161.0,61.0,27.0,106.0,40.8,6.0,162.0
male,26,181.0,78.0,16.0,98.0,40.2,4.5625,73.0
female,33,169.0,68.0,16.0,98.0,40.0,5.25,84.0
female,39,167.0,61.0,22.0,95.0,40.7,5.136363636363637,113.0
female,36,181.0,76.0,6.0,83.0,38.8,3.6666666666666665,22.0
female,73,146.0,50.0,30.0,110.0,40.8,7.5,225.0
male,65,187.0,85.0,23.0,101.0,40.6,7.043478260869565,162.0
female,30,176.0,72.0,17.0,104.0,40.2,5.764705882352941,98.0
female,79,159.0,64.0,17.0,101.0,40.2,6.411764705882353,109.0
female,70,156.0,56.0,23.0,113.0,40.8,7.6521739130434785,176.0
female,35,178.0,69.0,15.0,89.0,40.2,4.333333333333333,65.0
female,30,174.0,69.0,14.0,86.0,40.6,3.9285714285714284,55.0
female,20,160.0,59.0,29.0,112.0,40.5,6.655172413793103,193.0
male,28,189.0,84.0,24.0,98.0,40.6,4.791666666666667,115.0
male,72,179.0,82.0,25.0,99.0,40.7,7.0,175.0
female,60,141.0,46.0,25.0,101.0,40.5,6.36,159.0
male,22,189.0,86.0,14.0,105.0,40.0,5.571428571428571,78.0
male,30,199.0,100.0,24.0,105.0,40.6,6.25,150.0
male,23,182.0,78.0,7.0,95.0,39.8,4.0,28.0
male,40,175.0,77.0,5.0,79.0,39.3,2.4,12.0
male,45,191.0,92.0,23.0,107.0,40.5,7.130434782608695,164.0
male,23,184.0,81.0,21.0,104.0,40.2,5.380952380952381,113.0
female,52,179.0,76.0,9.0,90.0,39.8,4.666666666666667,42.0
female,22,152.0,50.0,10.0,94.0,39.5,4.9,49.0
male,58,164.0,68.0,2.0,89.0,38.8,4.5,9.0
female,43,162.0,59.0,9.0,90.0,39.7,4.666666666666667,42.0
male,72,179.0,80.0,15.0,107.0,40.5,8.133333333333333,122.0
male,57,186.0,90.0,3.0,82.0,38.1,4.0,12.0
male,57,176.0,76.0,23.0,101.0,40.9,6.434782608695652,148.0
male,55,194.0,99.0,16.0,92.0,40.4,5.5,88.0
male,55,180.0,86.0,26.0,104.0,40.3,7.038461538461538,183.0
male,34,178.0,80.0,26.0,107.0,40.7,6.346153846153846,165.0
female,40,173.0,68.0,21.0,89.0,40.4,4.428571428571429,93.0
male,23,196.0,88.0,16.0,105.0,40.2,5.6875,91.0
female,50,159.0,55.0,12.0,85.0,39.9,4.333333333333333,52.0
female,60,147.0,51.0,16.0,103.0,40.4,6.5,104.0
female,72,163.0,68.0,9.0,89.0,39.8,5.0,45.0
male,21,181.0,79.0,11.0,88.0,39.9,2.8181818181818183,31.0
female,61,163.0,65.0,19.0,92.0,40.6,5.157894736842105,98.0
female,66,171.0,65.0,28.0,96.0,40.6,5.642857142857143,158.0
male,76,188.0,93.0,30.0,105.0,41.2,8.333333333333334,250.0
female,63,178.0,82.0,16.0,94.0,40.1,5.1875,83.0
male,75,160.0,66.0,19.0,92.0,40.7,5.7368421052631575,109.0
male,33,191.0,90.0,21.0,105.0,40.5,6.190476190476191,130.0
male,30,188.0,93.0,24.0,105.0,40.8,6.125,147.0
female,72,157.0,53.0,6.0,82.0,39.2,4.5,27.0
male,36,187.0,91.0,7.0,78.0,39.5,2.2857142857142856,16.0
male,71,183.0,83.0,10.0,89.0,39.9,5.5,55.0
female,31,180.0,73.0,13.0,99.0,40.1,5.230769230769231,68.0
male,71,191.0,92.0,9.0,87.0,39.8,5.333333333333333,48.0
male,52,173.0,74.0,6.0,88.0,39.3,4.166666666666667,25.0
female,72,160.0,62.0,11.0,94.0,39.8,5.636363636363637,62.0
female,37,148.0,51.0,3.0,90.0,38.9,4.666666666666667,14.0
male,42,186.0,84.0,7.0,87.0,39.7,3.857142857142857,27.0
male,35,200.0,107.0,9.0,96.0,40.0,5.333333333333333,48.0
female,76,171.0,66.0,6.0,98.0,39.3,6.0,36.0
male,60,201.0,102.0,11.0,88.0,39.9,5.181818181818182,57.0
male,42,177.0,77.0,14.0,99.0,40.3,5.428571428571429,76.0
male,23,185.0,89.0,15.0,92.0,39.9,3.7333333333333334,56.0
male,59,199.0,104.0,20.0,102.0,40.5,7.3,146.0
male,20,192.0,95.0,15.0,95.0,40.1,4.2,63.0
male,38,189.0,90.0,22.0,109.0,40.7,7.045454545454546,155.0
female,21,171.0,68.0,19.0,97.0,40.1,4.947368421052632,94.0
female,35,179.0,75.0,19.0,100.0,40.5,5.421052631578948,103.0
male,22,163.0,65.0,19.0,98.0,40.4,4.052631578947368,77.0
female,26,156.0,56.0,20.0,98.0,40.1,5.3,106.0
male,29,167.0,71.0,16.0,86.0,40.4,2.75,44.0
female,22,176.0,77.0,5.0,77.0,39.4,2.6,13.0
male,23,179.0,80.0,29.0,101.0,41.0,4.896551724137931,142.0
female,72,170.0,69.0,20.0,107.0,40.4,6.9,138.0
male,54,195.0,96.0,12.0,90.0,39.9,5.083333333333333,61.0
female,64,175.0,67.0,19.0,101.0,40.6,6.157894736842105,117.0
male,39,200.0,99.0,5.0,86.0,38.9,3.8,19.0
male,41,180.0,85.0,4.0,81.0,38.5,2.75,11.0
female,78,158.0,55.0,14.0,96.0,40.0,6.0,84.0
female,60,172.0,65.0,28.0,103.0,40.6,6.285714285714286,176.0
male,56,177.0,84.0,12.0,90.0,40.1,4.916666666666667,59.0
female,63,169.0,68.0,29.0,108.0,40.6,6.862068965517241,199.0
male,49,192.0,93.0,27.0,100.0,40.7,6.296296296296297,170.0
female,37,178.0,73.0,24.0,107.0,40.2,6.208333333333333,149.0
female,29,150.0,48.0,11.0,102.0,40.0,5.909090909090909,65.0
male,27,195.0,90.0,5.0,82.0,39.1,2.4,12.0
male,29,188.0,94.0,21.0,109.0,40.5,6.714285714285714,141.0
female,29,173.0,68.0,22.0,105.0,40.8,5.909090909090909,130.0
female,24,159.0,55.0,19.0,94.0,40.7,4.842105263157895,92.0
female,63,168.0,65.0,19.0,96.0,40.3,5.631578947368421,107.0
female,35,155.0,55.0,11.0,87.0,39.7,4.2727272727272725,47.0
female,38,169.0,74.0,3.0,82.0,38.8,3.6666666666666665,11.0
male,53,196.0,100.0,26.0,114.0,40.7,8.73076923076923,227.0
male,20,175.0,73.0,15.0,98.0,40.7,4.133333333333334,62.0
female,63,146.0,45.0,14.0,101.0,40.1,6.428571428571429,90.0
male,59,202.0,100.0,3.0,87.0,38.5,5.0,15.0
female,68,161.0,54.0,5.0,86.0,38.7,4.8,24.0
male,30,189.0,90.0,22.0,110.0,40.7,6.818181818181818,150.0
female,29,159.0,61.0,13.0,99.0,39.9,5.384615384615385,70.0
male,40,218.0,132.0,1.0,88.0,37.8,5.0,5.0
male,51,176.0,78.0,20.0,104.0,40.6,6.65,133.0
male,38,193.0,99.0,11.0,94.0,39.9,5.0,55.0
female,26,143.0,41.0,4.0,73.0,39.4,2.75,11.0
female,27,165.0,62.0,22.0,93.0,40.3,4.681818181818182,103.0
female,50,159.0,59.0,30.0,106.0,41.1,6.533333333333333,196.0
female,47,151.0,55.0,20.0,101.0,40.7,6.0,120.0
female,26,147.0,50.0,16.0,91.0,40.3,4.625,74.0
male,52,184.0,85.0,7.0,89.0,39.2,4.571428571428571,32.0
male,54,181.0,86.0,12.0,104.0,39.7,7.0,84.0
male,46,186.0,88.0,4.0,81.0,39.0,3.25,13.0
female,20,193.0,86.0,11.0,92.0,40.4,4.090909090909091,45.0
male,22,182.0,86.0,4.0,88.0,38.9,3.0,12.0
male,20,182.0,80.0,3.0,85.0,39.0,2.3333333333333335,7.0
female,44,164.0,59.0,29.0,109.0,40.6,6.758620689655173,196.0
male,24,179.0,83.0,22.0,105.0,40.4,5.636363636363637,124.0
male,75,168.0,73.0,16.0,95.0,40.1,6.375,102.0
female,75,184.0,81.0,2.0,75.0,37.9,3.5,7.0
male,29,182.0,82.0,13.0,91.0,40.2,3.6923076923076925,48.0
male,62,177.0,83.0,7.0,83.0,39.4,4.142857142857143,29.0
female,33,162.0,59.0,1.0,84.0,37.9,4.0,4.0
male,64,186.0,89.0,24.0,110.0,40.9,8.416666666666666,202.0
female,38,153.0,53.0,6.0,87.0,39.5,4.333333333333333,26.0
female,30,174.0,67.0,24.0,102.0,40.5,5.625,135.0
male,22,174.0,81.0,28.0,107.0,40.7,5.785714285714286,162.0
female,43,159.0,62.0,27.0,114.0,41.1,7.222222222222222,195.0
male,48,181.0,87.0,3.0,77.0,38.7,2.6666666666666665,8.0
female,73,184.0,83.0,13.0,97.0,40.3,5.615384615384615,73.0
female,59,145.0,50.0,11.0,95.0,40.1,5.636363636363637,62.0
male,28,198.0,98.0,26.0,113.0,40.6,7.346153846153846,191.0
female,29,160.0,59.0,27.0,112.0,40.9,6.814814814814815,184.0
female,22,168.0,63.0,29.0,110.0,41.2,6.413793103448276,186.0
male,41,181.0,81.0,12.0,86.0,40.0,3.5,42.0
female,58,175.0,74.0,8.0,80.0,39.8,3.625,29.0
male,59,190.0,99.0,25.0,107.0,40.7,7.96,199.0
female,39,167.0,67.0,15.0,93.0,40.4,4.866666666666666,73.0
male,65,176.0,84.0,26.0,110.0,40.7,8.384615384615385,218.0
female,22,176.0,73.0,12.0,89.0,40.0,4.0,48.0
female,25,160.0,59.0,24.0,102.0,40.3,5.666666666666667,136.0
male,41,191.0,92.0,15.0,97.0,40.6,5.4,81.0
male,38,180.0,87.0,15.0,90.0,40.2,4.133333333333334,62.0
female,32,182.0,81.0,4.0,92.0,39.1,4.5,18.0
female,64,164.0,67.0,4.0,91.0,39.2,5.0,20.0
female,47,158.0,55.0,25.0,108.0,41.0,6.76,169.0
male,25,184.0,77.0,10.0,83.0,39.7,2.2,22.0
female,34,159.0,57.0,5.0,89.0,39.2,4.4,22.0
female,54,167.0,72.0,15.0,93.0,40.1,5.0,75.0
female,24,172.0,74.0,17.0,99.0,40.8,5.117647058823529,87.0
female,21,144.0,47.0,2.0,77.0,38.1,3.0,6.0
male,74,205.0,112.0,6.0,83.0,39.0,5.333333333333333,32.0
female,49,164.0,66.0,23.0,101.0,40.5,5.869565217391305,135.0
female,40,152.0,49.0,11.0,87.0,39.8,4.454545454545454,49.0
male,66,163.0,69.0,16.0,90.0,40.4,5.0625,81.0
male,32,188.0,91.0,30.0,128.0,40.9,9.633333333333333,289.0
female,25,164.0,63.0,21.0,101.0,40.7,5.476190476190476,115.0
male,20,196.0,92.0,15.0,89.0,40.3,3.2,48.0
male,58,176.0,81.0,23.0,98.0,40.4,6.173913043478261,142.0
male,78,201.0,108.0,12.0,89.0,40.0,6.333333333333333,76.0
male,70,194.0,94.0,5.0,91.0,38.6,6.0,30.0
female,30,163.0,58.0,30.0,115.0,40.6,7.166666666666667,215.0
male,22,185.0,90.0,4.0,93.0,39.0,3.75,15.0
female,42,179.0,72.0,17.0,98.0,40.1,5.352941176470588,91.0
female,45,180.0,78.0,12.0,99.0,39.8,5.416666666666667,65.0
male,45,174.0,83.0,27.0,94.0,40.9,4.962962962962963,134.0
female,49,166.0,62.0,19.0,91.0,40.4,4.842105263157895,92.0
female,72,166.0,60.0,20.0,100.0,40.8,6.25,125.0
male,45,191.0,94.0,12.0,96.0,39.8,5.5,66.0
female,28,154.0,52.0,18.0,100.0,40.5,5.611111111111111,101.0
female,38,167.0,61.0,25.0,106.0,41.0,6.28,157.0
female,52,182.0,77.0,4.0,86.0,38.8,4.25,17.0
male,37,170.0,69.0,5.0,91.0,39.1,3.8,19.0
female,24,169.0,59.0,25.0,111.0,40.7,6.6,165.0
male,21,163.0,63.0,24.0,110.0,41.0,5.791666666666667,139.0
female,26,163.0,63.0,10.0,89.0,39.3,4.2,42.0
male,41,191.0,90.0,9.0,90.0,39.6,4.333333333333333,39.0
male,33,170.0,70.0,30.0,116.0,41.0,7.433333333333334,223.0
female,65,137.0,41.0,3.0,83.0,38.7,4.666666666666667,14.0
female,70,153.0,53.0,10.0,87.0,39.8,4.9,49.0
male,47,184.0,89.0,19.0,101.0,40.2,6.2631578947368425,119.0
male,44,188.0,88.0,24.0,106.0,40.7,6.833333333333333,164.0
male,36,175.0,74.0,2.0,82.0,38.1,2.5,5.0
male,52,180.0,77.0,20.0,108.0,40.2,7.3,146.0
male,55,196.0,95.0,4.0,91.0,39.0,5.25,21.0
male,37,186.0,91.0,9.0,89.0,39.1,4.0,36.0
male,77,170.0,74.0,24.0,107.0,40.8,8.291666666666666,199.0
female,79,163.0,65.0,30.0,113.0,41.1,7.7,231.0
female,42,157.0,56.0,18.0,95.0,40.5,5.277777777777778,95.0
male,24,186.0,83.0,10.0,92.0,39.6,3.7,37.0
male,76,177.0,83.0,14.0,101.0,40.3,7.5,105.0
male,37,194.0,91.0,4.0,84.0,38.7,3.25,13.0
female,37,157.0,59.0,16.0,94.0,40.2,5.0,80.0
female,58,171.0,74.0,11.0,81.0,40.1,3.8181818181818183,42.0
female,71,164.0,63.0,4.0,82.0,38.9,4.25,17.0
female,52,179.0,80.0,8.0,82.0,39.8,3.75,30.0
male,42,182.0,82.0,19.0,103.0,40.2,6.157894736842105,117.0
female,42,173.0,66.0,2.0,84.0,38.5,4.0,8.0
female,27,155.0,55.0,6.0,88.0,39.2,4.333333333333333,26.0
female,79,167.0,67.0,24.0,93.0,41.0,5.541666666666667,133.0
male,40,180.0,81.0,9.0,85.0,39.9,3.3333333333333335,30.0
male,23,181.0,83.0,16.0,92.0,40.5,3.625,58.0
female,63,167.0,64.0,22.0,105.0,40.7,6.590909090909091,145.0
male,46,179.0,84.0,1.0,78.0,37.3,3.0,3.0
male,21,180.0,74.0,7.0,83.0,39.5,2.0,14.0
female,69,171.0,70.0,9.0,84.0,39.8,4.333333333333333,39.0
female,28,163.0,66.0,15.0,94.0,40.1,4.733333333333333,71.0
female,31,146.0,48.0,19.0,104.0,40.6,6.105263157894737,116.0
male,71,186.0,91.0,16.0,95.0,40.1,6.5625,105.0
female,62,159.0,59.0,29.0,106.0,41.2,6.724137931034483,195.0
male,30,179.0,84.0,25.0,105.0,40.8,5.92,148.0
female,38,174.0,69.0,17.0,90.0,40.5,4.470588235294118,76.0
male,22,193.0,88.0,8.0,87.0,39.3,2.875,23.0
female,30,141.0,52.0,24.0,110.0,40.7,6.708333333333333,161.0
male,36,188.0,86.0,14.0,96.0,40.4,4.928571428571429,69.0
female,35,183.0,73.0,17.0,97.0,40.5,5.117647058823529,87.0
female,31,175.0,68.0,12.0,91.0,40.3,4.5,54.0
female,68,164.0,65.0,11.0,97.0,39.7,5.818181818181818,64.0
male,23,180.0,85.0,2.0,85.0,37.8,2.5,5.0
male,46,200.0,106.0,11.0,83.0,39.7,3.8181818181818183,42.0
male,43,187.0,85.0,28.0,109.0,40.8,7.178571428571429,201.0
female,23,159.0,59.0,8.0,91.0,39.9,4.5,36.0
female,40,160.0,56.0,15.0,96.0,39.7,5.333333333333333,80.0
female,75,178.0,77.0,14.0,92.0,40.3,5.214285714285714,73.0
male,20,200.0,94.0,25.0,103.0,40.7,5.36,134.0
male,70,172.0,77.0,6.0,86.0,39.5,4.833333333333333,29.0
male,24,183.0,85.0,27.0,107.0,40.8,5.962962962962963,161.0
male,70,177.0,82.0,16.0,93.0,40.2,6.0,96.0
male,44,182.0,86.0,26.0,107.0,40.7,6.961538461538462,181.0
female,71,172.0,74.0,28.0,103.0,40.7,6.357142857142857,178.0
male,59,176.0,82.0,1.0,69.0,38.0,2.0,2.0
female,32,158.0,57.0,19.0,101.0,40.4,5.684210526315789,108.0
male,27,180.0,78.0,20.0,103.0,40.3,5.35,107.0
male,37,179.0,79.0,3.0,85.0,38.6,3.0,9.0
female,37,173.0,64.0,14.0,99.0,40.6,5.5,77.0
female,43,166.0,66.0,12.0,89.0,40.1,4.5,54.0
female,56,179.0,75.0,15.0,90.0,40.3,4.733333333333333,71.0
male,26,195.0,97.0,7.0,84.0,39.4,2.857142857142857,20.0
male,53,161.0,66.0,8.0,87.0,39.5,3.875,31.0
male,38,185.0,85.0,29.0,110.0,40.8,7.068965517241379,205.0
female,64,157.0,63.0,17.0,105.0,40.1,6.588235294117647,112.0
female,77,160.0,61.0,5.0,85.0,39.0,4.8,24.0
female,24,157.0,56.0,15.0,98.0,39.7,5.266666666666667,79.0
male,61,171.0,72.0,11.0,87.0,40.2,4.454545454545454,49.0
male,21,182.0,83.0,10.0,89.0,39.5,3.1,31.0
female,38,162.0,68.0,2.0,81.0,38.6,3.5,7.0
female,33,167.0,62.0,23.0,107.0,40.3,6.304347826086956,145.0
female,76,172.0,68.0,14.0,95.0,39.9,5.714285714285714,80.0
female,22,163.0,63.0,19.0,106.0,40.4,6.0,114.0
male,36,187.0,95.0,15.0,98.0,40.2,5.4,81.0
female,41,159.0,60.0,18.0,97.0,40.8,5.388888888888889,97.0
female,23,179.0,76.0,13.0,99.0,39.9,5.076923076923077,66.0
female,37,179.0,71.0,19.0,99.0,40.8,5.368421052631579,102.0
male,52,205.0,103.0,14.0,105.0,40.5,7.428571428571429,104.0
female,30,157.0,55.0,17.0,95.0,40.3,5.0588235294117645,86.0
female,75,164.0,61.0,4.0,89.0,38.9,5.25,21.0
male,33,180.0,82.0,21.0,101.0,40.7,5.428571428571429,114.0
male,27,174.0,73.0,15.0,98.0,40.2,4.466666666666667,67.0
female,50,177.0,70.0,22.0,106.0,40.9,6.363636363636363,140.0
female,31,176.0,68.0,15.0,96.0,40.3,5.0,75.0
female,27,177.0,72.0,10.0,90.0,39.7,4.2,42.0
female,74,144.0,51.0,5.0,90.0,38.7,5.4,27.0
male,48,193.0,93.0,8.0,87.0,39.5,4.25,34.0
male,64,162.0,67.0,20.0,104.0,40.2,7.05,141.0
male,27,186.0,86.0,12.0,102.0,40.2,5.333333333333333,64.0
female,35,177.0,71.0,14.0,103.0,40.0,5.785714285714286,81.0
female,37,178.0,72.0,29.0,102.0,41.2,5.689655172413793,165.0
male,54,181.0,81.0,18.0,105.0,40.6,7.0,126.0
male,20,197.0,93.0,11.0,97.0,39.8,4.454545454545454,49.0
female,79,166.0,71.0,5.0,98.0,38.9,6.0,30.0
female,35,175.0,72.0,23.0,108.0,40.9,6.304347826086956,145.0
male,44,194.0,98.0,20.0,101.0,40.6,6.3,126.0
male,66,185.0,87.0,8.0,84.0,39.7,4.5,36.0
male,23,182.0,79.0,18.0,93.0,40.4,3.6666666666666665,66.0
female,52,159.0,62.0,23.0,99.0,40.4,5.782608695652174,133.0
male,27,180.0,76.0,22.0,94.0,40.5,3.9545454545454546,87.0
female,78,160.0,62.0,15.0,91.0,39.9,5.4,81.0
female,27,166.0,62.0,15.0,88.0,39.9,4.133333333333334,62.0
female,37,170.0,65.0,2.0,79.0,38.3,3.5,7.0
male,33,189.0,94.0,11.0,83.0,39.8,3.0,33.0
female,37,156.0,57.0,22.0,96.0,40.6,5.2727272727272725,116.0
male,25,197.0,93.0,25.0,97.0,40.9,4.68,117.0
male,44,187.0,89.0,13.0,94.0,40.2,5.076923076923077,66.0
female,29,165.0,59.0,19.0,94.0,40.3,4.894736842105263,93.0
male,77,174.0,77.0,22.0,108.0,40.9,8.5,187.0
female,24,173.0,66.0,7.0,82.0,39.3,3.4285714285714284,24.0
male,50,177.0,83.0,11.0,96.0,39.8,5.545454545454546,61.0
female,71,162.0,61.0,21.0,102.0,40.6,6.428571428571429,135.0
male,66,192.0,86.0,1.0,83.0,37.7,4.0,4.0
female,46,166.0,68.0,12.0,101.0,40.1,5.833333333333333,70.0
female,32,169.0,66.0,16.0,85.0,40.6,3.875,62.0
male,79,197.0,97.0,5.0,91.0,39.3,6.4,32.0
male,27,187.0,89.0,11.0,94.0,40.0,4.2727272727272725,47.0
male,42,177.0,76.0,5.0,89.0,38.9,4.0,20.0
female,44,181.0,79.0,25.0,100.0,40.8,5.52,138.0
female,34,152.0,51.0,13.0,93.0,39.9,5.0,65.0
female,54,161.0,62.0,8.0,82.0,39.8,4.0,32.0
female,56,154.0,55.0,17.0,94.0,40.2,5.411764705882353,92.0
female,62,160.0,59.0,5.0,82.0,39.1,4.2,21.0
male,42,182.0,87.0,10.0,99.0,39.6,5.7,57.0
male,22,179.0,77.0,19.0,98.0,40.4,4.315789473684211,82.0
female,38,161.0,53.0,2.0,79.0,38.4,3.5,7.0
female,27,157.0,56.0,17.0,101.0,40.1,5.647058823529412,96.0
female,53,164.0,63.0,26.0,107.0,40.8,6.615384615384615,172.0
male,68,186.0,88.0,4.0,87.0,39.1,5.25,21.0
female,60,169.0,64.0,16.0,98.0,40.2,5.8125,93.0
male,28,190.0,93.0,10.0,84.0,39.6,2.9,29.0
female,50,155.0,58.0,24.0,104.0,40.6,6.333333333333333,152.0
male,57,189.0,91.0,19.0,106.0,40.1,7.526315789473684,143.0
male,39,174.0,78.0,13.0,102.0,40.2,5.769230769230769,75.0
female,36,159.0,60.0,10.0,90.0,39.7,4.6,46.0
male,67,189.0,97.0,22.0,103.0,40.7,7.681818181818182,169.0
male,31,168.0,73.0,22.0,101.0,41.1,5.136363636363637,113.0
female,46,155.0,57.0,26.0,112.0,40.9,7.115384615384615,185.0
male,77,190.0,96.0,28.0,103.0,41.0,8.142857142857142,228.0
male,73,167.0,69.0,29.0,109.0,40.8,8.275862068965518,240.0
male,21,177.0,79.0,24.0,103.0,40.9,5.083333333333333,122.0
male,74,181.0,79.0,26.0,98.0,40.8,6.884615384615385,179.0
male,38,188.0,89.0,15.0,101.0,40.1,5.8,87.0
female,21,173.0,70.0,4.0,87.0,38.9,3.75,15.0
female,41,167.0,67.0,22.0,104.0,40.4,6.045454545454546,133.0
male,34,187.0,91.0,8.0,92.0,39.9,4.25,34.0
female,68,175.0,69.0,8.0,97.0,40.1,5.75,46.0
female,31,146.0,50.0,6.0,80.0,39.3,3.5,21.0
female,54,159.0,65.0,22.0,102.0,40.6,6.090909090909091,134.0
female,71,165.0,67.0,13.0,89.0,39.9,5.0,65.0
male,53,174.0,78.0,19.0,106.0,40.5,7.052631578947368,134.0
female,54,159.0,60.0,19.0,104.0,40.6,6.368421052631579,121.0
male,76,187.0,92.0,22.0,104.0,40.6,8.181818181818182,180.0
female,49,155.0,54.0,14.0,91.0,40.3,5.0,70.0
female,53,167.0,66.0,10.0,90.0,39.6,4.8,48.0
female,32,173.0,68.0,9.0,87.0,39.5,4.0,36.0
female,34,155.0,57.0,26.0,109.0,40.9,6.576923076923077,171.0
female,49,153.0,51.0,26.0,105.0,40.7,6.5,169.0
male,75,182.0,88.0,11.0,94.0,39.9,6.545454545454546,72.0
female,67,168.0,64.0,6.0,93.0,39.3,5.333333333333333,32.0
female,50,164.0,67.0,16.0,94.0,40.4,5.125,82.0
female,48,177.0,75.0,10.0,101.0,39.9,5.7,57.0
male,36,187.0,89.0,16.0,90.0,40.4,4.0625,65.0
female,25,158.0,58.0,29.0,107.0,40.9,6.206896551724138,180.0
male,40,183.0,81.0,8.0,85.0,40.0,3.375,27.0
female,35,171.0,66.0,25.0,108.0,40.5,6.4,160.0
male,24,180.0,84.0,8.0,97.0,39.6,4.375,35.0
male,30,187.0,91.0,15.0,96.0,40.0,4.733333333333333,71.0
male,77,205.0,104.0,10.0,91.0,40.0,6.5,65.0
male,21,183.0,81.0,5.0,87.0,38.7,2.8,14.0
male,25,188.0,82.0,6.0,94.0,39.3,4.0,24.0
male,35,181.0,76.0,9.0,85.0,39.4,3.0,27.0
female,24,150.0,53.0,4.0,87.0,38.8,4.0,16.0
male,71,174.0,79.0,19.0,98.0,40.4,6.7368421052631575,128.0
female,39,158.0,54.0,26.0,94.0,40.7,5.115384615384615,133.0
female,22,151.0,49.0,27.0,107.0,40.7,6.2592592592592595,169.0
female,64,157.0,54.0,12.0,95.0,40.1,5.666666666666667,68.0
male,22,182.0,84.0,13.0,92.0,40.1,3.6153846153846154,47.0
male,26,175.0,74.0,1.0,81.0,37.9,2.0,2.0
male,42,189.0,87.0,24.0,99.0,40.9,5.666666666666667,136.0
male,24,178.0,82.0,12.0,94.0,40.1,3.9166666666666665,47.0
male,51,185.0,94.0,24.0,96.0,40.7,5.791666666666667,139.0
female,52,174.0,69.0,7.0,88.0,39.2,4.571428571428571,32.0
female,64,159.0,58.0,9.0,81.0,39.7,4.111111111111111,37.0
female,39,178.0,73.0,23.0,103.0,40.8,5.826086956521739,134.0
female,38,145.0,49.0,17.0,91.0,40.1,4.823529411764706,82.0
male,35,167.0,67.0,10.0,97.0,39.7,4.6,46.0
male,39,188.0,91.0,9.0,88.0,39.6,4.0,36.0
female,29,158.0,52.0,24.0,110.0,40.5,6.666666666666667,160.0
male,39,180.0,82.0,23.0,105.0,40.7,6.304347826086956,145.0
male,53,195.0,96.0,28.0,106.0,40.7,7.428571428571429,208.0
male,43,190.0,92.0,15.0,97.0,40.3,5.533333333333333,83.0
female,51,167.0,62.0,3.0,87.0,38.7,4.333333333333333,13.0
male,47,183.0,91.0,20.0,94.0,40.5,5.25,105.0
male,45,200.0,102.0,1.0,85.0,37.2,4.0,4.0
male,25,183.0,84.0,1.0,79.0,37.8,2.0,2.0
female,30,177.0,73.0,19.0,88.0,40.5,4.052631578947368,77.0
male,52,189.0,92.0,23.0,97.0,40.7,5.956521739130435,137.0
male,46,189.0,98.0,14.0,100.0,40.3,6.214285714285714,87.0
male,41,194.0,100.0,19.0,102.0,40.4,6.368421052631579,121.0
female,45,157.0,60.0,22.0,106.0,40.9,6.409090909090909,141.0
male,22,180.0,79.0,21.0,95.0,40.6,3.9047619047619047,82.0
male,56,185.0,83.0,28.0,103.0,40.7,6.857142857142857,192.0
male,51,193.0,93.0,28.0,115.0,40.8,8.642857142857142,242.0
male,20,193.0,101.0,13.0,98.0,39.9,4.769230769230769,62.0
female,27,182.0,75.0,5.0,93.0,39.5,4.6,23.0
female,64,163.0,60.0,24.0,103.0,40.4,6.458333333333333,155.0
male,62,195.0,99.0,18.0,97.0,40.3,6.611111111111111,119.0
male,22,184.0,82.0,14.0,87.0,39.9,2.7857142857142856,39.0
male,48,181.0,80.0,27.0,105.0,40.6,6.703703703703703,181.0
female,30,152.0,57.0,23.0,104.0,40.7,6.0,138.0
male,22,181.0,85.0,15.0,96.0,40.1,4.2,63.0
male,63,186.0,87.0,18.0,92.0,40.1,5.611111111111111,101.0
female,48,154.0,60.0,18.0,104.0,40.6,6.277777777777778,113.0
female,37,159.0,62.0,9.0,89.0,39.6,4.444444444444445,40.0
female,26,185.0,76.0,23.0,97.0,40.7,4.913043478260869,113.0
male,62,194.0,101.0,17.0,100.0,40.2,7.0588235294117645,120.0
male,41,201.0,108.0,18.0,95.0,40.4,5.444444444444445,98.0
male,20,168.0,69.0,13.0,98.0,40.1,4.076923076923077,53.0
male,44,175.0,79.0,23.0,103.0,40.7,6.173913043478261,142.0
male,31,196.0,92.0,28.0,105.0,40.8,6.142857142857143,172.0
male,45,204.0,106.0,18.0,94.0,40.4,5.444444444444445,98.0
female,29,159.0,64.0,17.0,97.0,40.2,5.117647058823529,87.0
female,22,171.0,65.0,13.0,93.0,40.3,4.538461538461538,59.0
male,27,185.0,88.0,14.0,103.0,40.0,5.571428571428571,78.0
male,65,169.0,77.0,2.0,76.0,38.4,3.0,6.0
male,32,181.0,87.0,16.0,96.0,40.3,4.75,76.0
female,34,165.0,64.0,12.0,100.0,40.1,5.5,66.0
female,36,173.0,68.0,17.0,97.0,40.2,5.176470588235294,88.0
female,60,157.0,54.0,7.0,87.0,39.7,4.714285714285714,33.0
male,21,194.0,88.0,29.0,114.0,40.9,6.931034482758621,201.0
female,57,174.0,72.0,24.0,107.0,40.6,6.583333333333333,158.0
male,42,186.0,84.0,18.0,91.0,40.1,4.388888888888889,79.0
female,70,155.0,60.0,13.0,95.0,40.1,5.6923076923076925,74.0
male,28,180.0,77.0,2.0,82.0,38.0,2.0,4.0
female,25,162.0,59.0,23.0,97.0,40.5,5.130434782608695,118.0
male,36,181.0,81.0,21.0,104.0,40.5,6.0,126.0
female,63,138.0,46.0,25.0,117.0,40.5,8.12,203.0
male,32,167.0,72.0,9.0,86.0,39.5,2.888888888888889,26.0
male,69,184.0,88.0,15.0,99.0,39.9,7.0,105.0
female,47,157.0,66.0,22.0,96.0,40.4,5.318181818181818,117.0
male,39,191.0,87.0,29.0,111.0,41.2,7.344827586206897,213.0
female,46,165.0,68.0,2.0,85.0,38.3,4.0,8.0
male,55,189.0,88.0,8.0,81.0,39.1,3.625,29.0
female,28,155.0,54.0,11.0,87.0,40.2,4.181818181818182,46.0
female,54,163.0,67.0,2.0,80.0,38.2,3.5,7.0
male,33,179.0,75.0,19.0,95.0,40.3,4.368421052631579,83.0
male,23,180.0,81.0,18.0,94.0,40.6,3.888888888888889,70.0
male,30,206.0,103.0,7.0,91.0,39.1,4.285714285714286,30.0
female,31,154.0,59.0,4.0,73.0,39.1,2.75,11.0
female,33,169.0,64.0,3.0,83.0,38.7,3.6666666666666665,11.0
female,27,156.0,54.0,13.0,98.0,40.2,5.3076923076923075,69.0
male,45,192.0,93.0,18.0,109.0,40.5,7.444444444444445,134.0
male,22,196.0,97.0,19.0,100.0,40.4,5.052631578947368,96.0
male,47,202.0,106.0,3.0,84.0,38.7,4.0,12.0
male,20,195.0,97.0,14.0,101.0,40.4,5.142857142857143,72.0
female,55,165.0,63.0,11.0,89.0,40.0,4.7272727272727275,52.0
female,27,175.0,71.0,22.0,99.0,40.8,5.2272727272727275,115.0
female,28,154.0,52.0,20.0,92.0,40.7,4.75,95.0
male,44,179.0,82.0,6.0,87.0,39.3,3.8333333333333335,23.0
male,28,174.0,76.0,7.0,89.0,39.6,3.2857142857142856,23.0
female,47,171.0,69.0,19.0,100.0,40.4,5.684210526315789,108.0
male,53,189.0,91.0,20.0,103.0,40.5,6.9,138.0
female,35,166.0,63.0,13.0,101.0,39.8,5.6923076923076925,74.0
male,72,178.0,79.0,19.0,108.0,40.1,8.31578947368421,158.0
female,45,168.0,71.0,29.0,113.0,40.9,7.0344827586206895,204.0
male,30,186.0,87.0,28.0,118.0,40.5,7.964285714285714,223.0
male,65,194.0,98.0,28.0,112.0,40.5,8.964285714285714,251.0
female,22,158.0,58.0,8.0,89.0,39.7,4.25,34.0
female,62,177.0,76.0,2.0,80.0,37.8,3.5,7.0
female,71,166.0,71.0,16.0,90.0,40.3,5.0,80.0
female,57,175.0,74.0,15.0,94.0,40.4,5.133333333333334,77.0
female,27,165.0,61.0,14.0,92.0,40.4,4.571428571428571,64.0
female,44,177.0,78.0,26.0,105.0,41.2,6.038461538461538,157.0
female,23,173.0,71.0,5.0,94.0,39.2,4.6,23.0
female,25,166.0,64.0,23.0,98.0,40.5,5.173913043478261,119.0
female,26,170.0,68.0,23.0,105.0,40.7,5.869565217391305,135.0
male,23,190.0,85.0,17.0,98.0,40.2,4.529411764705882,77.0
female,27,155.0,58.0,28.0,114.0,40.7,7.0,196.0
male,22,200.0,104.0,17.0,92.0,40.3,4.0,68.0
male,55,187.0,84.0,3.0,85.0,38.3,4.0,12.0
female,55,167.0,65.0,25.0,105.0,40.5,6.44,161.0
male,34,185.0,79.0,21.0,92.0,40.3,4.0476190476190474,85.0
female,47,149.0,47.0,16.0,99.0,40.2,5.875,94.0
male,41,190.0,90.0,4.0,77.0,39.1,2.25,9.0
male,44,203.0,101.0,8.0,88.0,39.3,4.375,35.0
female,23,148.0,47.0,8.0,87.0,39.5,4.125,33.0
female,35,182.0,78.0,23.0,100.0,40.6,5.3478260869565215,123.0
male,55,178.0,81.0,4.0,90.0,39.0,4.75,19.0
male,65,183.0,87.0,13.0,90.0,40.1,5.384615384615385,70.0
male,32,192.0,90.0,2.0,83.0,38.2,3.0,6.0
female,22,150.0,55.0,8.0,91.0,39.9,4.5,36.0
male,23,179.0,83.0,3.0,91.0,38.6,3.3333333333333335,10.0
female,67,151.0,59.0,27.0,105.0,40.8,6.703703703703703,181.0
male,61,186.0,83.0,3.0,83.0,38.8,4.0,12.0
male,38,201.0,109.0,23.0,108.0,41.2,7.304347826086956,168.0
female,67,163.0,62.0,30.0,108.0,41.0,7.0,210.0
female,35,151.0,51.0,29.0,108.0,40.8,6.586206896551724,191.0
male,53,184.0,88.0,5.0,89.0,39.1,4.8,24.0
female,25,157.0,58.0,1.0,82.0,37.7,4.0,4.0
male,41,188.0,93.0,13.0,91.0,40.2,4.538461538461538,59.0
male,35,171.0,67.0,7.0,94.0,39.4,4.142857142857143,29.0
male,47,185.0,86.0,22.0,98.0,40.6,5.7272727272727275,126.0
female,38,156.0,61.0,23.0,100.0,40.4,5.6521739130434785,130.0
female,45,177.0,76.0,17.0,103.0,40.2,5.882352941176471,100.0
male,20,175.0,71.0,16.0,96.0,40.4,3.8125,61.0
male,52,193.0,98.0,18.0,105.0,40.3,7.277777777777778,131.0
female,54,149.0,49.0,7.0,84.0,39.6,4.428571428571429,31.0
female,52,156.0,54.0,28.0,114.0,40.7,7.5,210.0
female,28,175.0,66.0,30.0,107.0,41.5,6.133333333333334,184.0
female,64,176.0,74.0,6.0,97.0,39.1,5.666666666666667,34.0
female,43,164.0,68.0,30.0,108.0,41.0,6.5,195.0
female,55,166.0,58.0,10.0,90.0,39.7,4.9,49.0
female,59,163.0,64.0,10.0,96.0,39.4,5.5,55.0
male,37,195.0,93.0,19.0,91.0,40.5,4.368421052631579,83.0
male,66,189.0,88.0,8.0,85.0,39.8,4.75,38.0
female,20,163.0,61.0,2.0,86.0,38.4,4.0,8.0
female,34,171.0,62.0,25.0,112.0,40.7,6.84,171.0
male,35,193.0,91.0,23.0,106.0,40.8,6.478260869565218,149.0
female,74,163.0,64.0,5.0,82.0,38.8,4.4,22.0
male,54,168.0,72.0,27.0,113.0,41.3,8.037037037037036,217.0
female,20,158.0,56.0,21.0,105.0,40.1,5.9523809523809526,125.0
male,61,184.0,91.0,26.0,105.0,40.7,7.576923076923077,197.0
male,60,181.0,87.0,28.0,106.0,41.0,7.571428571428571,212.0
male,31,185.0,80.0,11.0,92.0,40.2,3.909090909090909,43.0
female,75,182.0,82.0,22.0,99.0,40.5,5.909090909090909,130.0
female,37,161.0,62.0,23.0,102.0,40.7,5.826086956521739,134.0
male,62,181.0,83.0,28.0,112.0,41.0,8.5,238.0
male,79,189.0,94.0,23.0,100.0,40.6,7.739130434782608,178.0
male,40,184.0,92.0,11.0,95.0,40.0,5.090909090909091,56.0
female,37,164.0,61.0,22.0,98.0,40.5,5.409090909090909,119.0
male,67,180.0,83.0,22.0,101.0,40.8,7.090909090909091,156.0
female,41,172.0,67.0,1.0,77.0,38.5,3.0,3.0
male,62,185.0,84.0,12.0,93.0,39.9,5.666666666666667,68.0
female,20,147.0,47.0,12.0,97.0,39.9,5.166666666666667,62.0
female,60,159.0,53.0,6.0,87.0,39.5,4.833333333333333,29.0
male,32,196.0,99.0,1.0,79.0,37.5,2.0,2.0
female,36,157.0,60.0,11.0,89.0,40.2,4.454545454545454,49.0
male,31,180.0,80.0,14.0,90.0,40.3,3.642857142857143,51.0
male,45,175.0,79.0,27.0,104.0,40.6,6.407407407407407,173.0
male,44,181.0,78.0,13.0,102.0,40.1,6.0,78.0
female,69,172.0,71.0,26.0,98.0,40.7,5.846153846153846,152.0
male,30,183.0,83.0,30.0,97.0,41.3,4.7,141.0
male,26,178.0,80.0,19.0,95.0,40.4,4.157894736842105,79.0
male,57,184.0,85.0,14.0,91.0,40.3,5.142857142857143,72.0
male,20,183.0,84.0,15.0,92.0,40.3,3.466666666666667,52.0
male,62,189.0,98.0,26.0,109.0,41.0,8.384615384615385,218.0
female,49,177.0,72.0,30.0,116.0,40.9,7.4,222.0
female,24,165.0,70.0,28.0,118.0,40.8,7.214285714285714,202.0
female,28,161.0,56.0,28.0,111.0,40.9,6.714285714285714,188.0
female,37,156.0,58.0,8.0,92.0,39.8,4.875,39.0
male,50,193.0,92.0,13.0,93.0,39.7,5.230769230769231,68.0
male,23,173.0,77.0,16.0,102.0,40.1,5.0,80.0
male,44,170.0,71.0,8.0,77.0,39.7,2.125,17.0
female,52,161.0,64.0,16.0,86.0,40.3,4.375,70.0
female,73,171.0,75.0,29.0,104.0,41.1,6.517241379310345,189.0
female,21,155.0,50.0,13.0,98.0,40.2,5.3076923076923075,69.0
male,20,198.0,104.0,30.0,106.0,40.8,6.033333333333333,181.0
female,27,169.0,69.0,2.0,80.0,38.6,3.0,6.0
male,74,212.0,115.0,23.0,109.0,40.5,9.304347826086957,214.0
male,22,195.0,97.0,2.0,84.0,38.2,2.5,5.0
male,26,180.0,76.0,11.0,90.0,40.1,3.272727272727273,36.0
male,44,186.0,86.0,26.0,100.0,40.5,5.884615384615385,153.0
female,40,172.0,64.0,27.0,101.0,40.5,5.7407407407407405,155.0
female,55,167.0,66.0,14.0,87.0,40.0,4.5,63.0
female,48,175.0,69.0,21.0,101.0,40.3,5.809523809523809,122.0
female,41,175.0,78.0,28.0,101.0,40.7,5.571428571428571,156.0
female,69,172.0,67.0,13.0,94.0,40.0,5.461538461538462,71.0
female,34,163.0,63.0,22.0,104.0,40.7,5.954545454545454,131.0
female,36,181.0,80.0,18.0,98.0,40.3,5.111111111111111,92.0
female,42,160.0,60.0,29.0,109.0,40.9,6.689655172413793,194.0
male,79,190.0,99.0,24.0,104.0,40.5,8.458333333333334,203.0
female,20,143.0,47.0,3.0,79.0,38.4,3.3333333333333335,10.0
female,27,166.0,62.0,11.0,95.0,39.7,4.909090909090909,54.0
male,30,184.0,79.0,12.0,95.0,40.1,4.333333333333333,52.0
male,75,197.0,103.0,6.0,91.0,39.1,6.333333333333333,38.0
female,58,192.0,83.0,18.0,101.0,40.8,5.833333333333333,105.0
male,27,197.0,92.0,3.0,85.0,38.6,3.0,9.0
female,23,148.0,46.0,24.0,104.0,40.8,6.0,144.0
male,59,185.0,96.0,29.0,113.0,40.9,8.793103448275861,255.0
male,60,184.0,86.0,27.0,105.0,41.0,7.407407407407407,200.0
male,58,198.0,96.0,12.0,92.0,39.7,5.583333333333333,67.0
female,39,179.0,74.0,16.0,98.0,40.4,5.25,84.0
male,23,184.0,82.0,17.0,87.0,40.4,2.823529411764706,48.0
female,57,167.0,63.0,28.0,103.0,40.8,6.285714285714286,176.0
male,60,170.0,76.0,10.0,81.0,39.2,3.6,36.0
female,32,161.0,63.0,17.0,99.0,40.3,5.411764705882353,92.0
female,74,171.0,71.0,22.0,102.0,40.8,6.363636363636363,140.0
female,51,172.0,73.0,3.0,77.0,38.8,3.3333333333333335,10.0
female,20,152.0,53.0,3.0,76.0,38.3,3.0,9.0
male,34,182.0,86.0,25.0,101.0,41.3,5.56,139.0
male,72,191.0,97.0,29.0,116.0,41.0,9.89655172413793,287.0
female,63,172.0,66.0,26.0,104.0,41.1,6.461538461538462,168.0
male,46,181.0,87.0,27.0,106.0,40.8,6.925925925925926,187.0
male,33,183.0,81.0,20.0,90.0,40.3,3.75,75.0
female,78,167.0,67.0,3.0,84.0,38.3,4.666666666666667,14.0
male,78,184.0,92.0,24.0,97.0,40.8,7.208333333333333,173.0
male,35,171.0,78.0,8.0,86.0,39.7,3.125,25.0
female,28,183.0,78.0,17.0,107.0,40.1,6.0,102.0
male,71,185.0,92.0,29.0,113.0,40.6,9.275862068965518,269.0
male,68,175.0,74.0,8.0,81.0,39.4,3.875,31.0
male,30,186.0,85.0,14.0,98.0,39.9,4.857142857142857,68.0
male,47,193.0,99.0,17.0,92.0,40.4,5.117647058823529,87.0
female,41,159.0,60.0,13.0,95.0,40.1,5.153846153846154,67.0
female,32,173.0,68.0,4.0,84.0,39.2,3.75,15.0
male,39,170.0,75.0,22.0,91.0,40.8,4.045454545454546,89.0
male,69,174.0,83.0,24.0,108.0,40.8,8.25,198.0
female,47,161.0,67.0,25.0,103.0,40.5,6.04,151.0
male,61,165.0,79.0,9.0,88.0,39.5,4.777777777777778,43.0
male,68,205.0,106.0,23.0,107.0,40.5,8.521739130434783,196.0
female,25,160.0,55.0,21.0,93.0,40.5,4.761904761904762,100.0
male,29,176.0,75.0,10.0,83.0,39.7,2.4,24.0
female,20,170.0,67.0,4.0,91.0,39.0,4.25,17.0
male,20,183.0,81.0,17.0,97.0,40.5,4.176470588235294,71.0
female,77,179.0,74.0,29.0,106.0,40.9,6.793103448275862,197.0
male,58,183.0,89.0,27.0,108.0,40.8,7.851851851851852,212.0
female,58,144.0,42.0,12.0,96.0,40.1,5.833333333333333,70.0
male,24,191.0,90.0,30.0,113.0,40.8,6.966666666666667,209.0
male,24,180.0,83.0,10.0,89.0,40.0,3.2,32.0
male,74,182.0,88.0,14.0,88.0,40.0,5.571428571428571,78.0
female,26,177.0,70.0,26.0,109.0,40.8,6.269230769230769,163.0
female,25,162.0,60.0,4.0,84.0,38.9,3.75,15.0
female,73,162.0,66.0,28.0,96.0,40.6,5.785714285714286,162.0
female,31,155.0,56.0,25.0,111.0,40.8,6.76,169.0
female,55,155.0,59.0,4.0,82.0,38.7,4.0,16.0
male,22,203.0,106.0,11.0,98.0,39.5,5.0,55.0
female,75,173.0,69.0,15.0,92.0,40.0,5.333333333333333,80.0
male,52,189.0,93.0,24.0,111.0,40.7,8.083333333333334,194.0
male,78,176.0,79.0,8.0,91.0,39.5,6.0,48.0
male,28,175.0,72.0,11.0,91.0,39.8,3.4545454545454546,38.0
male,27,184.0,87.0,3.0,81.0,38.6,2.3333333333333335,7.0
male,50,189.0,93.0,3.0,86.0,38.8,4.333333333333333,13.0
male,50,188.0,95.0,25.0,109.0,40.9,7.72,193.0
female,38,174.0,73.0,17.0,100.0,40.3,5.470588235294118,93.0
female,70,163.0,62.0,23.0,93.0,40.2,5.434782608695652,125.0
female,67,174.0,74.0,14.0,98.0,40.1,5.785714285714286,81.0
male,41,195.0,101.0,19.0,113.0,40.8,8.052631578947368,153.0
male,39,189.0,89.0,6.0,89.0,39.1,4.0,24.0
female,29,179.0,71.0,20.0,99.0,40.6,5.25,105.0
male,40,177.0,83.0,22.0,99.0,40.5,5.5,121.0
male,33,197.0,93.0,9.0,85.0,39.6,3.2222222222222223,29.0
female,42,156.0,53.0,11.0,87.0,39.7,4.454545454545454,49.0
female,33,169.0,70.0,24.0,98.0,40.7,5.208333333333333,125.0
male,21,173.0,71.0,28.0,111.0,40.9,6.107142857142857,171.0
female,31,170.0,70.0,30.0,100.0,41.0,5.4,162.0
female,35,152.0,51.0,29.0,119.0,40.9,7.758620689655173,225.0
female,76,171.0,74.0,13.0,100.0,40.1,6.153846153846154,80.0
female,31,160.0,62.0,13.0,92.0,40.1,4.6923076923076925,61.0
female,49,173.0,69.0,23.0,113.0,40.5,7.130434782608695,164.0
female,53,147.0,49.0,18.0,101.0,40.2,6.166666666666667,111.0
female,31,174.0,70.0,7.0,88.0,39.5,4.142857142857143,29.0
female,30,161.0,64.0,26.0,99.0,40.7,5.346153846153846,139.0
male,27,185.0,80.0,1.0,80.0,37.9,2.0,2.0
male,67,160.0,66.0,9.0,92.0,40.1,5.333333333333333,48.0
male,49,194.0,101.0,16.0,103.0,40.4,6.875,110.0
male,22,179.0,83.0,4.0,90.0,38.8,3.25,13.0
male,20,179.0,80.0,6.0,84.0,39.0,2.1666666666666665,13.0
female,27,150.0,57.0,29.0,99.0,40.9,5.413793103448276,157.0
male,25,169.0,69.0,19.0,93.0,40.4,3.526315789473684,67.0
male,49,183.0,86.0,18.0,97.0,40.1,5.666666666666667,102.0
female,26,163.0,62.0,15.0,97.0,40.2,5.133333333333334,77.0
female,31,169.0,72.0,9.0,89.0,39.7,4.222222222222222,38.0
male,48,173.0,74.0,15.0,90.0,40.2,4.333333333333333,65.0
female,22,183.0,77.0,27.0,106.0,41.2,5.777777777777778,156.0
female,27,158.0,54.0,23.0,109.0,40.8,6.521739130434782,150.0
male,23,192.0,91.0,14.0,84.0,40.2,2.5714285714285716,36.0
male,22,172.0,69.0,5.0,91.0,38.9,3.2,16.0
male,69,195.0,93.0,3.0,91.0,38.6,6.0,18.0
male,47,189.0,89.0,19.0,99.0,40.4,5.947368421052632,113.0
male,20,172.0,75.0,10.0,88.0,39.7,2.7,27.0
male,44,196.0,102.0,30.0,101.0,41.1,6.4,192.0
male,23,183.0,80.0,17.0,97.0,40.1,4.294117647058823,73.0
female,59,156.0,58.0,19.0,91.0,40.3,5.105263157894737,97.0
female,73,167.0,69.0,19.0,97.0,40.0,5.842105263157895,111.0
male,44,214.0,113.0,3.0,85.0,38.9,4.333333333333333,13.0
male,21,169.0,69.0,21.0,107.0,40.9,5.476190476190476,115.0
male,25,176.0,83.0,17.0,87.0,40.8,2.9411764705882355,50.0
female,29,161.0,59.0,9.0,91.0,39.7,4.555555555555555,41.0
male,38,186.0,81.0,2.0,84.0,38.0,3.0,6.0
female,75,161.0,63.0,25.0,105.0,40.5,6.8,170.0
male,71,189.0,97.0,9.0,86.0,39.9,5.333333333333333,48.0
female,63,165.0,65.0,26.0,105.0,40.6,6.576923076923077,171.0
female,22,184.0,81.0,5.0,82.0,39.4,3.2,16.0
male,36,169.0,70.0,10.0,86.0,39.7,3.0,30.0
male,21,181.0,76.0,17.0,100.0,39.9,4.588235294117647,78.0
male,69,188.0,98.0,24.0,112.0,40.7,9.166666666666666,220.0
female,30,150.0,54.0,7.0,88.0,39.3,4.285714285714286,30.0
female,47,166.0,64.0,27.0,114.0,40.8,7.2592592592592595,196.0
male,38,206.0,111.0,24.0,109.0,40.7,7.5,180.0
female,43,173.0,67.0,5.0,82.0,39.2,3.8,19.0
female,57,171.0,74.0,2.0,73.0,38.6,3.0,6.0
female,78,193.0,96.0,17.0,92.0,40.3,5.0,85.0
female,27,157.0,53.0,10.0,92.0,40.0,4.7,47.0
male,35,187.0,91.0,15.0,95.0,40.3,4.8,72.0
female,62,167.0,67.0,28.0,113.0,40.7,7.392857142857143,207.0
male,77,173.0,71.0,21.0,105.0,40.5,7.904761904761905,166.0
female,27,157.0,54.0,17.0,95.0,40.3,5.0,85.0
male,60,181.0,92.0,3.0,88.0,38.8,5.0,15.0
female,63,172.0,69.0,24.0,101.0,40.7,6.083333333333333,146.0
female,66,156.0,52.0,21.0,97.0,40.8,5.9523809523809526,125.0
male,38,174.0,74.0,28.0,102.0,40.9,5.642857142857143,158.0
female,30,146.0,49.0,18.0,100.0,40.4,5.666666666666667,102.0
female,50,151.0,51.0,2.0,79.0,38.4,4.0,8.0
male,45,181.0,82.0,14.0,86.0,40.1,3.7142857142857144,52.0
male,20,196.0,92.0,10.0,88.0,39.8,3.1,31.0
female,26,158.0,58.0,23.0,105.0,40.3,6.0,138.0
female,36,184.0,73.0,23.0,107.0,40.8,6.173913043478261,142.0
female,56,177.0,76.0,11.0,86.0,39.6,4.2727272727272725,47.0
female,27,184.0,72.0,22.0,98.0,41.0,5.090909090909091,112.0
female,59,168.0,63.0,4.0,92.0,39.0,5.25,21.0
female,32,173.0,63.0,2.0,84.0,38.3,4.0,8.0
female,60,166.0,64.0,2.0,87.0,38.0,4.5,9.0
male,49,200.0,96.0,26.0,97.0,40.5,5.884615384615385,153.0
male,62,196.0,97.0,4.0,82.0,39.0,4.25,17.0
male,72,203.0,106.0,24.0,94.0,40.7,6.75,162.0
female,26,157.0,62.0,17.0,88.0,40.3,4.117647058823529,70.0
male,28,185.0,86.0,22.0,111.0,40.4,6.7727272727272725,149.0
male,43,178.0,82.0,16.0,101.0,39.9,5.875,94.0
female,57,158.0,55.0,9.0,103.0,39.9,6.333333333333333,57.0
male,31,179.0,80.0,28.0,112.0,40.9,6.928571428571429,194.0
female,63,160.0,63.0,8.0,90.0,39.3,5.0,40.0
male,58,180.0,86.0,12.0,92.0,40.3,5.333333333333333,64.0
female,59,166.0,68.0,14.0,89.0,40.3,4.714285714285714,66.0
male,56,182.0,85.0,6.0,96.0,39.2,5.833333333333333,35.0
male,51,182.0,81.0,28.0,106.0,40.9,7.035714285714286,197.0
male,67,193.0,93.0,7.0,71.0,39.4,2.7142857142857144,19.0
female,26,175.0,76.0,22.0,105.0,40.6,5.7727272727272725,127.0
female,75,158.0,64.0,13.0,86.0,40.0,4.769230769230769,62.0
male,55,186.0,89.0,10.0,83.0,39.5,3.9,39.0
female,40,159.0,63.0,12.0,93.0,40.2,4.916666666666667,59.0
female,37,171.0,67.0,21.0,101.0,40.7,5.666666666666667,119.0
male,66,183.0,84.0,29.0,108.0,40.9,8.10344827586207,235.0
male,23,180.0,78.0,6.0,83.0,39.5,2.1666666666666665,13.0
female,28,175.0,70.0,11.0,97.0,39.9,5.0,55.0
male,51,181.0,85.0,30.0,101.0,40.6,6.366666666666666,191.0
male,73,188.0,93.0,29.0,111.0,40.9,9.10344827586207,264.0
female,39,155.0,54.0,29.0,114.0,41.0,7.241379310344827,210.0
female,58,167.0,66.0,25.0,106.0,40.5,6.56,164.0
male,65,190.0,95.0,9.0,88.0,39.8,5.333333333333333,48.0
female,71,171.0,70.0,10.0,96.0,39.3,5.7,57.0
female,49,172.0,66.0,20.0,111.0,40.1,6.95,139.0
female,53,166.0,64.0,9.0,87.0,39.5,4.444444444444445,40.0
male,35,185.0,88.0,30.0,110.0,40.7,7.0,210.0
female,24,144.0,46.0,8.0,90.0,39.4,4.5,36.0
male,20,187.0,88.0,6.0,87.0,39.1,2.8333333333333335,17.0
female,39,165.0,59.0,28.0,114.0,40.9,7.178571428571429,201.0
male,24,174.0,80.0,12.0,99.0,40.1,4.666666666666667,56.0
male,28,185.0,80.0,12.0,91.0,40.2,3.6666666666666665,44.0
female,46,164.0,62.0,13.0,94.0,39.9,5.153846153846154,67.0
male,32,179.0,84.0,24.0,116.0,40.7,7.666666666666667,184.0
female,46,151.0,57.0,11.0,97.0,39.9,5.545454545454546,61.0
female,43,171.0,69.0,12.0,89.0,39.8,4.416666666666667,53.0
male,25,191.0,84.0,28.0,107.0,40.8,6.0,168.0
male,50,186.0,93.0,17.0,99.0,40.5,6.176470588235294,105.0
male,67,183.0,84.0,29.0,105.0,41.0,7.724137931034483,224.0
male,22,180.0,80.0,6.0,91.0,39.4,3.3333333333333335,20.0
female,71,172.0,71.0,17.0,109.0,40.6,7.0588235294117645,120.0
female,20,166.0,66.0,14.0,94.0,40.2,4.642857142857143,65.0
male,76,189.0,99.0,18.0,93.0,40.0,6.666666666666667,120.0
male,52,199.0,94.0,15.0,99.0,39.9,6.266666666666667,94.0
male,77,199.0,106.0,28.0,113.0,41.0,9.857142857142858,276.0
female,58,163.0,61.0,4.0,80.0,38.8,3.75,15.0
female,63,160.0,57.0,8.0,90.0,39.4,5.125,41.0
female,73,164.0,68.0,17.0,92.0,40.2,5.294117647058823,90.0
male,33,198.0,104.0,26.0,103.0,40.9,6.1923076923076925,161.0
female,61,171.0,66.0,8.0,85.0,39.5,4.375,35.0
male,44,200.0,106.0,15.0,92.0,40.5,5.133333333333334,77.0
male,57,188.0,92.0,7.0,92.0,39.4,5.428571428571429,38.0
male,34,181.0,80.0,16.0,82.0,40.0,2.5625,41.0
male,54,184.0,84.0,13.0,89.0,40.2,4.6923076923076925,61.0
male,22,189.0,80.0,5.0,86.0,39.3,2.6,13.0
male,76,176.0,80.0,18.0,99.0,40.6,7.166666666666667,129.0
female,54,181.0,85.0,21.0,101.0,40.4,5.714285714285714,120.0
male,73,194.0,95.0,5.0,96.0,39.2,6.8,34.0
female,24,170.0,67.0,8.0,95.0,39.4,4.75,38.0
male,56,181.0,84.0,15.0,86.0,39.9,4.333333333333333,65.0
female,34,169.0,62.0,4.0,78.0,38.9,3.25,13.0
male,33,183.0,85.0,18.0,99.0,40.5,5.166666666666667,93.0
female,76,144.0,47.0,4.0,88.0,38.9,5.25,21.0
female,38,178.0,77.0,14.0,82.0,40.5,3.5,49.0
male,22,188.0,87.0,9.0,86.0,39.9,2.7777777777777777,25.0
female,77,170.0,75.0,7.0,87.0,39.8,4.714285714285714,33.0
male,49,183.0,89.0,25.0,111.0,40.8,7.84,196.0
male,31,172.0,74.0,30.0,115.0,40.8,7.266666666666667,218.0
male,46,187.0,83.0,19.0,100.0,40.5,5.894736842105263,112.0
male,25,176.0,75.0,21.0,102.0,40.4,5.0476190476190474,106.0
male,26,184.0,83.0,10.0,84.0,39.7,2.5,25.0
male,65,192.0,91.0,23.0,108.0,40.7,8.217391304347826,189.0
female,39,163.0,66.0,23.0,98.0,41.0,5.391304347826087,124.0
female,39,163.0,59.0,5.0,82.0,39.1,3.8,19.0
male,47,182.0,86.0,30.0,114.0,40.7,8.133333333333333,244.0
female,58,165.0,68.0,6.0,88.0,39.4,4.666666666666667,28.0
male,51,195.0,93.0,21.0,99.0,40.4,6.238095238095238,131.0
female,56,165.0,70.0,18.0,98.0,40.4,5.611111111111111,101.0
female,39,169.0,67.0,27.0,104.0,41.1,6.0,162.0
male,27,167.0,67.0,14.0,91.0,40.1,3.2857142857142856,46.0
male,73,170.0,78.0,25.0,101.0,41.4,7.28,182.0
male,34,181.0,87.0,27.0,102.0,40.7,5.7407407407407405,155.0
female,70,173.0,70.0,19.0,94.0,40.7,5.473684210526316,104.0
male,29,174.0,73.0,16.0,96.0,40.5,4.3125,69.0
male,56,180.0,85.0,19.0,107.0,40.5,7.526315789473684,143.0
female,69,174.0,69.0,2.0,80.0,38.1,4.0,8.0
male,55,195.0,102.0,8.0,85.0,39.5,4.5,36.0
female,47,169.0,67.0,26.0,108.0,40.8,6.576923076923077,171.0
female,70,147.0,46.0,10.0,93.0,39.8,5.7,57.0
female,32,180.0,71.0,1.0,77.0,37.7,3.0,3.0
female,72,165.0,66.0,3.0,85.0,39.1,4.666666666666667,14.0
male,41,176.0,81.0,12.0,85.0,40.3,3.3333333333333335,40.0
female,28,164.0,61.0,14.0,107.0,39.9,6.214285714285714,87.0
male,32,187.0,85.0,11.0,87.0,39.9,3.3636363636363638,37.0
male,34,196.0,101.0,8.0,88.0,39.5,3.875,31.0
male,56,201.0,105.0,11.0,94.0,39.7,6.0,66.0
male,42,172.0,71.0,13.0,93.0,40.6,4.384615384615385,57.0
male,69,180.0,86.0,7.0,89.0,39.4,5.428571428571429,38.0
female,21,167.0,63.0,29.0,115.0,41.0,6.931034482758621,201.0
female,51,164.0,68.0,21.0,97.0,40.7,5.476190476190476,115.0
male,50,169.0,75.0,20.0,106.0,40.7,6.85,137.0
female,34,135.0,41.0,14.0,92.0,40.2,5.0,70.0
female,27,161.0,63.0,10.0,97.0,39.9,5.1,51.0
female,43,161.0,59.0,4.0,75.0,39.7,3.0,12.0
female,67,161.0,63.0,13.0,82.0,39.9,4.230769230769231,55.0
male,50,182.0,86.0,17.0,101.0,40.3,6.352941176470588,108.0
male,22,187.0,90.0,4.0,84.0,38.9,2.5,10.0
male,66,176.0,82.0,27.0,110.0,40.8,8.37037037037037,226.0
male,27,184.0,84.0,16.0,101.0,40.3,5.1875,83.0
female,66,156.0,60.0,12.0,85.0,40.2,4.583333333333333,55.0
female,56,176.0,70.0,8.0,86.0,39.5,4.375,35.0
female,58,163.0,64.0,6.0,90.0,39.1,4.833333333333333,29.0
male,57,173.0,77.0,8.0,79.0,39.7,3.125,25.0
male,59,177.0,85.0,17.0,91.0,40.3,5.235294117647059,89.0
female,40,172.0,71.0,26.0,105.0,40.9,6.076923076923077,158.0
female,52,169.0,71.0,19.0,100.0,40.5,5.7368421052631575,109.0
female,53,165.0,70.0,21.0,89.0,40.4,4.619047619047619,97.0
female,20,166.0,58.0,14.0,90.0,40.2,4.285714285714286,60.0
male,23,202.0,107.0,5.0,83.0,39.0,2.8,14.0
female,32,154.0,56.0,6.0,81.0,39.3,3.5,21.0
female,72,164.0,65.0,12.0,104.0,40.1,6.583333333333333,79.0
female,62,145.0,50.0,3.0,82.0,38.6,4.333333333333333,13.0
male,25,190.0,90.0,15.0,87.0,40.2,3.066666666666667,46.0
female,63,157.0,61.0,16.0,92.0,40.6,5.25,84.0
male,31,182.0,87.0,27.0,115.0,41.0,7.555555555555555,204.0
female,72,169.0,64.0,27.0,113.0,40.8,7.592592592592593,205.0
female,66,153.0,60.0,28.0,108.0,40.8,7.0,196.0
female,37,154.0,57.0,25.0,100.0,40.7,5.68,142.0
female,25,169.0,64.0,22.0,107.0,40.4,6.136363636363637,135.0
male,25,173.0,77.0,9.0,94.0,39.4,3.888888888888889,35.0
male,32,183.0,83.0,21.0,97.0,40.4,4.809523809523809,101.0
male,41,186.0,89.0,25.0,107.0,40.7,6.88,172.0
male,49,185.0,85.0,18.0,99.0,40.2,5.944444444444445,107.0
male,64,192.0,96.0,16.0,96.0,40.4,6.4375,103.0
female,30,150.0,49.0,18.0,99.0,40.8,5.555555555555555,100.0
female,51,159.0,57.0,13.0,93.0,39.9,5.153846153846154,67.0
male,68,169.0,69.0,11.0,94.0,39.8,5.818181818181818,64.0
male,34,190.0,88.0,18.0,93.0,40.5,4.388888888888889,79.0
female,24,158.0,56.0,26.0,100.0,40.9,5.461538461538462,142.0
male,24,193.0,84.0,21.0,100.0,40.1,4.904761904761905,103.0
female,57,167.0,65.0,27.0,107.0,41.1,6.666666666666667,180.0
female,21,164.0,62.0,27.0,106.0,40.6,5.962962962962963,161.0
female,22,154.0,55.0,24.0,100.0,40.2,5.458333333333333,131.0
female,20,160.0,53.0,20.0,97.0,40.5,5.1,102.0
female,65,178.0,68.0,6.0,83.0,39.3,4.166666666666667,25.0
female,38,165.0,58.0,12.0,92.0,39.5,4.833333333333333,58.0
female,73,153.0,56.0,9.0,84.0,39.7,4.666666666666667,42.0
female,24,148.0,50.0,15.0,98.0,40.3,5.333333333333333,80.0
female,58,164.0,63.0,19.0,97.0,40.3,5.631578947368421,107.0
male,33,196.0,92.0,15.0,98.0,40.0,5.2,78.0
male,75,190.0,96.0,28.0,102.0,41.0,7.892857142857143,221.0
female,22,167.0,60.0,20.0,98.0,40.4,5.15,103.0
male,35,177.0,75.0,25.0,105.0,40.5,5.96,149.0
female,59,165.0,64.0,26.0,101.0,40.7,6.076923076923077,158.0
male,32,193.0,98.0,28.0,112.0,40.6,7.392857142857143,207.0
male,72,186.0,85.0,8.0,83.0,39.3,4.625,37.0
female,53,171.0,69.0,25.0,109.0,40.6,6.76,169.0
female,46,158.0,59.0,6.0,88.0,39.2,4.5,27.0
female,64,156.0,56.0,5.0,81.0,38.9,4.2,21.0
female,69,171.0,73.0,15.0,102.0,40.4,6.266666666666667,94.0
female,30,176.0,74.0,25.0,108.0,40.6,6.2,155.0
male,63,191.0,94.0,5.0,87.0,39.1,5.0,25.0
male,36,163.0,67.0,17.0,91.0,40.5,3.764705882352941,64.0
female,29,141.0,48.0,13.0,82.0,39.7,3.769230769230769,49.0
male,55,179.0,85.0,23.0,108.0,40.6,7.608695652173913,175.0
female,38,154.0,62.0,29.0,105.0,40.9,6.172413793103448,179.0
male,28,195.0,94.0,17.0,100.0,40.5,5.294117647058823,90.0
male,69,180.0,86.0,28.0,112.0,40.9,8.892857142857142,249.0
male,69,170.0,76.0,4.0,84.0,38.8,4.5,18.0
male,29,181.0,83.0,20.0,109.0,40.7,6.45,129.0
male,49,170.0,70.0,4.0,87.0,39.1,3.75,15.0
male,57,195.0,93.0,24.0,106.0,40.7,7.583333333333333,182.0
male,56,169.0,75.0,21.0,95.0,40.6,5.476190476190476,115.0
male,20,186.0,82.0,14.0,89.0,40.5,3.0,42.0
female,31,152.0,54.0,16.0,92.0,39.8,4.75,76.0
male,43,170.0,73.0,28.0,106.0,40.9,6.464285714285714,181.0
male,57,187.0,94.0,5.0,86.0,39.5,4.6,23.0
female,39,164.0,65.0,5.0,84.0,39.2,3.8,19.0
male,46,186.0,93.0,21.0,96.0,41.1,5.523809523809524,116.0
male,55,194.0,100.0,11.0,92.0,39.4,5.545454545454546,61.0
male,44,174.0,76.0,12.0,95.0,40.2,4.916666666666667,59.0
female,46,162.0,66.0,7.0,92.0,39.4,4.857142857142857,34.0
female,48,147.0,54.0,9.0,85.0,39.8,4.333333333333333,39.0
female,59,163.0,61.0,25.0,103.0,41.0,6.32,158.0
male,26,189.0,91.0,30.0,108.0,40.7,6.333333333333333,190.0
male,30,177.0,82.0,28.0,107.0,40.7,6.178571428571429,173.0
male,74,176.0,81.0,12.0,93.0,40.2,6.166666666666667,74.0
female,36,177.0,76.0,1.0,74.0,37.8,3.0,3.0
male,51,190.0,96.0,5.0,77.0,39.0,3.0,15.0
male,24,193.0,90.0,29.0,104.0,40.9,5.620689655172414,163.0
male,30,187.0,91.0,18.0,96.0,40.1,4.722222222222222,85.0
female,23,167.0,69.0,23.0,100.0,40.8,5.260869565217392,121.0
female,57,172.0,68.0,19.0,104.0,40.4,6.315789473684211,120.0
female,25,155.0,56.0,16.0,95.0,40.9,4.9375,79.0
female,53,160.0,60.0,3.0,82.0,38.7,4.0,12.0
male,25,181.0,78.0,20.0,106.0,40.6,5.7,114.0
female,32,157.0,53.0,10.0,92.0,40.0,4.8,48.0
male,53,171.0,81.0,8.0,96.0,39.2,5.625,45.0
male,38,196.0,100.0,29.0,111.0,40.6,7.551724137931035,219.0
male,39,192.0,91.0,10.0,89.0,40.2,4.1,41.0
male,65,179.0,77.0,8.0,92.0,39.5,5.5,44.0
female,36,154.0,52.0,21.0,100.0,40.5,5.714285714285714,120.0
male,20,168.0,67.0,15.0,101.0,40.2,4.466666666666667,67.0
male,36,179.0,82.0,25.0,103.0,40.6,5.88,147.0
female,41,184.0,83.0,28.0,102.0,40.9,5.607142857142857,157.0
male,70,175.0,83.0,27.0,106.0,40.6,8.0,216.0
female,22,154.0,53.0,22.0,106.0,40.5,6.136363636363637,135.0
male,33,186.0,83.0,24.0,116.0,40.3,7.708333333333333,185.0
female,36,166.0,67.0,10.0,94.0,40.0,4.9,49.0
male,76,189.0,99.0,12.0,96.0,40.2,7.083333333333333,85.0
female,78,168.0,71.0,12.0,96.0,39.7,5.75,69.0
female,20,165.0,63.0,23.0,111.0,40.7,6.478260869565218,149.0
female,28,165.0,59.0,11.0,91.0,39.8,4.545454545454546,50.0
male,37,170.0,66.0,15.0,103.0,39.9,5.6,84.0
female,69,172.0,73.0,19.0,103.0,40.2,6.368421052631579,121.0
male,52,180.0,82.0,14.0,95.0,40.2,5.428571428571429,76.0
male,22,182.0,84.0,29.0,114.0,41.0,6.896551724137931,200.0
female,38,156.0,56.0,7.0,83.0,39.2,3.857142857142857,27.0
female,63,161.0,64.0,4.0,88.0,39.0,4.75,19.0
female,22,177.0,70.0,22.0,109.0,40.6,6.181818181818182,136.0
male,28,197.0,98.0,28.0,108.0,40.3,6.571428571428571,184.0
female,46,184.0,79.0,17.0,97.0,40.1,5.235294117647059,89.0
female,33,166.0,62.0,6.0,90.0,39.3,4.5,27.0
female,20,173.0,69.0,1.0,84.0,37.9,4.0,4.0
male,20,196.0,92.0,13.0,91.0,39.8,3.5384615384615383,46.0
female,32,157.0,54.0,18.0,93.0,40.4,4.888888888888889,88.0
male,66,182.0,86.0,9.0,91.0,39.5,5.555555555555555,50.0
male,37,187.0,85.0,26.0,103.0,40.5,6.0,156.0
male,37,213.0,110.0,29.0,112.0,40.9,7.862068965517241,228.0
female,46,166.0,63.0,2.0,77.0,38.2,3.5,7.0
male,60,196.0,96.0,12.0,97.0,39.9,6.416666666666667,77.0
female,44,173.0,71.0,14.0,94.0,40.3,5.0,70.0
female,36,173.0,70.0,4.0,93.0,38.8,4.75,19.0
female,44,180.0,77.0,8.0,91.0,39.0,4.625,37.0
male,38,201.0,104.0,21.0,101.0,40.6,6.142857142857143,129.0
female,47,171.0,75.0,20.0,91.0,40.6,4.65,93.0
male,52,194.0,100.0,2.0,80.0,38.2,3.5,7.0
male,35,186.0,83.0,19.0,100.0,40.6,5.368421052631579,102.0
female,42,163.0,60.0,3.0,83.0,38.5,4.0,12.0
female,35,165.0,61.0,20.0,99.0,40.3,5.5,110.0
female,62,155.0,54.0,19.0,94.0,40.3,5.526315789473684,105.0
male,30,183.0,81.0,10.0,88.0,40.1,3.3,33.0
male,50,185.0,88.0,11.0,85.0,40.1,4.0,44.0
female,39,166.0,68.0,15.0,101.0,40.1,5.666666666666667,85.0
female,36,172.0,73.0,10.0,92.0,39.9,4.6,46.0
male,22,176.0,75.0,26.0,106.0,40.6,5.5,143.0
male,56,192.0,97.0,20.0,109.0,40.5,8.05,161.0
female,29,174.0,72.0,10.0,89.0,39.7,4.2,42.0
female,44,166.0,65.0,6.0,83.0,39.2,3.8333333333333335,23.0
male,22,179.0,77.0,20.0,100.0,40.2,4.65,93.0
male,21,189.0,90.0,23.0,99.0,40.5,4.695652173913044,108.0
female,33,159.0,53.0,17.0,94.0,40.0,5.0,85.0
male,30,182.0,86.0,25.0,94.0,41.0,4.32,108.0
male,37,169.0,69.0,9.0,94.0,39.5,4.333333333333333,39.0
male,30,194.0,93.0,18.0,96.0,40.5,4.777777777777778,86.0
female,74,148.0,50.0,24.0,102.0,40.9,6.666666666666667,160.0
female,71,164.0,64.0,14.0,94.0,40.4,5.571428571428571,78.0
male,24,185.0,89.0,20.0,109.0,40.6,6.35,127.0
female,29,162.0,66.0,7.0,94.0,39.5,4.714285714285714,33.0
female,33,174.0,72.0,20.0,98.0,40.6,5.2,104.0
male,55,185.0,92.0,6.0,78.0,39.3,3.1666666666666665,19.0
female,48,171.0,71.0,30.0,110.0,40.7,6.766666666666667,203.0
male,21,173.0,75.0,10.0,94.0,40.1,3.6,36.0
female,74,148.0,52.0,25.0,108.0,40.8,7.28,182.0
female,62,148.0,50.0,10.0,93.0,39.9,5.5,55.0
female,50,153.0,56.0,26.0,108.0,40.7,6.769230769230769,176.0
male,30,185.0,82.0,6.0,90.0,39.1,3.6666666666666665,22.0
male,26,196.0,101.0,15.0,92.0,40.2,4.133333333333334,62.0
male,44,180.0,84.0,11.0,91.0,39.5,4.454545454545454,49.0
male,43,182.0,89.0,24.0,108.0,40.6,7.125,171.0
female,71,161.0,65.0,10.0,93.0,39.9,5.4,54.0
female,21,161.0,56.0,6.0,84.0,39.1,3.6666666666666665,22.0
male,28,165.0,68.0,25.0,98.0,40.5,4.44,111.0
female,27,134.0,38.0,22.0,103.0,40.7,6.090909090909091,134.0
female,25,149.0,47.0,28.0,106.0,40.8,6.25,175.0
male,46,174.0,72.0,25.0,102.0,40.8,6.0,150.0
female,51,180.0,76.0,8.0,86.0,39.3,4.125,33.0
female,42,172.0,69.0,30.0,108.0,41.0,6.466666666666667,194.0
male,48,186.0,85.0,17.0,88.0,40.6,4.235294117647059,72.0
male,73,194.0,100.0,17.0,96.0,40.2,7.0,119.0
male,22,195.0,89.0,15.0,93.0,40.2,3.8666666666666667,58.0
male,65,186.0,86.0,21.0,110.0,40.6,8.428571428571429,177.0
female,21,157.0,59.0,5.0,71.0,39.1,2.2,11.0
female,62,158.0,55.0,10.0,79.0,40.0,3.9,39.0
male,70,189.0,96.0,24.0,113.0,40.9,9.333333333333334,224.0
male,59,189.0,96.0,2.0,84.0,38.5,4.5,9.0
female,55,162.0,60.0,20.0,94.0,40.1,5.3,106.0
male,62,166.0,77.0,5.0,82.0,38.8,3.8,19.0
female,50,179.0,73.0,17.0,100.0,40.0,5.705882352941177,97.0
female,42,182.0,84.0,6.0,86.0,39.3,3.8333333333333335,23.0
male,21,177.0,77.0,2.0,87.0,38.8,2.5,5.0
male,40,185.0,87.0,25.0,102.0,40.7,6.0,150.0
female,62,161.0,57.0,27.0,98.0,40.6,5.925925925925926,160.0
male,67,177.0,77.0,3.0,77.0,38.3,3.3333333333333335,10.0
male,48,187.0,94.0,19.0,95.0,40.3,5.526315789473684,105.0
male,38,181.0,81.0,26.0,102.0,41.2,5.8076923076923075,151.0
female,34,166.0,63.0,20.0,99.0,40.5,5.45,109.0
female,28,157.0,53.0,3.0,81.0,38.5,3.6666666666666665,11.0
male,60,188.0,94.0,10.0,92.0,39.8,5.6,56.0
female,33,155.0,57.0,12.0,102.0,40.0,5.833333333333333,70.0
male,54,160.0,62.0,26.0,97.0,40.6,5.384615384615385,140.0
female,38,169.0,65.0,14.0,94.0,40.1,4.928571428571429,69.0
female,52,171.0,70.0,28.0,115.0,40.6,7.357142857142857,206.0
male,63,186.0,92.0,14.0,94.0,40.2,6.0,84.0
female,66,168.0,67.0,12.0,91.0,40.0,5.083333333333333,61.0
male,41,192.0,99.0,22.0,98.0,40.5,5.7272727272727275,126.0
female,33,160.0,59.0,10.0,90.0,39.9,4.5,45.0
female,43,150.0,55.0,25.0,101.0,40.8,5.92,148.0
female,36,181.0,76.0,4.0,77.0,39.1,3.0,12.0
female,28,166.0,62.0,27.0,100.0,40.6,5.444444444444445,147.0
male,20,187.0,90.0,25.0,105.0,40.7,5.56,139.0
male,56,171.0,71.0,8.0,87.0,39.6,4.125,33.0
male,24,189.0,82.0,15.0,97.0,40.0,4.4,66.0
female,48,156.0,59.0,19.0,109.0,40.4,6.7894736842105265,129.0
female,43,159.0,58.0,16.0,90.0,40.1,4.6875,75.0
female,28,171.0,69.0,2.0,75.0,37.8,2.5,5.0
male,29,195.0,99.0,9.0,91.0,39.7,4.111111111111111,37.0
male,20,167.0,66.0,10.0,91.0,40.3,2.9,29.0
male,25,179.0,76.0,30.0,105.0,40.8,5.5,165.0
female,22,155.0,49.0,23.0,97.0,40.9,5.217391304347826,120.0
female,58,179.0,76.0,27.0,108.0,40.6,6.666666666666667,180.0
female,48,182.0,72.0,5.0,82.0,39.2,3.8,19.0
female,43,171.0,63.0,17.0,90.0,40.5,4.647058823529412,79.0
male,41,188.0,82.0,5.0,84.0,39.0,3.2,16.0
female,23,170.0,66.0,12.0,86.0,40.3,3.8333333333333335,46.0
male,75,180.0,84.0,26.0,109.0,40.9,8.692307692307692,226.0
female,20,165.0,58.0,1.0,83.0,37.8,4.0,4.0
female,70,149.0,54.0,30.0,110.0,40.9,7.366666666666666,221.0
male,69,186.0,86.0,8.0,89.0,39.8,5.375,43.0
male,61,187.0,90.0,11.0,90.0,39.8,5.2727272727272725,58.0
female,25,159.0,58.0,17.0,96.0,40.2,5.0588235294117645,86.0
female,45,149.0,50.0,17.0,102.0,40.4,6.117647058823529,104.0
male,72,183.0,89.0,5.0,79.0,39.0,4.2,21.0
female,32,148.0,53.0,24.0,103.0,40.9,5.958333333333333,143.0
female,61,166.0,62.0,16.0,99.0,40.4,5.9375,95.0
female,28,166.0,61.0,8.0,85.0,39.5,3.875,31.0
female,24,167.0,62.0,18.0,108.0,40.5,6.222222222222222,112.0
female,42,160.0,61.0,20.0,103.0,40.6,6.05,121.0
male,31,174.0,72.0,18.0,99.0,40.3,4.833333333333333,87.0
female,42,165.0,68.0,22.0,93.0,40.8,4.863636363636363,107.0
female,66,168.0,65.0,22.0,107.0,40.4,6.818181818181818,150.0
female,69,147.0,49.0,11.0,102.0,39.8,6.545454545454546,72.0
male,27,188.0,87.0,14.0,100.0,40.2,5.071428571428571,71.0
male,21,181.0,79.0,11.0,90.0,39.9,3.090909090909091,34.0
female,21,170.0,68.0,27.0,109.0,40.9,6.222222222222222,168.0
male,60,189.0,90.0,10.0,90.0,39.3,5.2,52.0
male,37,184.0,86.0,11.0,91.0,39.5,4.181818181818182,46.0
male,38,172.0,78.0,20.0,94.0,40.5,4.5,90.0
female,63,161.0,61.0,6.0,90.0,39.4,5.0,30.0
female,35,174.0,67.0,25.0,105.0,40.6,6.04,151.0
female,44,179.0,78.0,1.0,87.0,38.3,4.0,4.0
male,44,185.0,87.0,10.0,89.0,39.7,4.3,43.0
female,63,153.0,52.0,4.0,88.0,39.0,5.0,20.0
female,30,167.0,66.0,9.0,87.0,39.7,4.0,36.0
female,53,168.0,69.0,11.0,89.0,40.0,4.636363636363637,51.0
female,24,166.0,63.0,8.0,103.0,39.5,5.75,46.0
female,48,154.0,56.0,12.0,97.0,39.9,5.583333333333333,67.0
female,22,177.0,71.0,10.0,93.0,39.8,4.5,45.0
male,76,199.0,106.0,2.0,80.0,38.1,5.0,10.0
female,31,161.0,60.0,2.0,82.0,38.3,3.5,7.0
female,37,166.0,66.0,4.0,85.0,38.9,4.0,16.0
female,30,172.0,68.0,9.0,89.0,39.8,4.222222222222222,38.0
female,25,166.0,63.0,17.0,97.0,40.2,5.0588235294117645,86.0
female,61,148.0,50.0,17.0,97.0,40.0,5.882352941176471,100.0
male,20,176.0,79.0,15.0,95.0,40.2,3.8,57.0
female,41,177.0,76.0,10.0,83.0,39.8,3.7,37.0
male,28,187.0,88.0,1.0,89.0,38.0,4.0,4.0
male,34,184.0,81.0,9.0,86.0,39.8,3.2222222222222223,29.0
female,28,148.0,47.0,13.0,95.0,40.2,5.153846153846154,67.0
male,45,191.0,91.0,26.0,110.0,40.7,7.538461538461538,196.0
female,42,176.0,71.0,17.0,97.0,40.1,5.235294117647059,89.0
female,31,169.0,66.0,26.0,112.0,40.4,6.730769230769231,175.0
male,27,175.0,80.0,27.0,101.0,40.9,5.074074074074074,137.0
female,60,164.0,61.0,2.0,83.0,38.1,4.0,8.0
female,69,176.0,73.0,1.0,80.0,37.7,4.0,4.0
male,21,195.0,92.0,19.0,100.0,40.5,4.894736842105263,93.0
male,22,195.0,91.0,6.0,81.0,39.4,2.0,12.0
female,67,173.0,74.0,4.0,76.0,38.8,3.5,14.0
female,29,163.0,62.0,13.0,96.0,39.7,5.076923076923077,66.0
female,75,166.0,72.0,28.0,105.0,40.7,6.678571428571429,187.0
female,72,164.0,68.0,15.0,94.0,40.2,5.533333333333333,83.0
female,46,166.0,59.0,23.0,100.0,40.8,5.826086956521739,134.0
male,37,201.0,108.0,11.0,81.0,40.3,3.1818181818181817,35.0
female,41,170.0,65.0,21.0,96.0,40.5,5.238095238095238,110.0
male,37,196.0,91.0,10.0,92.0,40.0,4.5,45.0
male,55,174.0,70.0,3.0,89.0,38.6,4.333333333333333,13.0
male,25,200.0,95.0,12.0,93.0,40.1,4.083333333333333,49.0
male,20,208.0,105.0,14.0,86.0,40.2,3.0,42.0
male,22,187.0,87.0,11.0,96.0,39.8,4.2727272727272725,47.0
female,35,164.0,65.0,3.0,74.0,38.6,2.6666666666666665,8.0
female,63,156.0,56.0,11.0,90.0,39.9,5.090909090909091,56.0
female,44,173.0,69.0,26.0,109.0,40.8,6.615384615384615,172.0
male,67,197.0,102.0,21.0,93.0,40.5,6.285714285714286,132.0
male,21,178.0,78.0,28.0,105.0,40.9,5.357142857142857,150.0
male,67,188.0,98.0,15.0,89.0,40.2,5.6,84.0
male,25,173.0,72.0,19.0,104.0,40.4,5.2631578947368425,100.0
female,54,185.0,78.0,13.0,93.0,40.0,4.923076923076923,64.0
female,24,162.0,61.0,23.0,98.0,40.9,5.173913043478261,119.0
female,78,181.0,79.0,29.0,104.0,40.7,6.551724137931035,190.0
male,32,179.0,81.0,26.0,110.0,41.0,6.6923076923076925,174.0
male,43,200.0,104.0,8.0,90.0,39.9,4.75,38.0
male,25,192.0,90.0,17.0,93.0,40.4,4.0,68.0
male,32,182.0,84.0,2.0,84.0,38.0,3.0,6.0
female,38,158.0,58.0,23.0,94.0,40.3,5.043478260869565,116.0
male,27,185.0,85.0,9.0,86.0,39.6,2.888888888888889,26.0
male,23,177.0,84.0,28.0,117.0,40.9,7.392857142857143,207.0
male,47,195.0,101.0,27.0,114.0,40.9,8.481481481481481,229.0
male,47,172.0,72.0,23.0,103.0,40.5,6.173913043478261,142.0
female,32,153.0,53.0,29.0,101.0,40.8,5.758620689655173,167.0
female,71,154.0,59.0,9.0,85.0,39.8,4.666666666666667,42.0
female,68,164.0,67.0,30.0,110.0,41.2,7.166666666666667,215.0
male,29,184.0,93.0,8.0,88.0,40.0,3.5,28.0
female,28,163.0,60.0,29.0,96.0,41.0,5.068965517241379,147.0
female,47,168.0,70.0,7.0,82.0,39.5,3.7142857142857144,26.0
female,23,154.0,52.0,19.0,103.0,40.6,5.842105263157895,111.0
male,22,188.0,89.0,23.0,101.0,40.8,5.043478260869565,116.0
female,77,159.0,61.0,28.0,114.0,40.8,7.821428571428571,219.0
male,24,196.0,94.0,23.0,102.0,40.7,5.391304347826087,124.0
female,72,170.0,73.0,5.0,90.0,39.1,5.0,25.0
female,31,166.0,69.0,8.0,78.0,39.8,3.0,24.0
female,20,172.0,70.0,21.0,112.0,40.9,6.476190476190476,136.0
male,49,184.0,88.0,14.0,85.0,40.2,3.9285714285714284,55.0
male,48,176.0,82.0,9.0,83.0,40.0,3.4444444444444446,31.0
female,78,157.0,56.0,4.0,79.0,38.7,4.25,17.0
female,47,145.0,47.0,7.0,84.0,39.6,4.285714285714286,30.0
male,47,187.0,87.0,16.0,103.0,40.2,6.5,104.0
male,38,173.0,74.0,15.0,94.0,40.0,4.466666666666667,67.0
female,45,140.0,50.0,10.0,87.0,39.8,4.5,45.0
male,25,191.0,95.0,28.0,105.0,40.8,5.928571428571429,166.0
female,20,169.0,64.0,2.0,83.0,37.9,3.5,7.0
male,63,211.0,113.0,26.0,109.0,40.7,8.73076923076923,227.0
female,23,179.0,75.0,4.0,89.0,38.8,4.0,16.0
female,23,149.0,47.0,28.0,114.0,40.8,7.071428571428571,198.0
male,20,182.0,83.0,14.0,91.0,40.2,3.2857142857142856,46.0
female,75,169.0,69.0,27.0,100.0,40.4,6.185185185185185,167.0
male,79,186.0,92.0,4.0,80.0,38.9,4.75,19.0
male,29,180.0,82.0,19.0,103.0,40.5,5.526315789473684,105.0
male,24,182.0,78.0,28.0,105.0,40.8,5.5,154.0
female,46,156.0,57.0,5.0,89.0,39.1,4.6,23.0
female,23,168.0,67.0,17.0,101.0,40.7,5.411764705882353,92.0
female,44,149.0,51.0,11.0,86.0,39.9,4.363636363636363,48.0
male,20,194.0,91.0,21.0,97.0,40.8,4.380952380952381,92.0
female,31,160.0,60.0,12.0,95.0,40.2,5.0,60.0
female,36,160.0,62.0,8.0,82.0,39.6,3.625,29.0
female,69,169.0,67.0,29.0,111.0,40.7,7.275862068965517,211.0
female,29,150.0,54.0,21.0,101.0,40.3,5.714285714285714,120.0
female,24,154.0,56.0,26.0,106.0,40.9,6.115384615384615,159.0
female,41,171.0,69.0,15.0,95.0,40.5,5.066666666666666,76.0
male,25,179.0,81.0,16.0,98.0,40.3,4.5625,73.0
male,28,194.0,95.0,29.0,106.0,40.8,6.206896551724138,180.0
female,32,168.0,62.0,28.0,106.0,40.8,6.178571428571429,173.0
female,22,157.0,53.0,9.0,89.0,39.6,4.333333333333333,39.0
male,33,188.0,98.0,27.0,111.0,40.5,7.2592592592592595,196.0
male,58,194.0,95.0,23.0,106.0,40.5,7.6521739130434785,176.0
male,54,181.0,87.0,17.0,98.0,40.4,6.117647058823529,104.0
male,21,197.0,99.0,15.0,99.0,40.1,4.933333333333334,74.0
male,50,190.0,93.0,18.0,90.0,40.3,4.833333333333333,87.0
female,29,153.0,58.0,14.0,101.0,40.1,5.642857142857143,79.0
male,56,177.0,84.0,25.0,103.0,40.5,6.88,172.0
male,36,206.0,103.0,5.0,84.0,39.0,3.4,17.0
female,71,159.0,59.0,23.0,103.0,40.6,6.565217391304348,151.0
female,47,176.0,77.0,13.0,87.0,40.2,4.230769230769231,55.0
female,40,138.0,42.0,3.0,82.0,38.3,4.0,12.0
male,40,184.0,82.0,26.0,103.0,41.1,6.076923076923077,158.0
female,27,160.0,55.0,23.0,105.0,40.6,6.086956521739131,140.0
male,63,178.0,76.0,6.0,87.0,39.1,4.666666666666667,28.0
female,23,168.0,68.0,7.0,81.0,39.4,3.2857142857142856,23.0
female,65,166.0,62.0,11.0,90.0,39.6,5.0,55.0
male,20,176.0,73.0,18.0,97.0,40.9,4.0,72.0
female,26,155.0,47.0,4.0,86.0,38.9,4.25,17.0
female,55,169.0,71.0,9.0,91.0,39.7,4.888888888888889,44.0
female,20,165.0,59.0,29.0,100.0,41.0,5.344827586206897,155.0
male,44,187.0,85.0,2.0,80.0,38.0,3.0,6.0
male,52,182.0,86.0,28.0,104.0,40.3,6.892857142857143,193.0
female,61,171.0,72.0,6.0,80.0,39.2,3.8333333333333335,23.0
male,21,181.0,79.0,19.0,103.0,40.4,5.105263157894737,97.0
male,26,173.0,77.0,23.0,103.0,40.2,5.260869565217392,121.0
male,51,188.0,84.0,5.0,89.0,38.7,4.6,23.0
female,21,169.0,66.0,10.0,98.0,40.1,5.1,51.0
female,52,156.0,61.0,25.0,102.0,40.7,6.12,153.0
female,20,156.0,56.0,22.0,99.0,40.3,5.2727272727272725,116.0
male,33,195.0,94.0,12.0,81.0,40.3,2.6666666666666665,32.0
female,59,186.0,85.0,16.0,89.0,40.4,4.5,72.0
female,46,154.0,57.0,11.0,97.0,40.2,5.545454545454546,61.0
male,24,190.0,93.0,30.0,100.0,40.9,5.066666666666666,152.0
male,66,184.0,86.0,25.0,106.0,40.4,7.84,196.0
male,34,191.0,96.0,29.0,111.0,40.7,7.275862068965517,211.0
female,43,169.0,68.0,11.0,89.0,39.7,4.454545454545454,49.0
female,78,171.0,74.0,16.0,95.0,40.4,5.625,90.0
female,32,160.0,61.0,27.0,114.0,40.6,7.037037037037037,190.0
female,59,157.0,58.0,24.0,110.0,40.4,7.125,171.0
male,40,198.0,104.0,29.0,110.0,40.7,7.586206896551724,220.0
female,44,180.0,76.0,11.0,89.0,40.1,4.363636363636363,48.0
male,20,192.0,92.0,10.0,85.0,39.8,2.6,26.0
female,49,164.0,64.0,19.0,105.0,40.4,6.315789473684211,120.0
male,31,203.0,105.0,29.0,113.0,40.8,7.620689655172414,221.0
male,27,200.0,96.0,22.0,107.0,40.3,6.318181818181818,139.0
male,58,186.0,85.0,12.0,95.0,40.1,5.75,69.0
male,48,182.0,88.0,17.0,102.0,40.4,6.411764705882353,109.0
female,45,163.0,58.0,5.0,84.0,38.9,4.2,21.0
female,33,159.0,58.0,22.0,99.0,40.7,5.5,121.0
female,25,179.0,74.0,3.0,85.0,38.9,3.6666666666666665,11.0
female,38,170.0,59.0,26.0,115.0,40.8,7.269230769230769,189.0
male,58,176.0,77.0,11.0,90.0,40.0,4.818181818181818,53.0
female,58,173.0,71.0,2.0,74.0,38.2,3.0,6.0
male,70,185.0,83.0,1.0,74.0,38.1,3.0,3.0
male,53,170.0,73.0,16.0,96.0,40.0,5.4375,87.0
female,40,165.0,64.0,2.0,79.0,38.3,3.5,7.0
female,35,175.0,72.0,24.0,95.0,40.7,4.916666666666667,118.0
female,24,147.0,50.0,24.0,106.0,40.5,6.208333333333333,149.0
male,42,171.0,75.0,28.0,111.0,41.0,7.214285714285714,202.0
male,70,180.0,77.0,9.0,100.0,40.0,7.0,63.0
male,28,195.0,100.0,22.0,107.0,41.0,6.454545454545454,142.0
male,40,191.0,88.0,18.0,101.0,40.3,5.888888888888889,106.0
female,51,160.0,63.0,2.0,82.0,38.3,4.0,8.0
male,76,197.0,99.0,5.0,78.0,39.3,4.4,22.0
female,74,158.0,62.0,12.0,93.0,39.7,5.5,66.0
male,35,196.0,102.0,21.0,107.0,40.5,6.857142857142857,144.0
male,71,196.0,97.0,23.0,110.0,40.7,8.956521739130435,206.0
male,44,191.0,92.0,11.0,97.0,39.7,5.545454545454546,61.0
female,35,161.0,61.0,9.0,89.0,39.6,4.444444444444445,40.0
female,51,166.0,70.0,22.0,92.0,40.9,4.909090909090909,108.0
male,31,196.0,95.0,23.0,100.0,40.9,5.434782608695652,125.0
male,48,177.0,77.0,21.0,101.0,40.3,6.0476190476190474,127.0
male,25,177.0,75.0,15.0,93.0,40.5,3.6666666666666665,55.0
male,32,186.0,91.0,21.0,108.0,40.5,6.619047619047619,139.0
female,36,152.0,53.0,6.0,83.0,39.2,3.8333333333333335,23.0
male,28,181.0,82.0,16.0,103.0,40.3,5.5,88.0
female,40,157.0,60.0,7.0,89.0,39.9,4.571428571428571,32.0
male,59,180.0,81.0,30.0,109.0,40.9,7.866666666666666,236.0
male,27,198.0,93.0,25.0,112.0,40.5,7.04,176.0
female,39,156.0,62.0,29.0,94.0,41.0,5.0,145.0
female,49,160.0,64.0,8.0,93.0,39.2,5.0,40.0
male,45,182.0,87.0,15.0,90.0,40.0,4.466666666666667,67.0
male,26,155.0,61.0,23.0,105.0,40.6,5.217391304347826,120.0
male,34,184.0,78.0,19.0,97.0,40.5,4.7894736842105265,91.0
male,23,174.0,74.0,13.0,94.0,40.4,3.6923076923076925,48.0
male,56,200.0,101.0,28.0,112.0,40.9,8.607142857142858,241.0
female,61,181.0,78.0,25.0,98.0,40.8,5.6,140.0
female,22,169.0,66.0,28.0,114.0,40.7,6.785714285714286,190.0
female,32,152.0,53.0,28.0,100.0,40.9,5.642857142857143,158.0
male,60,200.0,107.0,21.0,98.0,40.4,6.809523809523809,143.0
male,23,169.0,73.0,25.0,102.0,40.7,4.88,122.0
female,30,171.0,65.0,19.0,102.0,40.7,5.684210526315789,108.0
female,46,175.0,75.0,16.0,91.0,40.3,4.625,74.0
female,70,156.0,59.0,28.0,105.0,40.6,6.785714285714286,190.0
female,22,164.0,58.0,27.0,107.0,40.8,6.148148148148148,166.0
male,24,176.0,80.0,27.0,105.0,40.6,5.555555555555555,150.0
female,50,177.0,73.0,6.0,88.0,39.3,4.333333333333333,26.0
female,25,156.0,51.0,22.0,99.0,40.7,5.454545454545454,120.0
male,43,190.0,97.0,27.0,105.0,41.0,6.814814814814815,184.0
female,59,172.0,73.0,23.0,107.0,40.3,6.608695652173913,152.0
female,46,152.0,56.0,18.0,102.0,40.1,6.055555555555555,109.0
male,68,189.0,95.0,16.0,103.0,40.3,7.6875,123.0
male,65,172.0,74.0,9.0,92.0,40.0,5.444444444444445,49.0
female,46,171.0,74.0,8.0,95.0,39.6,5.125,41.0
male,53,191.0,101.0,21.0,106.0,40.7,7.571428571428571,159.0
female,22,166.0,61.0,18.0,97.0,40.3,5.055555555555555,91.0
male,26,184.0,86.0,9.0,89.0,39.6,3.3333333333333335,30.0
male,65,175.0,76.0,6.0,94.0,39.2,5.833333333333333,35.0
female,20,168.0,65.0,15.0,94.0,40.1,4.6,69.0
female,29,178.0,77.0,15.0,95.0,40.4,4.733333333333333,71.0
female,30,181.0,77.0,29.0,113.0,40.8,6.689655172413793,194.0
female,42,162.0,62.0,14.0,97.0,40.4,5.357142857142857,75.0
male,24,166.0,70.0,9.0,91.0,39.6,3.2222222222222223,29.0
female,41,173.0,69.0,17.0,92.0,40.0,4.764705882352941,81.0
male,22,201.0,98.0,28.0,102.0,40.7,5.392857142857143,151.0
female,58,158.0,57.0,12.0,89.0,40.0,4.916666666666667,59.0
female,26,155.0,58.0,14.0,88.0,39.9,4.214285714285714,59.0
female,41,172.0,61.0,28.0,102.0,40.9,5.928571428571429,166.0
female,27,157.0,54.0,17.0,96.0,40.2,5.117647058823529,87.0
female,71,179.0,78.0,6.0,83.0,39.4,4.166666666666667,25.0
female,74,174.0,79.0,4.0,90.0,38.8,5.0,20.0
female,29,159.0,59.0,21.0,100.0,40.5,5.523809523809524,116.0
male,32,176.0,79.0,3.0,85.0,38.7,3.0,9.0
female,61,174.0,69.0,10.0,90.0,39.4,4.9,49.0
male,25,187.0,87.0,2.0,79.0,38.2,2.0,4.0
male,23,200.0,98.0,14.0,90.0,40.3,3.642857142857143,51.0
female,38,182.0,71.0,3.0,78.0,38.8,3.0,9.0
male,37,200.0,100.0,12.0,91.0,40.1,4.5,54.0
male,32,176.0,80.0,25.0,99.0,40.8,5.04,126.0
male,26,180.0,81.0,7.0,92.0,39.5,3.7142857142857144,26.0
female,51,160.0,58.0,11.0,87.0,39.7,4.545454545454546,50.0
female,50,175.0,77.0,2.0,77.0,38.4,3.0,6.0
male,65,181.0,79.0,6.0,85.0,39.1,4.5,27.0
female,26,144.0,44.0,15.0,88.0,40.2,4.4,66.0
female,78,178.0,75.0,24.0,96.0,41.1,5.75,138.0
male,40,199.0,105.0,20.0,105.0,40.8,6.85,137.0
female,48,151.0,48.0,21.0,105.0,40.6,6.523809523809524,137.0
female,46,153.0,51.0,30.0,115.0,40.8,7.533333333333333,226.0
male,42,182.0,78.0,20.0,95.0,40.6,4.85,97.0
male,79,186.0,88.0,5.0,91.0,39.5,6.2,31.0
female,39,158.0,54.0,26.0,105.0,40.8,6.3076923076923075,164.0
male,53,174.0,82.0,29.0,112.0,40.9,8.03448275862069,233.0
female,75,166.0,73.0,21.0,108.0,40.4,7.0,147.0
female,25,171.0,69.0,12.0,92.0,39.9,4.416666666666667,53.0
female,54,174.0,68.0,9.0,95.0,39.4,5.333333333333333,48.0
male,39,190.0,88.0,16.0,96.0,40.3,5.0625,81.0
female,28,152.0,54.0,21.0,104.0,40.7,6.0,126.0
male,76,191.0,96.0,2.0,83.0,37.7,5.0,10.0
male,24,196.0,96.0,30.0,114.0,41.0,7.266666666666667,218.0
female,62,171.0,66.0,23.0,103.0,40.4,6.304347826086956,145.0
male,25,179.0,76.0,11.0,90.0,40.3,3.272727272727273,36.0
male,63,190.0,91.0,5.0,86.0,39.1,4.8,24.0
male,20,193.0,93.0,4.0,82.0,39.0,2.25,9.0
male,73,201.0,109.0,10.0,87.0,40.0,5.8,58.0
female,56,167.0,67.0,3.0,85.0,38.9,4.333333333333333,13.0
male,25,187.0,81.0,15.0,101.0,40.3,5.0,75.0
female,29,160.0,60.0,26.0,100.0,40.7,5.5,143.0
male,42,177.0,87.0,29.0,114.0,41.1,7.931034482758621,230.0
female,50,174.0,76.0,25.0,104.0,40.6,6.08,152.0
female,22,168.0,66.0,4.0,87.0,38.5,4.0,16.0
female,45,167.0,66.0,23.0,98.0,40.4,5.478260869565218,126.0
male,76,210.0,116.0,10.0,93.0,40.0,7.0,70.0
female,65,155.0,59.0,10.0,95.0,40.0,5.6,56.0
female,55,157.0,54.0,28.0,111.0,40.7,7.214285714285714,202.0
female,23,168.0,61.0,8.0,90.0,39.6,4.375,35.0
female,31,175.0,65.0,15.0,95.0,39.8,4.933333333333334,74.0
female,26,161.0,51.0,28.0,109.0,41.0,6.535714285714286,183.0
male,32,179.0,78.0,12.0,88.0,39.7,3.3333333333333335,40.0
female,27,173.0,68.0,26.0,97.0,40.8,5.038461538461538,131.0
male,47,192.0,93.0,13.0,95.0,40.3,5.461538461538462,71.0
male,24,191.0,93.0,17.0,110.0,40.5,6.588235294117647,112.0
female,22,188.0,81.0,16.0,97.0,40.3,4.75,76.0
female,21,151.0,55.0,30.0,106.0,40.8,6.066666666666666,182.0
female,51,166.0,67.0,11.0,89.0,39.5,4.636363636363637,51.0
male,77,186.0,90.0,4.0,91.0,38.8,6.25,25.0
male,48,184.0,83.0,19.0,92.0,40.7,4.7894736842105265,91.0
male,42,184.0,86.0,14.0,92.0,39.9,4.571428571428571,64.0
male,35,160.0,67.0,4.0,81.0,38.8,2.25,9.0
male,35,183.0,79.0,13.0,90.0,40.0,3.769230769230769,49.0
female,44,169.0,67.0,24.0,88.0,40.9,4.375,105.0
female,25,162.0,63.0,4.0,83.0,39.1,3.5,14.0
female,27,160.0,57.0,23.0,112.0,40.7,6.782608695652174,156.0
female,75,158.0,59.0,29.0,107.0,40.8,7.068965517241379,205.0
female,25,159.0,59.0,21.0,96.0,40.9,5.0,105.0
female,32,144.0,49.0,5.0,90.0,39.0,4.6,23.0
male,22,186.0,87.0,22.0,104.0,40.8,5.454545454545454,120.0
female,22,159.0,58.0,9.0,87.0,39.4,4.0,36.0
male,34,198.0,103.0,25.0,99.0,40.8,5.64,141.0
male,55,181.0,78.0,23.0,108.0,41.0,7.434782608695652,171.0
male,20,191.0,97.0,21.0,92.0,40.4,3.761904761904762,79.0
male,23,186.0,82.0,11.0,92.0,39.9,3.5454545454545454,39.0
female,49,185.0,79.0,27.0,102.0,41.2,5.814814814814815,157.0
female,22,184.0,84.0,21.0,97.0,40.4,4.714285714285714,99.0
female,32,153.0,51.0,12.0,101.0,40.4,5.75,69.0
male,73,180.0,88.0,8.0,75.0,39.3,3.5,28.0
male,29,186.0,79.0,9.0,84.0,39.6,2.5555555555555554,23.0
male,21,184.0,86.0,30.0,106.0,40.7,5.7,171.0
male,69,185.0,85.0,30.0,113.0,40.7,9.033333333333333,271.0
male,69,190.0,93.0,26.0,108.0,40.9,8.461538461538462,220.0
male,32,181.0,76.0,15.0,99.0,40.6,4.933333333333334,74.0
female,32,159.0,59.0,8.0,93.0,39.8,4.875,39.0
female,44,166.0,60.0,7.0,91.0,39.8,4.857142857142857,34.0
female,34,180.0,74.0,13.0,94.0,40.0,4.769230769230769,62.0
female,34,156.0,57.0,23.0,100.0,40.5,5.6521739130434785,130.0
male,44,191.0,92.0,15.0,92.0,40.1,4.8,72.0
female,79,183.0,78.0,10.0,103.0,39.7,6.5,65.0
female,61,161.0,57.0,18.0,97.0,40.1,5.777777777777778,104.0
male,66,178.0,84.0,24.0,109.0,40.5,8.25,198.0
female,35,163.0,62.0,18.0,100.0,40.1,5.555555555555555,100.0
male,20,167.0,70.0,18.0,91.0,40.7,3.0555555555555554,55.0
female,27,173.0,67.0,17.0,104.0,40.3,5.823529411764706,99.0
male,52,189.0,85.0,25.0,105.0,40.6,7.0,175.0
female,42,163.0,63.0,11.0,83.0,40.0,3.909090909090909,43.0
male,23,176.0,82.0,27.0,116.0,40.8,7.185185185185185,194.0
male,59,181.0,88.0,24.0,96.0,40.7,6.041666666666667,145.0
female,36,171.0,63.0,23.0,105.0,40.7,6.130434782608695,141.0
male,37,185.0,80.0,18.0,105.0,40.7,6.166666666666667,111.0
female,67,161.0,60.0,12.0,86.0,40.4,4.666666666666667,56.0
female,25,175.0,70.0,20.0,105.0,40.4,5.85,117.0
female,49,181.0,75.0,8.0,88.0,40.0,4.375,35.0
female,37,174.0,75.0,19.0,106.0,40.4,6.052631578947368,115.0
male,77,193.0,97.0,13.0,87.0,39.9,5.769230769230769,75.0
male,56,189.0,98.0,6.0,83.0,39.2,4.166666666666667,25.0
female,66,185.0,86.0,17.0,92.0,40.3,4.9411764705882355,84.0
female,32,185.0,85.0,8.0,87.0,39.8,3.875,31.0
male,26,182.0,86.0,26.0,102.0,40.7,5.3076923076923075,138.0
male,26,175.0,72.0,22.0,96.0,40.7,4.136363636363637,91.0
female,50,170.0,70.0,26.0,100.0,40.6,5.730769230769231,149.0
male,29,188.0,84.0,16.0,95.0,40.4,4.375,70.0
male,35,174.0,76.0,12.0,97.0,40.2,4.75,57.0
female,29,161.0,61.0,15.0,91.0,40.3,4.533333333333333,68.0
female,35,169.0,67.0,13.0,96.0,40.1,5.076923076923077,66.0
female,54,175.0,74.0,14.0,96.0,39.6,5.357142857142857,75.0
female,25,167.0,60.0,4.0,92.0,39.0,4.5,18.0
male,28,199.0,95.0,29.0,109.0,41.2,6.655172413793103,193.0
male,24,177.0,79.0,28.0,104.0,40.7,5.392857142857143,151.0
male,52,175.0,75.0,18.0,102.0,40.5,6.333333333333333,114.0
male,25,173.0,71.0,5.0,84.0,39.2,2.2,11.0
male,71,202.0,111.0,7.0,85.0,39.5,5.428571428571429,38.0
male,38,172.0,76.0,25.0,109.0,40.4,6.76,169.0
male,23,173.0,78.0,3.0,88.0,38.7,3.0,9.0
female,67,162.0,63.0,5.0,87.0,39.3,4.8,24.0
male,50,190.0,100.0,27.0,104.0,40.8,7.074074074074074,191.0
female,44,161.0,60.0,2.0,89.0,38.4,4.5,9.0
male,46,175.0,71.0,8.0,98.0,39.7,5.375,43.0
male,52,189.0,90.0,22.0,96.0,40.5,5.7727272727272725,127.0
female,22,169.0,64.0,11.0,85.0,40.1,3.727272727272727,41.0
male,23,188.0,87.0,22.0,105.0,40.8,5.636363636363637,124.0
male,76,193.0,98.0,16.0,95.0,40.2,6.9375,111.0
female,36,161.0,56.0,17.0,91.0,40.4,4.705882352941177,80.0
male,50,206.0,111.0,25.0,117.0,40.5,9.28,232.0
female,22,167.0,67.0,21.0,95.0,40.1,4.761904761904762,100.0
female,20,180.0,72.0,4.0,90.0,38.6,4.0,16.0
female,68,173.0,74.0,22.0,102.0,40.1,6.2272727272727275,137.0
male,68,194.0,99.0,4.0,80.0,38.6,4.25,17.0
male,35,164.0,68.0,4.0,79.0,38.8,2.0,8.0
female,23,172.0,71.0,17.0,94.0,40.6,4.588235294117647,78.0
female,37,161.0,57.0,3.0,78.0,38.7,3.3333333333333335,10.0
male,51,184.0,92.0,3.0,80.0,38.5,3.3333333333333335,10.0
male,33,188.0,83.0,17.0,93.0,40.5,4.235294117647059,72.0
female,55,160.0,64.0,30.0,105.0,40.8,6.433333333333334,193.0
male,51,174.0,74.0,26.0,109.0,40.6,7.3076923076923075,190.0
female,31,170.0,66.0,24.0,101.0,40.6,5.541666666666667,133.0
female,39,158.0,56.0,24.0,109.0,40.7,6.708333333333333,161.0
female,45,179.0,72.0,16.0,89.0,40.4,4.4375,71.0
female,32,170.0,68.0,1.0,76.0,37.7,3.0,3.0
male,50,166.0,74.0,7.0,88.0,39.7,4.142857142857143,29.0
female,32,179.0,76.0,29.0,101.0,41.0,5.448275862068965,158.0
male,54,167.0,69.0,8.0,87.0,39.8,4.0,32.0
male,34,181.0,79.0,19.0,100.0,40.3,5.2631578947368425,100.0
male,20,196.0,102.0,2.0,81.0,38.0,2.0,4.0
female,25,162.0,61.0,23.0,107.0,40.5,6.173913043478261,142.0
male,25,175.0,78.0,28.0,108.0,40.9,6.0,168.0
female,37,170.0,73.0,7.0,88.0,39.5,4.142857142857143,29.0
male,29,193.0,89.0,8.0,88.0,39.4,3.375,27.0
female,32,156.0,56.0,23.0,113.0,40.5,7.0,161.0
male,29,186.0,89.0,18.0,97.0,40.4,4.777777777777778,86.0
male,77,184.0,90.0,10.0,91.0,39.6,6.2,62.0
male,26,171.0,67.0,18.0,93.0,40.7,3.5555555555555554,64.0
male,25,174.0,73.0,15.0,105.0,40.2,5.466666666666667,82.0
male,58,198.0,104.0,7.0,88.0,39.6,5.142857142857143,36.0
female,32,173.0,68.0,10.0,87.0,39.9,4.1,41.0
male,27,182.0,79.0,3.0,89.0,38.9,3.3333333333333335,10.0
female,57,161.0,61.0,23.0,102.0,40.5,6.217391304347826,143.0
female,42,175.0,74.0,17.0,98.0,40.2,5.352941176470588,91.0
female,25,167.0,65.0,14.0,94.0,39.8,4.714285714285714,66.0
female,31,170.0,67.0,22.0,108.0,40.6,6.318181818181818,139.0
female,67,146.0,53.0,13.0,90.0,40.3,5.230769230769231,68.0
female,63,161.0,57.0,2.0,86.0,38.7,4.5,9.0
male,58,187.0,93.0,2.0,81.0,38.0,4.0,8.0
female,53,151.0,60.0,20.0,96.0,40.5,5.5,110.0
female,23,155.0,55.0,18.0,93.0,40.2,4.722222222222222,85.0
female,48,166.0,61.0,20.0,100.0,40.6,5.8,116.0
female,69,160.0,61.0,2.0,81.0,38.4,4.0,8.0
female,46,170.0,71.0,27.0,114.0,40.7,7.148148148148148,193.0
female,63,160.0,61.0,8.0,88.0,40.0,4.75,38.0
female,71,176.0,71.0,7.0,87.0,39.4,4.714285714285714,33.0
male,47,201.0,104.0,28.0,107.0,41.0,7.464285714285714,209.0
female,26,132.0,36.0,5.0,91.0,39.2,4.8,24.0
male,59,175.0,80.0,17.0,101.0,40.2,6.647058823529412,113.0
male,41,178.0,81.0,10.0,80.0,39.9,2.6,26.0
female,63,166.0,68.0,26.0,108.0,40.8,6.846153846153846,178.0
male,36,195.0,93.0,5.0,89.0,39.2,4.0,20.0
male,41,172.0,74.0,25.0,109.0,40.5,6.84,171.0
male,75,178.0,75.0,22.0,106.0,40.3,8.045454545454545,177.0
male,53,182.0,86.0,18.0,96.0,40.5,5.722222222222222,103.0
male,24,188.0,84.0,26.0,113.0,40.9,6.846153846153846,178.0
female,36,180.0,75.0,19.0,98.0,40.6,5.2105263157894735,99.0
male,23,164.0,64.0,22.0,99.0,40.9,4.2727272727272725,94.0
female,29,164.0,62.0,27.0,107.0,40.9,6.222222222222222,168.0
male,48,173.0,75.0,9.0,93.0,39.6,4.777777777777778,43.0
female,62,147.0,54.0,7.0,80.0,39.5,4.0,28.0
female,61,165.0,67.0,29.0,104.0,41.1,6.413793103448276,186.0
female,20,153.0,56.0,18.0,95.0,40.4,4.888888888888889,88.0
female,79,163.0,63.0,8.0,86.0,39.9,4.875,39.0
female,68,163.0,59.0,28.0,107.0,40.8,6.964285714285714,195.0
female,26,173.0,66.0,26.0,104.0,41.0,5.8076923076923075,151.0
female,37,144.0,47.0,17.0,96.0,40.0,5.411764705882353,92.0
male,24,191.0,89.0,5.0,87.0,39.0,3.0,15.0
male,22,187.0,89.0,21.0,99.0,40.3,4.761904761904762,100.0
female,70,156.0,55.0,10.0,86.0,39.7,4.8,48.0
female,43,180.0,74.0,10.0,92.0,40.0,4.7,47.0
female,56,162.0,63.0,20.0,110.0,40.7,7.0,140.0
male,30,182.0,79.0,13.0,101.0,40.2,5.230769230769231,68.0
female,26,164.0,61.0,17.0,94.0,40.5,4.764705882352941,81.0
male,63,169.0,70.0,15.0,95.0,40.6,5.733333333333333,86.0
male,22,181.0,78.0,15.0,87.0,40.3,2.6666666666666665,40.0
female,21,157.0,51.0,12.0,91.0,39.9,4.5,54.0
female,64,155.0,60.0,21.0,102.0,40.6,6.333333333333333,133.0
male,42,183.0,88.0,22.0,106.0,40.3,6.7272727272727275,148.0
female,20,151.0,51.0,27.0,101.0,41.1,5.555555555555555,150.0
female,34,160.0,62.0,4.0,87.0,38.6,4.25,17.0
female,43,157.0,60.0,28.0,110.0,40.9,6.821428571428571,191.0
female,27,160.0,56.0,18.0,111.0,40.4,6.722222222222222,121.0
female,62,175.0,70.0,17.0,94.0,40.3,5.294117647058823,90.0
female,42,147.0,50.0,18.0,99.0,40.5,5.777777777777778,104.0
female,46,146.0,55.0,5.0,92.0,39.1,5.0,25.0
male,46,185.0,90.0,17.0,94.0,40.4,5.176470588235294,88.0
male,78,193.0,94.0,17.0,97.0,40.3,7.235294117647059,123.0
male,21,172.0,69.0,3.0,92.0,38.6,3.3333333333333335,10.0
female,59,155.0,59.0,26.0,105.0,40.8,6.576923076923077,171.0
female,40,174.0,68.0,5.0,87.0,38.9,4.2,21.0
male,69,189.0,95.0,15.0,95.0,40.4,6.533333333333333,98.0
male,36,193.0,89.0,9.0,78.0,39.9,2.2222222222222223,20.0
male,63,180.0,82.0,10.0,90.0,39.7,5.2,52.0
female,21,161.0,60.0,19.0,101.0,40.3,5.473684210526316,104.0
female,47,175.0,69.0,29.0,117.0,41.1,7.517241379310345,218.0
male,75,186.0,88.0,17.0,97.0,40.6,7.0,119.0
female,43,166.0,62.0,8.0,86.0,39.4,4.25,34.0
male,52,194.0,94.0,15.0,92.0,40.1,5.266666666666667,79.0
female,24,193.0,83.0,5.0,82.0,38.7,3.2,16.0
female,46,150.0,50.0,4.0,76.0,38.9,3.25,13.0
male,55,182.0,81.0,4.0,93.0,38.8,5.25,21.0
male,21,185.0,84.0,15.0,100.0,40.0,4.733333333333333,71.0
male,22,165.0,67.0,27.0,119.0,40.4,7.296296296296297,197.0
female,22,168.0,62.0,9.0,88.0,39.7,4.111111111111111,37.0
male,50,172.0,74.0,21.0,101.0,40.5,6.0476190476190474,127.0
male,35,192.0,98.0,5.0,79.0,39.4,2.6,13.0
male,33,169.0,71.0,24.0,110.0,40.7,6.541666666666667,157.0
female,60,193.0,84.0,14.0,93.0,40.1,5.0,70.0
female,30,165.0,65.0,16.0,101.0,40.3,5.5625,89.0
male,47,185.0,83.0,18.0,103.0,40.6,6.444444444444445,116.0
male,49,198.0,97.0,22.0,93.0,40.9,5.318181818181818,117.0
female,53,178.0,77.0,11.0,95.0,39.9,5.181818181818182,57.0
male,29,176.0,77.0,27.0,100.0,40.6,4.962962962962963,134.0
male,43,201.0,104.0,28.0,103.0,40.7,6.678571428571429,187.0
female,37,189.0,77.0,13.0,99.0,39.8,5.3076923076923075,69.0
male,60,208.0,105.0,26.0,110.0,40.6,8.576923076923077,223.0
female,38,147.0,49.0,20.0,99.0,40.6,5.7,114.0
male,29,181.0,78.0,6.0,91.0,39.3,3.6666666666666665,22.0
female,21,172.0,58.0,1.0,79.0,37.5,3.0,3.0
female,68,175.0,72.0,15.0,92.0,40.2,5.2,78.0
male,36,181.0,85.0,1.0,85.0,37.4,3.0,3.0
female,73,160.0,60.0,21.0,108.0,40.4,7.142857142857143,150.0
male,22,202.0,107.0,10.0,93.0,39.6,4.2,42.0
male,64,190.0,94.0,12.0,92.0,40.0,5.833333333333333,70.0
female,67,147.0,55.0,19.0,102.0,40.5,6.473684210526316,123.0
male,64,199.0,104.0,6.0,88.0,39.6,5.5,33.0
male,61,183.0,85.0,15.0,101.0,40.0,6.866666666666666,103.0
male,34,175.0,72.0,22.0,105.0,40.7,5.863636363636363,129.0
female,45,147.0,48.0,3.0,80.0,38.3,3.6666666666666665,11.0
male,60,170.0,79.0,11.0,103.0,39.8,7.0,77.0
female,36,155.0,65.0,23.0,101.0,40.2,5.6521739130434785,130.0
female,79,156.0,55.0,16.0,89.0,40.4,5.25,84.0
female,57,170.0,72.0,26.0,103.0,40.3,6.153846153846154,160.0
female,41,164.0,67.0,24.0,109.0,40.6,6.583333333333333,158.0
male,56,185.0,85.0,19.0,95.0,40.4,5.684210526315789,108.0
female,44,165.0,62.0,6.0,90.0,39.1,4.666666666666667,28.0
male,51,206.0,112.0,25.0,103.0,40.5,7.24,181.0
male,57,195.0,100.0,24.0,101.0,40.9,6.958333333333333,167.0
female,62,178.0,74.0,5.0,96.0,38.6,5.4,27.0
male,47,165.0,72.0,20.0,96.0,40.3,5.15,103.0
female,35,167.0,63.0,24.0,100.0,40.7,5.583333333333333,134.0
female,42,168.0,66.0,3.0,78.0,38.6,3.3333333333333335,10.0
female,52,161.0,62.0,2.0,81.0,37.7,4.0,8.0
female,30,158.0,59.0,29.0,104.0,40.9,5.9655172413793105,173.0
male,36,196.0,103.0,10.0,99.0,39.7,5.7,57.0
male,21,172.0,75.0,22.0,102.0,40.5,4.863636363636363,107.0
male,54,176.0,77.0,18.0,100.0,40.6,6.166666666666667,111.0
male,42,182.0,85.0,22.0,94.0,40.7,4.863636363636363,107.0
female,24,165.0,65.0,23.0,105.0,40.8,5.869565217391305,135.0
male,35,172.0,78.0,12.0,89.0,39.9,3.5833333333333335,43.0
female,41,163.0,59.0,17.0,100.0,40.0,5.705882352941177,97.0
male,65,179.0,82.0,2.0,77.0,37.9,3.5,7.0
male,51,171.0,76.0,6.0,89.0,39.2,4.333333333333333,26.0
male,55,182.0,87.0,12.0,95.0,39.8,5.666666666666667,68.0
male,37,167.0,73.0,25.0,103.0,40.9,5.72,143.0
male,68,203.0,102.0,21.0,111.0,40.9,9.047619047619047,190.0
male,27,172.0,71.0,29.0,109.0,40.6,6.103448275862069,177.0
male,32,188.0,94.0,4.0,87.0,38.7,3.5,14.0
female,24,160.0,60.0,17.0,104.0,40.2,5.823529411764706,99.0
male,47,174.0,78.0,15.0,91.0,40.3,4.533333333333333,68.0
male,72,182.0,81.0,26.0,101.0,40.8,7.269230769230769,189.0
male,64,198.0,99.0,28.0,103.0,40.6,7.571428571428571,212.0
male,40,189.0,88.0,11.0,90.0,40.0,4.2727272727272725,47.0
male,63,179.0,87.0,18.0,107.0,40.7,7.888888888888889,142.0
male,53,179.0,78.0,20.0,93.0,40.8,5.1,102.0
female,28,151.0,56.0,6.0,82.0,39.2,3.6666666666666665,22.0
male,22,163.0,62.0,4.0,86.0,38.3,2.25,9.0
male,51,190.0,94.0,8.0,86.0,39.0,4.25,34.0
female,23,156.0,58.0,21.0,102.0,40.6,5.619047619047619,118.0
male,21,199.0,95.0,13.0,90.0,39.9,3.4615384615384617,45.0
female,72,146.0,49.0,22.0,103.0,40.5,6.7272727272727275,148.0
female,66,145.0,49.0,18.0,104.0,40.2,6.722222222222222,121.0
female,21,165.0,60.0,28.0,105.0,40.4,5.892857142857143,165.0
male,74,186.0,86.0,22.0,110.0,40.5,8.863636363636363,195.0
female,22,150.0,52.0,22.0,102.0,40.7,5.681818181818182,125.0
female,48,169.0,65.0,11.0,94.0,39.3,5.090909090909091,56.0
male,31,183.0,92.0,18.0,89.0,40.3,3.7222222222222223,67.0
male,52,195.0,101.0,7.0,95.0,39.7,5.857142857142857,41.0
male,55,183.0,83.0,6.0,84.0,39.2,4.0,24.0
female,67,175.0,71.0,3.0,95.0,38.5,5.333333333333333,16.0
female,76,179.0,73.0,2.0,78.0,38.2,4.0,8.0
female,22,140.0,45.0,7.0,86.0,39.1,4.142857142857143,29.0
male,53,186.0,91.0,11.0,82.0,40.1,3.727272727272727,41.0
female,59,160.0,63.0,13.0,91.0,39.8,5.0,65.0
male,30,198.0,98.0,2.0,82.0,38.0,3.0,6.0
male,21,193.0,97.0,27.0,107.0,40.4,6.074074074074074,164.0
female,24,141.0,43.0,11.0,100.0,40.3,5.636363636363637,62.0
female,21,160.0,56.0,11.0,84.0,39.9,3.727272727272727,41.0
female,23,164.0,60.0,3.0,83.0,38.5,3.6666666666666665,11.0
female,22,168.0,61.0,6.0,85.0,39.3,3.8333333333333335,23.0
female,34,165.0,61.0,3.0,89.0,38.1,4.333333333333333,13.0
female,35,164.0,65.0,24.0,106.0,40.8,6.166666666666667,148.0
male,54,192.0,93.0,18.0,98.0,40.2,6.222222222222222,112.0
female,28,168.0,65.0,2.0,82.0,37.9,3.5,7.0
female,43,161.0,63.0,11.0,90.0,40.0,4.636363636363637,51.0
male,20,181.0,77.0,16.0,96.0,40.5,3.9375,63.0
male,24,198.0,100.0,15.0,88.0,39.8,3.4,51.0
female,52,161.0,63.0,14.0,96.0,40.0,5.428571428571429,76.0
female,36,158.0,58.0,11.0,89.0,39.8,4.454545454545454,49.0
male,76,170.0,77.0,22.0,113.0,40.5,9.181818181818182,202.0
female,69,169.0,67.0,15.0,90.0,40.2,5.066666666666666,76.0
male,64,174.0,81.0,3.0,83.0,38.6,4.333333333333333,13.0
female,21,185.0,80.0,12.0,103.0,39.9,5.416666666666667,65.0
female,63,166.0,63.0,9.0,99.0,39.9,6.0,54.0
female,22,154.0,52.0,12.0,94.0,39.7,4.833333333333333,58.0
male,51,188.0,89.0,26.0,97.0,40.9,5.846153846153846,152.0
male,23,182.0,83.0,17.0,96.0,40.2,4.235294117647059,72.0
female,72,171.0,75.0,3.0,95.0,38.3,5.666666666666667,17.0
female,53,179.0,79.0,7.0,85.0,39.4,4.0,28.0
female,52,159.0,59.0,11.0,92.0,39.9,5.090909090909091,56.0
male,28,201.0,106.0,15.0,104.0,40.2,6.133333333333334,92.0
male,24,176.0,76.0,10.0,82.0,39.8,2.0,20.0
male,43,198.0,101.0,17.0,100.0,40.5,6.176470588235294,105.0
female,35,170.0,66.0,8.0,99.0,39.8,5.375,43.0
male,24,185.0,90.0,8.0,86.0,39.6,2.875,23.0
female,23,177.0,66.0,23.0,103.0,40.6,5.6521739130434785,130.0
female,51,158.0,61.0,22.0,102.0,40.5,6.090909090909091,134.0
female,22,150.0,53.0,21.0,101.0,40.7,5.571428571428571,117.0
female,25,169.0,66.0,22.0,105.0,40.6,5.863636363636363,129.0
male,24,179.0,74.0,4.0,92.0,39.1,3.5,14.0
male,21,207.0,102.0,7.0,84.0,39.3,2.7142857142857144,19.0
female,33,156.0,57.0,23.0,104.0,40.3,6.043478260869565,139.0
female,56,168.0,71.0,27.0,108.0,41.0,6.666666666666667,180.0
male,31,190.0,87.0,19.0,94.0,40.4,4.368421052631579,83.0
female,37,156.0,53.0,2.0,84.0,38.0,4.0,8.0
male,38,171.0,72.0,30.0,111.0,40.9,6.966666666666667,209.0
male,29,187.0,82.0,13.0,99.0,39.8,4.923076923076923,64.0
female,53,158.0,60.0,14.0,87.0,40.2,4.571428571428571,64.0
female,65,158.0,58.0,24.0,105.0,40.8,6.708333333333333,161.0
male,21,205.0,108.0,2.0,84.0,37.9,3.0,6.0
male,33,196.0,99.0,28.0,110.0,40.5,7.142857142857143,200.0
male,20,180.0,84.0,27.0,107.0,40.3,5.7407407407407405,155.0
male,74,180.0,86.0,9.0,88.0,39.7,5.555555555555555,50.0
female,29,170.0,67.0,13.0,91.0,40.1,4.461538461538462,58.0
male,60,197.0,109.0,22.0,104.0,40.6,7.7727272727272725,171.0
female,71,156.0,56.0,15.0,98.0,40.2,6.066666666666666,91.0
male,21,182.0,81.0,24.0,112.0,40.6,6.5,156.0
female,51,153.0,58.0,15.0,97.0,40.5,5.6,84.0
male,20,180.0,87.0,7.0,82.0,39.6,2.0,14.0
female,68,147.0,48.0,8.0,86.0,39.5,4.875,39.0
male,32,188.0,93.0,16.0,110.0,40.1,7.0,112.0
female,22,173.0,72.0,28.0,107.0,40.5,5.964285714285714,167.0
female,48,155.0,54.0,2.0,78.0,37.7,3.5,7.0
male,37,185.0,84.0,26.0,105.0,40.5,6.269230769230769,163.0
male,67,212.0,124.0,16.0,87.0,40.1,5.875,94.0
male,72,200.0,107.0,15.0,96.0,39.9,7.066666666666666,106.0
male,28,184.0,85.0,7.0,89.0,39.6,3.4285714285714284,24.0
female,43,187.0,87.0,19.0,99.0,40.5,5.2631578947368425,100.0
male,38,172.0,75.0,12.0,95.0,40.1,4.583333333333333,55.0
male,33,179.0,76.0,16.0,91.0,40.5,3.8125,61.0
female,63,168.0,66.0,26.0,103.0,40.7,6.346153846153846,165.0
female,51,174.0,74.0,24.0,102.0,40.4,5.916666666666667,142.0
male,27,187.0,92.0,13.0,92.0,40.0,4.0,52.0
female,58,158.0,63.0,13.0,97.0,40.4,5.615384615384615,73.0
male,45,189.0,88.0,23.0,102.0,40.6,6.260869565217392,144.0
male,24,171.0,75.0,17.0,101.0,40.2,4.823529411764706,82.0
female,54,152.0,53.0,19.0,101.0,40.2,6.157894736842105,117.0
male,49,201.0,101.0,16.0,95.0,40.1,5.6875,91.0
male,38,172.0,70.0,24.0,102.0,40.6,5.541666666666667,133.0
male,59,185.0,91.0,22.0,98.0,40.8,6.409090909090909,141.0
female,21,164.0,61.0,19.0,95.0,40.3,4.7894736842105265,91.0
male,20,189.0,91.0,10.0,93.0,40.1,3.8,38.0
female,35,161.0,62.0,15.0,102.0,40.3,5.8,87.0
female,29,168.0,64.0,25.0,109.0,40.5,6.4,160.0
male,24,189.0,97.0,18.0,99.0,40.5,5.0,90.0
male,59,190.0,92.0,11.0,87.0,39.6,4.818181818181818,53.0
female,52,155.0,54.0,24.0,101.0,40.6,6.083333333333333,146.0
male,23,189.0,93.0,12.0,98.0,39.9,4.75,57.0
female,44,166.0,68.0,16.0,101.0,40.3,5.75,92.0
female,33,156.0,58.0,18.0,98.0,40.5,5.388888888888889,97.0
male,35,179.0,76.0,5.0,79.0,39.0,2.0,10.0
female,35,160.0,58.0,2.0,77.0,38.2,3.0,6.0
male,77,183.0,84.0,9.0,88.0,39.9,5.666666666666667,51.0
male,73,200.0,106.0,12.0,89.0,40.0,6.083333333333333,73.0
female,58,163.0,66.0,24.0,103.0,40.7,6.25,150.0
male,49,177.0,77.0,5.0,95.0,39.6,5.2,26.0
male,71,185.0,98.0,14.0,98.0,40.2,7.142857142857143,100.0
female,79,157.0,60.0,17.0,98.0,40.7,6.176470588235294,105.0
female,22,161.0,67.0,3.0,81.0,38.6,3.3333333333333335,10.0
female,41,170.0,72.0,17.0,92.0,40.2,4.705882352941177,80.0
female,41,154.0,51.0,5.0,87.0,39.4,4.4,22.0
female,22,162.0,56.0,20.0,95.0,40.4,4.9,98.0
female,35,174.0,68.0,10.0,90.0,39.7,4.4,44.0
male,38,177.0,79.0,28.0,107.0,41.0,6.5,182.0
male,45,182.0,78.0,8.0,92.0,39.7,4.5,36.0
female,45,171.0,66.0,6.0,82.0,39.2,3.8333333333333335,23.0
female,59,154.0,55.0,9.0,101.0,39.7,6.222222222222222,56.0
female,52,191.0,78.0,16.0,92.0,40.5,4.8125,77.0
male,23,191.0,89.0,14.0,99.0,40.0,4.785714285714286,67.0
female,50,156.0,55.0,23.0,98.0,40.8,5.739130434782608,132.0
male,30,198.0,103.0,19.0,100.0,40.1,5.578947368421052,106.0
female,62,161.0,65.0,11.0,88.0,39.5,4.7272727272727275,52.0
male,65,176.0,83.0,26.0,109.0,41.0,8.192307692307692,213.0
female,48,169.0,66.0,27.0,100.0,40.7,5.7407407407407405,155.0
female,68,172.0,74.0,8.0,93.0,39.7,5.25,42.0
male,24,183.0,83.0,13.0,90.0,40.2,3.3846153846153846,44.0
female,23,154.0,51.0,9.0,91.0,39.7,4.555555555555555,41.0
male,71,205.0,115.0,20.0,95.0,40.7,7.05,141.0
male,58,212.0,111.0,20.0,95.0,40.3,6.35,127.0
male,51,189.0,88.0,16.0,101.0,40.0,6.4375,103.0
female,37,162.0,60.0,19.0,98.0,40.3,5.421052631578948,103.0
female,65,176.0,71.0,12.0,94.0,39.9,5.333333333333333,64.0
male,30,181.0,80.0,2.0,89.0,38.3,3.5,7.0
female,73,174.0,72.0,28.0,113.0,41.2,7.5,210.0
female,24,180.0,77.0,28.0,113.0,40.5,6.571428571428571,184.0
male,71,196.0,106.0,2.0,84.0,38.3,5.0,10.0
male,30,206.0,106.0,6.0,92.0,39.2,4.5,27.0
male,27,173.0,71.0,12.0,97.0,40.4,4.333333333333333,52.0
female,22,162.0,59.0,15.0,104.0,40.0,5.8,87.0
female,53,181.0,77.0,9.0,82.0,39.8,3.7777777777777777,34.0
male,76,187.0,96.0,12.0,96.0,40.1,7.083333333333333,85.0
male,28,186.0,82.0,12.0,94.0,39.6,4.166666666666667,50.0
male,20,176.0,76.0,4.0,89.0,39.0,2.75,11.0
male,52,180.0,76.0,14.0,97.0,40.4,5.571428571428571,78.0
male,39,187.0,87.0,25.0,114.0,40.7,7.8,195.0
male,22,197.0,99.0,18.0,91.0,40.5,3.7777777777777777,68.0
female,54,161.0,60.0,9.0,94.0,39.5,5.333333333333333,48.0
male,60,180.0,79.0,4.0,87.0,38.9,4.5,18.0
female,34,186.0,72.0,17.0,99.0,40.6,5.294117647058823,90.0
female,28,149.0,54.0,22.0,97.0,40.6,5.2272727272727275,115.0
male,39,172.0,77.0,15.0,94.0,40.4,4.533333333333333,68.0
female,27,160.0,56.0,27.0,108.0,40.7,6.37037037037037,172.0
male,38,193.0,91.0,21.0,102.0,40.6,6.0,126.0
female,34,146.0,53.0,7.0,93.0,39.8,5.0,35.0
female,61,170.0,68.0,16.0,101.0,40.2,6.0625,97.0
female,37,176.0,70.0,25.0,108.0,41.0,6.36,159.0
female,34,168.0,67.0,20.0,95.0,40.2,4.95,99.0
female,27,166.0,58.0,20.0,93.0,40.5,4.75,95.0
male,58,165.0,66.0,22.0,98.0,40.9,5.818181818181818,128.0
female,22,155.0,51.0,29.0,111.0,40.8,6.689655172413793,194.0
female,27,167.0,60.0,28.0,101.0,40.9,5.571428571428571,156.0
female,32,162.0,60.0,21.0,102.0,40.6,5.761904761904762,121.0
male,37,179.0,79.0,23.0,101.0,40.6,5.565217391304348,128.0
male,44,179.0,81.0,7.0,86.0,39.4,3.7142857142857144,26.0
male,40,176.0,77.0,28.0,107.0,40.9,6.571428571428571,184.0
female,46,171.0,68.0,25.0,102.0,40.6,5.92,148.0
male,31,202.0,98.0,14.0,97.0,40.3,5.071428571428571,71.0
female,52,141.0,47.0,15.0,101.0,40.2,6.2,93.0
female,29,177.0,69.0,23.0,106.0,40.6,6.0,138.0
female,53,169.0,64.0,11.0,96.0,39.7,5.454545454545454,60.0
female,20,187.0,75.0,1.0,75.0,37.6,2.0,2.0
female,52,178.0,79.0,3.0,83.0,39.0,3.6666666666666665,11.0
female,33,165.0,64.0,23.0,96.0,40.4,5.086956521739131,117.0
female,69,169.0,67.0,30.0,113.0,40.8,7.5,225.0
female,39,136.0,43.0,2.0,91.0,38.5,5.0,10.0
female,38,162.0,61.0,19.0,95.0,40.2,5.105263157894737,97.0
male,52,193.0,94.0,24.0,103.0,40.8,6.916666666666667,166.0
female,59,163.0,63.0,20.0,95.0,40.6,5.45,109.0
male,61,191.0,100.0,28.0,111.0,40.8,8.678571428571429,243.0
female,23,142.0,47.0,12.0,96.0,39.9,5.166666666666667,62.0
female,62,153.0,57.0,21.0,105.0,40.3,6.666666666666667,140.0
male,24,179.0,76.0,27.0,108.0,40.8,5.925925925925926,160.0
male,47,194.0,99.0,29.0,102.0,40.7,6.620689655172414,192.0
male,76,195.0,95.0,5.0,82.0,39.2,5.0,25.0
female,74,172.0,74.0,13.0,96.0,40.1,5.6923076923076925,74.0
female,79,174.0,72.0,24.0,91.0,40.6,5.25,126.0
male,68,199.0,104.0,22.0,108.0,40.5,8.636363636363637,190.0
male,74,194.0,97.0,6.0,94.0,39.2,6.666666666666667,40.0
male,29,182.0,84.0,10.0,99.0,39.8,5.0,50.0
male,27,183.0,80.0,13.0,94.0,39.8,4.0,52.0
male,63,190.0,94.0,21.0,95.0,40.7,6.238095238095238,131.0
male,22,174.0,75.0,13.0,86.0,40.2,2.4615384615384617,32.0
female,28,171.0,72.0,13.0,92.0,40.1,4.461538461538462,58.0
female,44,168.0,66.0,25.0,110.0,40.7,6.76,169.0
female,64,182.0,74.0,3.0,87.0,38.7,4.666666666666667,14.0
female,30,148.0,47.0,29.0,105.0,40.5,6.241379310344827,181.0
male,35,202.0,112.0,15.0,92.0,40.1,4.8,72.0
male,38,189.0,93.0,13.0,90.0,39.8,4.230769230769231,55.0
female,57,160.0,67.0,27.0,109.0,40.6,6.851851851851852,185.0
male,58,193.0,95.0,20.0,99.0,40.3,6.6,132.0
male,25,196.0,94.0,11.0,85.0,39.6,2.909090909090909,32.0
female,70,148.0,57.0,3.0,91.0,38.9,5.333333333333333,16.0
male,30,184.0,82.0,4.0,87.0,38.8,3.25,13.0
female,35,169.0,69.0,18.0,104.0,40.3,5.888888888888889,106.0
female,20,171.0,68.0,23.0,99.0,41.1,5.130434782608695,118.0
female,54,168.0,63.0,10.0,92.0,39.9,5.0,50.0
male,23,200.0,107.0,8.0,93.0,39.4,4.25,34.0
female,71,154.0,61.0,25.0,111.0,40.6,7.4,185.0
male,62,193.0,97.0,14.0,94.0,40.3,6.071428571428571,85.0
female,39,167.0,63.0,25.0,107.0,40.9,6.4,160.0
male,61,196.0,96.0,2.0,73.0,38.5,3.0,6.0
female,55,159.0,59.0,26.0,108.0,40.9,6.846153846153846,178.0
female,22,174.0,73.0,20.0,101.0,40.3,5.3,106.0
female,27,160.0,56.0,25.0,104.0,40.7,5.96,149.0
female,21,158.0,58.0,11.0,88.0,40.0,4.090909090909091,45.0
male,34,177.0,78.0,29.0,115.0,40.7,7.482758620689655,217.0
male,60,196.0,99.0,23.0,105.0,40.5,7.695652173913044,177.0
female,28,162.0,61.0,12.0,92.0,39.9,4.583333333333333,55.0
male,60,194.0,99.0,22.0,98.0,40.6,6.636363636363637,146.0
male,24,188.0,90.0,13.0,93.0,40.0,3.923076923076923,51.0
male,35,165.0,69.0,9.0,98.0,39.7,4.777777777777778,43.0
female,59,167.0,69.0,23.0,106.0,41.1,6.565217391304348,151.0
female,24,171.0,68.0,11.0,89.0,39.6,4.090909090909091,45.0
male,25,190.0,91.0,24.0,116.0,40.5,7.5,180.0
female,42,167.0,68.0,12.0,93.0,40.0,4.833333333333333,58.0
female,74,148.0,46.0,29.0,108.0,40.9,7.344827586206897,213.0
female,28,170.0,70.0,11.0,86.0,40.1,3.8181818181818183,42.0
male,78,181.0,85.0,29.0,107.0,40.6,8.551724137931034,248.0
male,72,183.0,91.0,4.0,79.0,38.8,4.25,17.0
male,41,174.0,83.0,6.0,84.0,39.6,3.3333333333333335,20.0
female,51,162.0,63.0,24.0,103.0,40.9,6.166666666666667,148.0
female,27,163.0,60.0,4.0,82.0,38.7,3.5,14.0
female,38,152.0,57.0,9.0,79.0,39.6,3.4444444444444446,31.0
female,59,163.0,65.0,10.0,96.0,39.9,5.5,55.0
female,20,157.0,57.0,18.0,103.0,40.2,5.722222222222222,103.0
female,37,172.0,70.0,16.0,96.0,40.2,5.0625,81.0
male,53,179.0,84.0,14.0,93.0,40.0,5.214285714285714,73.0
female,43,154.0,55.0,10.0,89.0,39.8,4.6,46.0
female,31,168.0,65.0,10.0,88.0,40.0,4.2,42.0
male,57,175.0,78.0,4.0,77.0,38.8,2.75,11.0
male,22,182.0,82.0,27.0,106.0,40.4,5.62962962962963,152.0
male,27,187.0,87.0,17.0,95.0,40.3,4.352941176470588,74.0
male,73,175.0,73.0,11.0,94.0,39.9,6.090909090909091,67.0
male,22,176.0,72.0,26.0,104.0,41.0,5.115384615384615,133.0
female,77,174.0,73.0,18.0,98.0,40.3,5.944444444444445,107.0
female,32,165.0,61.0,10.0,89.0,39.6,4.4,44.0
male,23,193.0,92.0,22.0,110.0,40.6,6.5,143.0
female,34,161.0,67.0,27.0,109.0,41.3,6.444444444444445,174.0
female,30,153.0,53.0,26.0,108.0,40.6,6.461538461538462,168.0
male,21,180.0,81.0,20.0,97.0,40.4,4.2,84.0
female,48,156.0,54.0,23.0,106.0,40.4,6.565217391304348,151.0
male,24,188.0,93.0,18.0,99.0,40.3,4.944444444444445,89.0
female,50,168.0,67.0,5.0,81.0,39.2,3.8,19.0
female,29,143.0,45.0,17.0,92.0,40.4,4.823529411764706,82.0
male,31,175.0,76.0,16.0,89.0,40.2,3.375,54.0
male,46,171.0,73.0,26.0,101.0,40.7,5.846153846153846,152.0
female,72,149.0,53.0,18.0,96.0,40.0,5.944444444444445,107.0
female,26,177.0,75.0,12.0,89.0,40.0,4.083333333333333,49.0
male,64,182.0,92.0,22.0,101.0,40.4,7.136363636363637,157.0
male,24,180.0,81.0,27.0,94.0,40.6,3.925925925925926,106.0
female,24,157.0,50.0,14.0,95.0,40.3,5.0,70.0
male,21,181.0,83.0,21.0,102.0,40.3,5.0,105.0
female,32,182.0,84.0,7.0,95.0,39.4,4.714285714285714,33.0
female,50,153.0,52.0,10.0,90.0,39.7,4.9,49.0
female,29,163.0,60.0,19.0,109.0,40.1,6.473684210526316,123.0
male,30,186.0,89.0,27.0,102.0,40.9,5.592592592592593,151.0
female,33,153.0,60.0,8.0,84.0,39.4,3.875,31.0
male,39,164.0,73.0,22.0,97.0,40.5,4.909090909090909,108.0
female,40,156.0,53.0,22.0,106.0,40.8,6.454545454545454,142.0
female,36,156.0,58.0,29.0,112.0,41.1,6.931034482758621,201.0
female,47,173.0,74.0,10.0,97.0,39.8,5.3,53.0
female,59,156.0,57.0,21.0,102.0,40.6,6.285714285714286,132.0
male,32,189.0,93.0,8.0,84.0,39.3,3.0,24.0
female,34,162.0,58.0,20.0,108.0,40.6,6.45,129.0
male,23,180.0,82.0,14.0,91.0,40.3,3.4285714285714284,48.0
female,53,167.0,68.0,27.0,117.0,40.8,7.62962962962963,206.0
female,49,163.0,62.0,30.0,100.0,41.2,5.833333333333333,175.0
female,34,169.0,67.0,18.0,102.0,40.5,5.722222222222222,103.0
female,34,180.0,73.0,26.0,89.0,40.5,4.230769230769231,110.0
female,22,164.0,55.0,6.0,87.0,39.1,4.0,24.0
male,20,191.0,90.0,16.0,88.0,40.1,3.0,48.0
female,20,179.0,74.0,3.0,92.0,38.7,4.333333333333333,13.0
male,73,199.0,97.0,22.0,107.0,40.9,8.590909090909092,189.0
male,38,178.0,81.0,26.0,110.0,40.6,7.0,182.0
female,39,162.0,60.0,27.0,109.0,40.9,6.62962962962963,179.0
male,31,187.0,91.0,14.0,96.0,40.4,4.785714285714286,67.0
male,33,196.0,92.0,6.0,91.0,39.2,4.166666666666667,25.0
male,33,176.0,79.0,13.0,101.0,40.0,5.384615384615385,70.0
female,26,179.0,76.0,21.0,105.0,40.6,5.761904761904762,121.0
male,20,173.0,77.0,12.0,84.0,39.8,2.0833333333333335,25.0
female,21,163.0,60.0,3.0,86.0,38.6,4.0,12.0
female,60,163.0,60.0,11.0,91.0,39.7,5.090909090909091,56.0
female,59,157.0,61.0,25.0,107.0,40.9,6.76,169.0
female,69,179.0,76.0,9.0,87.0,39.7,4.555555555555555,41.0
male,74,183.0,80.0,6.0,80.0,39.5,4.166666666666667,25.0
male,20,173.0,75.0,9.0,93.0,39.9,3.4444444444444446,31.0
male,22,163.0,65.0,9.0,92.0,40.0,3.2222222222222223,29.0
female,44,196.0,94.0,15.0,90.0,40.3,4.2,63.0
male,50,172.0,73.0,13.0,98.0,40.1,5.615384615384615,73.0
female,56,164.0,67.0,11.0,86.0,39.9,4.363636363636363,48.0
male,53,202.0,107.0,26.0,100.0,40.6,6.769230769230769,176.0
male,59,188.0,90.0,7.0,85.0,39.2,4.428571428571429,31.0
male,30,183.0,83.0,8.0,93.0,39.7,4.125,33.0
male,47,184.0,90.0,11.0,91.0,39.6,4.7272727272727275,52.0
female,61,161.0,68.0,25.0,105.0,40.7,6.48,162.0
female,20,162.0,58.0,4.0,76.0,39.2,2.75,11.0
male,37,184.0,84.0,28.0,110.0,40.9,7.0,196.0
female,24,180.0,69.0,23.0,96.0,40.6,4.869565217391305,112.0
female,21,168.0,58.0,5.0,87.0,39.3,4.0,20.0
male,72,204.0,112.0,24.0,107.0,40.6,8.875,213.0
female,40,170.0,67.0,6.0,82.0,39.4,3.6666666666666665,22.0
male,55,180.0,89.0,4.0,81.0,38.8,3.5,14.0
male,44,186.0,93.0,21.0,93.0,40.4,5.0,105.0
female,30,154.0,56.0,3.0,88.0,38.4,4.333333333333333,13.0
male,56,183.0,86.0,19.0,103.0,40.3,6.894736842105263,131.0
male,52,173.0,77.0,14.0,88.0,40.4,4.285714285714286,60.0
female,36,175.0,68.0,18.0,89.0,40.2,4.333333333333333,78.0
female,60,171.0,71.0,30.0,115.0,40.9,7.5,225.0
male,38,174.0,74.0,22.0,103.0,40.6,5.7727272727272725,127.0
male,79,189.0,92.0,17.0,104.0,40.2,8.294117647058824,141.0
male,21,195.0,89.0,6.0,87.0,39.2,2.8333333333333335,17.0
male,30,189.0,97.0,20.0,100.0,40.3,5.45,109.0
male,26,167.0,64.0,24.0,105.0,40.6,5.291666666666667,127.0
male,65,193.0,91.0,8.0,87.0,40.0,5.0,40.0
female,20,164.0,58.0,5.0,87.0,38.5,4.0,20.0
male,71,191.0,97.0,19.0,93.0,40.6,6.368421052631579,121.0
female,42,173.0,72.0,28.0,111.0,41.0,6.75,189.0
female,27,174.0,68.0,24.0,109.0,40.6,6.333333333333333,152.0
female,36,168.0,69.0,19.0,95.0,40.7,4.947368421052632,94.0
female,44,169.0,62.0,22.0,103.0,40.5,6.045454545454546,133.0
male,32,176.0,74.0,21.0,106.0,40.5,5.9523809523809526,125.0
female,34,174.0,67.0,18.0,95.0,40.6,4.944444444444445,89.0
female,22,172.0,70.0,23.0,95.0,40.6,4.695652173913044,108.0
male,29,186.0,91.0,8.0,84.0,39.6,2.875,23.0
male,73,195.0,103.0,7.0,89.0,39.6,6.0,42.0
male,67,180.0,88.0,15.0,100.0,40.2,7.066666666666666,106.0
female,31,166.0,70.0,17.0,95.0,40.1,4.882352941176471,83.0
male,23,193.0,83.0,7.0,83.0,39.2,2.2857142857142856,16.0
male,38,190.0,91.0,26.0,113.0,40.8,7.653846153846154,199.0
female,37,169.0,67.0,22.0,103.0,40.7,5.863636363636363,129.0
female,49,171.0,65.0,10.0,95.0,39.8,5.3,53.0
male,38,194.0,99.0,13.0,93.0,40.1,4.846153846153846,63.0
male,25,184.0,83.0,28.0,107.0,40.8,5.964285714285714,167.0
female,42,161.0,64.0,2.0,85.0,38.2,4.0,8.0
male,63,184.0,85.0,28.0,110.0,40.9,8.285714285714286,232.0
male,42,176.0,78.0,4.0,88.0,39.1,3.75,15.0
male,48,181.0,86.0,3.0,87.0,38.9,4.0,12.0
female,23,198.0,82.0,17.0,100.0,40.4,5.117647058823529,87.0
male,29,188.0,89.0,29.0,111.0,40.8,6.896551724137931,200.0
female,36,166.0,64.0,27.0,105.0,41.0,6.111111111111111,165.0
male,35,182.0,77.0,2.0,80.0,38.3,2.0,4.0
female,40,160.0,58.0,21.0,103.0,40.5,6.0476190476190474,127.0
male,21,195.0,93.0,6.0,93.0,39.2,3.8333333333333335,23.0
female,70,179.0,73.0,25.0,107.0,40.7,6.8,170.0
male,27,206.0,106.0,13.0,89.0,40.1,3.8461538461538463,50.0
female,62,166.0,65.0,1.0,73.0,37.9,3.0,3.0
female,41,164.0,60.0,11.0,91.0,39.8,4.7272727272727275,52.0
male,21,191.0,97.0,3.0,86.0,38.1,3.0,9.0
female,28,161.0,56.0,2.0,85.0,38.2,4.0,8.0
female,43,161.0,63.0,19.0,101.0,40.3,5.7894736842105265,110.0
female,26,177.0,75.0,15.0,94.0,40.6,4.6,69.0
female,71,153.0,53.0,22.0,101.0,40.7,6.454545454545454,142.0
female,71,166.0,63.0,25.0,100.0,40.7,6.2,155.0
male,39,183.0,83.0,20.0,91.0,40.2,4.25,85.0
female,27,163.0,64.0,19.0,105.0,40.4,5.947368421052632,113.0
male,56,173.0,73.0,4.0,85.0,38.4,4.0,16.0
female,41,164.0,61.0,10.0,85.0,39.6,4.1,41.0
male,35,202.0,97.0,24.0,103.0,40.8,6.125,147.0
male,42,202.0,108.0,2.0,77.0,38.2,3.0,6.0
female,56,150.0,54.0,5.0,94.0,39.2,5.4,27.0
male,34,184.0,88.0,5.0,82.0,39.1,2.8,14.0
male,74,204.0,112.0,14.0,94.0,40.0,7.0,98.0
male,39,191.0,88.0,17.0,103.0,40.3,6.117647058823529,104.0
female,61,175.0,74.0,4.0,90.0,38.9,4.75,19.0
female,28,160.0,63.0,5.0,85.0,39.1,3.8,19.0
female,75,157.0,58.0,11.0,93.0,40.2,5.636363636363637,62.0
male,66,197.0,101.0,8.0,87.0,39.6,5.375,43.0
male,37,194.0,96.0,11.0,94.0,39.7,4.818181818181818,53.0
male,40,180.0,84.0,11.0,90.0,40.0,4.181818181818182,46.0
male,48,179.0,77.0,12.0,100.0,40.0,5.916666666666667,71.0
female,38,164.0,64.0,8.0,90.0,39.8,4.5,36.0
female,21,172.0,71.0,27.0,108.0,40.8,6.074074074074074,164.0
male,74,206.0,117.0,5.0,92.0,39.2,6.8,34.0
male,25,182.0,91.0,8.0,84.0,39.4,2.625,21.0
female,23,185.0,76.0,11.0,89.0,40.0,4.0,44.0
female,70,162.0,64.0,3.0,87.0,38.5,4.666666666666667,14.0
female,68,172.0,76.0,24.0,109.0,40.6,6.916666666666667,166.0
male,21,197.0,103.0,14.0,99.0,40.0,5.0,70.0
male,21,197.0,101.0,30.0,108.0,41.0,6.3,189.0
female,73,173.0,72.0,16.0,99.0,40.4,6.0,96.0
female,25,157.0,59.0,11.0,82.0,39.7,3.5454545454545454,39.0
male,57,203.0,106.0,19.0,100.0,40.4,6.947368421052632,132.0
female,59,157.0,51.0,11.0,94.0,39.8,5.545454545454546,61.0
male,34,183.0,81.0,3.0,84.0,38.5,3.0,9.0
male,78,175.0,79.0,15.0,105.0,40.1,8.133333333333333,122.0
male,28,179.0,87.0,7.0,89.0,39.5,3.4285714285714284,24.0
female,46,166.0,64.0,28.0,99.0,40.7,5.642857142857143,158.0
male,46,195.0,93.0,17.0,103.0,40.4,6.588235294117647,112.0
male,22,186.0,93.0,11.0,87.0,39.9,3.0,33.0
male,75,186.0,84.0,29.0,107.0,41.1,8.379310344827585,243.0
male,25,210.0,111.0,22.0,104.0,40.6,6.136363636363637,135.0
male,71,177.0,75.0,23.0,110.0,40.4,8.478260869565217,195.0
female,67,172.0,72.0,8.0,89.0,39.3,4.875,39.0
male,59,179.0,81.0,5.0,83.0,39.1,4.0,20.0
female,47,162.0,64.0,18.0,94.0,40.7,5.111111111111111,92.0
male,24,175.0,70.0,8.0,90.0,39.3,3.125,25.0
female,40,158.0,60.0,17.0,95.0,40.1,5.176470588235294,88.0
female,60,177.0,76.0,24.0,108.0,40.6,6.666666666666667,160.0
male,29,188.0,86.0,4.0,85.0,39.1,3.0,12.0
female,35,162.0,55.0,16.0,92.0,40.5,4.8125,77.0
female,26,157.0,58.0,13.0,92.0,40.1,4.615384615384615,60.0
male,26,186.0,82.0,21.0,106.0,40.6,5.857142857142857,123.0
female,20,162.0,61.0,13.0,91.0,40.2,4.384615384615385,57.0
male,26,184.0,90.0,14.0,95.0,40.0,4.357142857142857,61.0
female,52,181.0,76.0,18.0,96.0,40.3,5.277777777777778,95.0
male,31,189.0,94.0,16.0,90.0,40.4,3.9375,63.0
female,21,165.0,60.0,20.0,103.0,40.6,5.7,114.0
female,25,161.0,63.0,2.0,84.0,38.3,3.5,7.0
female,37,168.0,66.0,19.0,94.0,40.6,4.894736842105263,93.0
female,26,156.0,56.0,16.0,89.0,40.3,4.3125,69.0
female,60,166.0,66.0,22.0,111.0,40.6,7.136363636363637,157.0
female,42,170.0,70.0,25.0,111.0,40.5,6.76,169.0
female,21,167.0,67.0,21.0,103.0,40.4,5.571428571428571,117.0
male,44,183.0,91.0,15.0,90.0,40.4,4.466666666666667,67.0
male,37,174.0,79.0,24.0,106.0,40.8,6.291666666666667,151.0
male,32,167.0,66.0,11.0,93.0,39.8,3.8181818181818183,42.0
female,28,160.0,61.0,5.0,88.0,39.6,4.2,21.0
male,45,191.0,91.0,14.0,94.0,39.9,5.142857142857143,72.0
male,32,181.0,86.0,9.0,90.0,39.8,3.7777777777777777,34.0
male,52,184.0,87.0,18.0,101.0,40.5,6.444444444444445,116.0
female,42,154.0,52.0,17.0,101.0,40.6,5.9411764705882355,101.0
male,35,183.0,91.0,6.0,83.0,39.1,3.0,18.0
female,36,165.0,66.0,8.0,98.0,39.6,5.375,43.0
male,52,193.0,96.0,29.0,108.0,40.9,7.689655172413793,223.0
male,31,199.0,97.0,14.0,97.0,40.5,5.071428571428571,71.0
female,42,160.0,61.0,8.0,92.0,39.5,4.875,39.0
female,66,158.0,52.0,25.0,96.0,40.8,5.84,146.0
female,59,171.0,71.0,5.0,94.0,39.2,5.2,26.0
male,38,187.0,82.0,9.0,95.0,39.5,4.777777777777778,43.0
female,53,163.0,60.0,13.0,86.0,40.1,4.461538461538462,58.0
female,26,162.0,62.0,26.0,101.0,41.0,5.538461538461538,144.0
male,29,170.0,69.0,10.0,88.0,39.7,3.0,30.0
female,21,158.0,57.0,17.0,96.0,40.4,5.0,85.0
female,37,164.0,60.0,17.0,102.0,40.2,5.882352941176471,100.0
female,29,165.0,58.0,12.0,90.0,39.8,4.5,54.0
male,31,188.0,90.0,11.0,99.0,40.5,5.181818181818182,57.0
female,45,161.0,65.0,7.0,80.0,39.5,3.5714285714285716,25.0
female,21,157.0,59.0,28.0,114.0,40.7,6.857142857142857,192.0
female,59,156.0,54.0,12.0,96.0,40.0,5.666666666666667,68.0
male,22,174.0,76.0,15.0,93.0,40.6,3.533333333333333,53.0
male,60,172.0,76.0,14.0,102.0,40.2,6.714285714285714,94.0
male,24,186.0,84.0,10.0,90.0,39.7,3.4,34.0
male,55,189.0,97.0,8.0,91.0,39.4,5.25,42.0
female,44,169.0,68.0,10.0,90.0,39.7,4.6,46.0
female,57,148.0,50.0,23.0,108.0,40.6,7.0,161.0
female,28,177.0,70.0,15.0,91.0,40.3,4.4,66.0
female,57,157.0,60.0,27.0,110.0,40.7,7.074074074074074,191.0
male,45,178.0,76.0,19.0,96.0,40.1,5.105263157894737,97.0
male,48,195.0,94.0,14.0,100.0,40.1,6.285714285714286,88.0
male,41,176.0,83.0,6.0,85.0,39.4,3.5,21.0
male,76,197.0,102.0,20.0,98.0,40.5,7.5,150.0
male,21,197.0,100.0,21.0,97.0,40.5,4.619047619047619,97.0
female,32,171.0,70.0,23.0,104.0,40.7,5.826086956521739,134.0
male,56,188.0,89.0,15.0,97.0,39.9,6.066666666666666,91.0
male,30,177.0,80.0,9.0,92.0,39.4,3.888888888888889,35.0
male,24,174.0,75.0,20.0,99.0,40.3,4.55,91.0
male,35,200.0,97.0,5.0,92.0,39.1,4.4,22.0
female,35,155.0,54.0,17.0,101.0,40.4,5.823529411764706,99.0
male,65,194.0,98.0,18.0,97.0,40.4,6.722222222222222,121.0
male,62,165.0,71.0,7.0,93.0,39.4,5.428571428571429,38.0
female,46,163.0,60.0,11.0,93.0,39.9,5.090909090909091,56.0
female,40,164.0,66.0,10.0,91.0,39.6,4.7,47.0
male,32,189.0,94.0,7.0,83.0,39.2,2.857142857142857,20.0
female,27,172.0,69.0,6.0,73.0,39.4,2.5,15.0
male,30,207.0,108.0,13.0,84.0,40.1,3.3076923076923075,43.0
male,73,186.0,89.0,6.0,90.0,39.2,5.833333333333333,35.0
male,21,183.0,82.0,30.0,113.0,41.0,6.666666666666667,200.0
male,35,182.0,85.0,22.0,104.0,40.5,6.045454545454546,133.0
male,35,194.0,95.0,2.0,79.0,38.6,2.5,5.0
male,35,198.0,99.0,10.0,101.0,40.1,5.9,59.0
male,67,184.0,86.0,2.0,81.0,38.2,4.0,8.0
female,26,154.0,56.0,19.0,97.0,40.6,5.157894736842105,98.0
female,38,158.0,61.0,27.0,112.0,40.7,6.925925925925926,187.0
female,28,167.0,66.0,3.0,87.0,38.5,4.0,12.0
male,20,178.0,83.0,12.0,102.0,39.9,5.0,60.0
female,46,163.0,63.0,3.0,84.0,38.6,4.0,12.0
female,58,155.0,60.0,11.0,100.0,39.9,6.0,66.0
male,57,195.0,91.0,14.0,92.0,40.0,5.428571428571429,76.0
female,68,171.0,72.0,12.0,93.0,39.9,5.25,63.0
male,47,184.0,82.0,9.0,89.0,39.7,4.333333333333333,39.0
male,52,196.0,97.0,24.0,104.0,40.9,7.125,171.0
male,24,170.0,68.0,15.0,94.0,40.1,3.6,54.0
male,49,190.0,96.0,28.0,103.0,40.5,6.785714285714286,190.0
female,49,173.0,70.0,3.0,80.0,38.2,3.6666666666666665,11.0
male,76,192.0,95.0,17.0,101.0,40.3,7.764705882352941,132.0
male,51,217.0,118.0,4.0,85.0,39.1,4.75,19.0
male,25,198.0,96.0,5.0,85.0,39.1,3.0,15.0
female,46,155.0,60.0,10.0,98.0,39.8,5.6,56.0
male,34,176.0,83.0,22.0,92.0,40.7,4.136363636363637,91.0
male,25,171.0,74.0,27.0,104.0,40.7,5.333333333333333,144.0
female,58,157.0,62.0,22.0,102.0,40.7,6.181818181818182,136.0
female,21,167.0,67.0,20.0,105.0,40.7,5.8,116.0
female,36,160.0,59.0,6.0,84.0,39.4,4.0,24.0
female,20,173.0,69.0,17.0,95.0,40.4,4.705882352941177,80.0
female,20,169.0,61.0,28.0,102.0,41.0,5.535714285714286,155.0
male,23,189.0,90.0,15.0,90.0,40.1,3.466666666666667,52.0
male,29,165.0,66.0,17.0,92.0,40.4,3.5294117647058822,60.0
female,39,161.0,61.0,1.0,82.0,37.7,4.0,4.0
female,78,170.0,67.0,25.0,108.0,40.5,7.12,178.0
male,75,178.0,83.0,26.0,119.0,40.7,10.192307692307692,265.0
male,57,210.0,122.0,5.0,80.0,39.2,4.2,21.0
male,47,180.0,80.0,26.0,101.0,40.7,6.038461538461538,157.0
female,31,165.0,62.0,13.0,96.0,40.0,5.076923076923077,66.0
female,39,166.0,63.0,26.0,104.0,40.8,6.076923076923077,158.0
male,70,190.0,97.0,4.0,88.0,39.2,5.5,22.0
male,27,189.0,93.0,16.0,95.0,40.3,4.4375,71.0
male,31,191.0,100.0,23.0,100.0,41.0,5.565217391304348,128.0
male,42,174.0,81.0,9.0,93.0,39.7,4.666666666666667,42.0
female,32,174.0,74.0,25.0,105.0,40.8,5.88,147.0
female,34,147.0,52.0,27.0,113.0,40.7,7.074074074074074,191.0
male,52,183.0,83.0,10.0,91.0,40.1,4.9,49.0
female,62,165.0,66.0,28.0,107.0,40.7,6.75,189.0
female,57,163.0,68.0,29.0,109.0,40.7,6.862068965517241,199.0
female,56,171.0,66.0,20.0,103.0,40.0,6.2,124.0
female,36,157.0,63.0,24.0,108.0,40.8,6.458333333333333,155.0
male,54,203.0,110.0,16.0,94.0,40.2,6.0,96.0
female,22,179.0,70.0,4.0,81.0,38.8,3.25,13.0
male,42,199.0,103.0,10.0,89.0,39.9,4.5,45.0
female,37,148.0,51.0,29.0,108.0,40.6,6.620689655172414,192.0
male,32,185.0,89.0,4.0,88.0,38.6,3.5,14.0
female,32,174.0,70.0,28.0,96.0,40.6,5.0,140.0
female,63,165.0,64.0,13.0,90.0,39.9,5.0,65.0
male,22,177.0,76.0,9.0,89.0,39.7,3.0,27.0
male,79,181.0,90.0,27.0,114.0,40.7,9.777777777777779,264.0
male,64,178.0,83.0,24.0,103.0,41.0,7.25,174.0
male,55,181.0,84.0,9.0,89.0,39.7,4.666666666666667,42.0
male,57,199.0,105.0,15.0,90.0,40.1,5.4,81.0
male,44,158.0,65.0,3.0,94.0,38.4,4.666666666666667,14.0
female,21,162.0,60.0,16.0,96.0,40.0,4.9375,79.0
male,20,180.0,83.0,16.0,95.0,40.3,3.9375,63.0
female,21,167.0,63.0,22.0,102.0,40.8,5.545454545454546,122.0
female,45,174.0,68.0,24.0,103.0,40.4,6.0,144.0
female,33,157.0,56.0,19.0,97.0,40.5,5.315789473684211,101.0
female,22,164.0,65.0,30.0,98.0,41.1,5.1,153.0
male,31,192.0,89.0,6.0,79.0,39.0,2.1666666666666665,13.0
female,23,151.0,51.0,12.0,98.0,40.4,5.333333333333333,64.0
female,73,157.0,62.0,11.0,98.0,40.2,6.0,66.0
male,39,200.0,105.0,18.0,99.0,40.5,5.888888888888889,106.0
male,68,187.0,91.0,16.0,98.0,40.3,6.875,110.0
male,51,189.0,95.0,30.0,112.0,41.0,8.233333333333333,247.0
male,21,198.0,101.0,7.0,95.0,39.2,4.285714285714286,30.0
female,67,186.0,76.0,27.0,107.0,40.6,6.703703703703703,181.0
female,22,152.0,59.0,26.0,109.0,41.1,6.346153846153846,165.0
female,61,174.0,67.0,18.0,91.0,40.7,5.0,90.0
female,44,170.0,62.0,11.0,86.0,39.5,4.2727272727272725,47.0
female,21,155.0,58.0,27.0,103.0,40.7,5.703703703703703,154.0
male,38,201.0,101.0,16.0,99.0,40.1,5.75,92.0
female,51,163.0,64.0,16.0,96.0,40.1,5.4375,87.0
female,49,164.0,63.0,18.0,103.0,40.3,6.111111111111111,110.0
male,41,199.0,102.0,20.0,93.0,40.3,5.05,101.0
male,48,181.0,84.0,25.0,99.0,41.1,5.88,147.0
female,20,170.0,64.0,2.0,85.0,38.0,3.5,7.0
male,79,195.0,105.0,20.0,98.0,40.7,7.7,154.0
female,38,168.0,64.0,9.0,91.0,39.8,4.666666666666667,42.0
male,27,193.0,92.0,25.0,111.0,40.6,6.84,171.0
female,48,165.0,67.0,21.0,106.0,40.8,6.380952380952381,134.0
male,63,158.0,63.0,17.0,95.0,40.2,5.529411764705882,94.0
male,45,171.0,73.0,19.0,105.0,40.2,6.421052631578948,122.0
female,29,168.0,61.0,14.0,87.0,40.4,4.071428571428571,57.0
male,77,189.0,88.0,21.0,104.0,40.6,8.142857142857142,171.0
male,36,191.0,89.0,5.0,83.0,39.3,3.0,15.0
female,59,164.0,65.0,13.0,93.0,40.1,5.230769230769231,68.0
male,64,190.0,91.0,11.0,89.0,39.9,5.2727272727272725,58.0
female,77,153.0,54.0,12.0,88.0,40.0,5.166666666666667,62.0
male,70,179.0,85.0,15.0,92.0,40.1,5.933333333333334,89.0
female,33,159.0,63.0,30.0,106.0,41.0,6.166666666666667,185.0
male,21,180.0,75.0,27.0,109.0,40.9,5.888888888888889,159.0
male,64,184.0,85.0,3.0,84.0,38.6,4.333333333333333,13.0
male,36,180.0,85.0,23.0,109.0,40.6,6.826086956521739,157.0
male,77,174.0,78.0,8.0,88.0,39.8,5.5,44.0
male,27,194.0,95.0,2.0,85.0,38.4,3.0,6.0
female,63,162.0,67.0,9.0,83.0,39.8,4.222222222222222,38.0
female,36,168.0,62.0,27.0,117.0,40.6,7.407407407407407,200.0
female,45,167.0,70.0,6.0,86.0,39.3,4.166666666666667,25.0
female,56,143.0,49.0,27.0,106.0,40.8,6.777777777777778,183.0
female,31,168.0,59.0,28.0,102.0,40.7,5.75,161.0
male,43,184.0,89.0,4.0,91.0,38.7,4.5,18.0
female,78,152.0,54.0,2.0,89.0,38.0,5.5,11.0
female,48,165.0,60.0,28.0,110.0,40.7,6.892857142857143,193.0
female,52,174.0,75.0,20.0,104.0,40.4,6.15,123.0
female,25,141.0,49.0,17.0,94.0,40.3,4.9411764705882355,84.0
male,46,183.0,89.0,14.0,95.0,39.9,5.285714285714286,74.0
male,32,193.0,98.0,11.0,97.0,40.1,5.090909090909091,56.0
male,47,170.0,70.0,24.0,109.0,40.6,7.041666666666667,169.0
male,69,183.0,91.0,21.0,92.0,40.3,6.0,126.0
male,32,187.0,90.0,12.0,89.0,40.2,3.75,45.0
male,36,176.0,82.0,29.0,112.0,40.9,7.241379310344827,210.0
male,36,204.0,106.0,20.0,96.0,40.5,5.35,107.0
male,43,193.0,92.0,13.0,104.0,40.0,6.538461538461538,85.0
male,32,175.0,75.0,15.0,93.0,40.3,4.0,60.0
male,61,195.0,105.0,11.0,96.0,39.7,6.545454545454546,72.0
female,40,173.0,68.0,11.0,93.0,40.1,4.818181818181818,53.0
female,44,151.0,53.0,11.0,94.0,40.0,5.181818181818182,57.0
male,45,196.0,102.0,29.0,118.0,41.0,9.0,261.0
male,30,177.0,74.0,28.0,101.0,40.9,5.107142857142857,143.0
female,32,173.0,67.0,14.0,96.0,39.9,5.0,70.0
female,62,173.0,73.0,13.0,85.0,40.0,4.3076923076923075,56.0
male,37,196.0,104.0,15.0,101.0,40.2,6.066666666666666,91.0
female,33,156.0,60.0,14.0,88.0,40.2,4.285714285714286,60.0
female,75,177.0,72.0,24.0,100.0,40.7,6.166666666666667,148.0
male,57,191.0,95.0,23.0,98.0,40.5,6.391304347826087,147.0
female,24,169.0,65.0,13.0,93.0,39.9,4.615384615384615,60.0
male,21,187.0,88.0,30.0,105.0,41.0,5.566666666666666,167.0
male,61,170.0,72.0,13.0,85.0,39.9,4.153846153846154,54.0
male,37,178.0,81.0,4.0,81.0,38.8,2.5,10.0
female,23,143.0,49.0,10.0,90.0,40.1,4.5,45.0
male,36,174.0,75.0,23.0,98.0,40.5,4.956521739130435,114.0
female,26,158.0,61.0,13.0,97.0,40.3,5.076923076923077,66.0
male,53,194.0,94.0,11.0,94.0,40.0,5.545454545454546,61.0
female,63,162.0,64.0,20.0,105.0,40.5,6.6,132.0
male,71,181.0,85.0,17.0,101.0,40.2,7.294117647058823,124.0
female,63,159.0,59.0,29.0,106.0,40.8,6.758620689655173,196.0
male,31,179.0,77.0,24.0,97.0,40.8,4.625,111.0
female,55,176.0,76.0,19.0,102.0,40.4,5.947368421052632,113.0
female,59,167.0,66.0,29.0,112.0,41.0,7.241379310344827,210.0
female,40,174.0,75.0,3.0,92.0,38.7,4.666666666666667,14.0
male,30,179.0,82.0,13.0,88.0,40.0,3.3076923076923075,43.0
female,76,167.0,65.0,26.0,102.0,40.9,6.461538461538462,168.0
female,37,167.0,61.0,4.0,86.0,38.8,4.25,17.0
male,71,183.0,87.0,26.0,111.0,40.9,8.884615384615385,231.0
female,44,167.0,68.0,15.0,93.0,40.1,4.933333333333334,74.0
male,32,175.0,73.0,29.0,114.0,41.2,7.137931034482759,207.0
male,29,188.0,89.0,19.0,95.0,40.8,4.473684210526316,85.0
female,66,152.0,54.0,9.0,88.0,39.4,5.0,45.0
male,30,193.0,89.0,27.0,94.0,40.6,4.37037037037037,118.0
female,60,169.0,68.0,18.0,99.0,40.4,5.833333333333333,105.0
male,64,195.0,101.0,30.0,109.0,41.0,8.533333333333333,256.0
male,43,192.0,98.0,22.0,100.0,40.5,6.090909090909091,134.0
female,32,158.0,60.0,17.0,105.0,40.0,6.117647058823529,104.0
male,35,184.0,85.0,15.0,93.0,40.0,4.4,66.0
female,23,159.0,60.0,15.0,91.0,40.2,4.466666666666667,67.0
male,21,193.0,97.0,19.0,98.0,40.3,4.7368421052631575,90.0
male,74,202.0,113.0,7.0,86.0,39.3,5.857142857142857,41.0
male,38,175.0,83.0,20.0,97.0,40.3,5.1,102.0
male,52,180.0,84.0,4.0,84.0,38.9,3.75,15.0
male,53,186.0,86.0,5.0,87.0,38.8,4.4,22.0
female,20,151.0,54.0,18.0,92.0,40.2,4.555555555555555,82.0
male,39,198.0,100.0,22.0,94.0,40.7,5.045454545454546,111.0
female,40,166.0,61.0,26.0,101.0,40.8,5.8076923076923075,151.0
female,66,164.0,64.0,9.0,89.0,39.6,4.888888888888889,44.0
female,77,164.0,68.0,17.0,95.0,40.2,5.705882352941177,97.0
female,35,165.0,62.0,25.0,108.0,40.9,6.44,161.0
male,67,177.0,80.0,14.0,90.0,40.0,5.357142857142857,75.0
female,25,171.0,70.0,11.0,92.0,40.0,4.454545454545454,49.0
female,20,158.0,58.0,5.0,84.0,38.9,3.6,18.0
male,37,179.0,77.0,7.0,81.0,39.5,2.4285714285714284,17.0
female,31,170.0,64.0,2.0,77.0,38.1,3.0,6.0
male,37,174.0,73.0,16.0,93.0,40.3,4.1875,67.0
male,32,194.0,100.0,29.0,99.0,41.2,5.448275862068965,158.0
male,21,183.0,78.0,12.0,88.0,39.9,2.8333333333333335,34.0
male,32,179.0,83.0,3.0,86.0,38.7,3.0,9.0
female,21,176.0,72.0,25.0,103.0,40.7,5.52,138.0
male,40,174.0,72.0,6.0,80.0,39.5,2.3333333333333335,14.0
female,76,170.0,73.0,3.0,74.0,38.1,3.3333333333333335,10.0
male,25,183.0,82.0,7.0,88.0,39.1,3.142857142857143,22.0
female,26,166.0,64.0,20.0,92.0,40.3,4.55,91.0
male,53,194.0,93.0,27.0,104.0,40.5,7.074074074074074,191.0
female,63,162.0,61.0,27.0,102.0,41.0,6.296296296296297,170.0
female,56,166.0,62.0,23.0,109.0,40.5,6.913043478260869,159.0
male,51,192.0,102.0,7.0,94.0,39.4,5.714285714285714,40.0
female,27,171.0,63.0,17.0,93.0,40.2,4.705882352941177,80.0
male,20,178.0,81.0,26.0,104.0,40.8,5.230769230769231,136.0
male,33,176.0,80.0,28.0,107.0,40.8,6.285714285714286,176.0
female,42,158.0,57.0,13.0,84.0,40.0,4.076923076923077,53.0
male,32,183.0,83.0,29.0,104.0,41.0,5.862068965517241,170.0
female,48,160.0,62.0,29.0,110.0,40.6,6.862068965517241,199.0
female,25,167.0,62.0,3.0,89.0,38.5,4.333333333333333,13.0
female,45,140.0,41.0,25.0,99.0,40.7,5.92,148.0
female,52,160.0,58.0,18.0,94.0,40.3,5.277777777777778,95.0
male,26,189.0,91.0,6.0,87.0,39.0,3.1666666666666665,19.0
male,59,188.0,98.0,13.0,96.0,40.4,6.230769230769231,81.0
male,69,195.0,95.0,10.0,92.0,39.6,6.1,61.0
male,36,201.0,106.0,29.0,115.0,41.2,8.206896551724139,238.0
male,31,166.0,70.0,3.0,89.0,38.8,3.3333333333333335,10.0
female,38,165.0,66.0,9.0,93.0,39.5,4.777777777777778,43.0
male,77,181.0,84.0,17.0,94.0,40.3,6.529411764705882,111.0
male,23,154.0,60.0,9.0,90.0,39.5,2.7777777777777777,25.0
female,44,166.0,57.0,22.0,106.0,40.6,6.454545454545454,142.0
male,30,182.0,84.0,13.0,99.0,40.3,5.0,65.0
female,46,171.0,65.0,5.0,95.0,39.1,5.2,26.0
female,30,163.0,60.0,30.0,112.0,41.2,6.8,204.0
male,20,186.0,85.0,4.0,93.0,39.1,3.75,15.0
male,49,190.0,94.0,21.0,97.0,40.2,5.857142857142857,123.0
female,25,162.0,56.0,30.0,106.0,40.4,6.133333333333334,184.0
female,64,159.0,56.0,3.0,91.0,38.5,5.333333333333333,16.0
male,36,186.0,82.0,24.0,106.0,40.5,6.333333333333333,152.0
female,52,154.0,57.0,11.0,89.0,40.1,4.818181818181818,53.0
male,60,171.0,79.0,28.0,121.0,41.2,9.678571428571429,271.0
male,21,169.0,74.0,22.0,105.0,40.4,5.2727272727272725,116.0
male,32,191.0,93.0,14.0,91.0,40.0,4.071428571428571,57.0
male,35,203.0,109.0,12.0,94.0,40.1,5.083333333333333,61.0
female,69,169.0,72.0,20.0,104.0,40.4,6.45,129.0
male,64,194.0,97.0,20.0,101.0,40.4,7.25,145.0
male,54,189.0,90.0,24.0,103.0,40.2,6.916666666666667,166.0
male,34,178.0,82.0,10.0,90.0,39.5,3.8,38.0
male,37,185.0,85.0,10.0,90.0,39.6,4.0,40.0
female,20,178.0,75.0,21.0,101.0,40.6,5.238095238095238,110.0
female,72,183.0,82.0,10.0,89.0,40.1,4.8,48.0
male,26,187.0,89.0,21.0,106.0,40.5,6.0,126.0
male,34,186.0,92.0,27.0,106.0,41.1,6.444444444444445,174.0
male,33,182.0,88.0,6.0,89.0,39.3,3.6666666666666665,22.0
female,21,166.0,62.0,26.0,108.0,40.9,6.1923076923076925,161.0
male,23,187.0,83.0,24.0,104.0,40.9,5.416666666666667,130.0
female,27,164.0,56.0,17.0,101.0,40.1,5.647058823529412,96.0
male,22,187.0,86.0,17.0,94.0,40.1,3.9411764705882355,67.0
male,71,186.0,87.0,7.0,82.0,39.6,4.428571428571429,31.0
male,29,184.0,90.0,27.0,105.0,40.6,6.0,162.0
male,65,186.0,88.0,20.0,101.0,40.3,7.1,142.0
female,21,182.0,77.0,23.0,97.0,40.7,4.826086956521739,111.0
male,37,182.0,82.0,11.0,89.0,39.8,3.8181818181818183,42.0
male,47,191.0,95.0,20.0,93.0,40.3,5.15,103.0
female,74,160.0,66.0,29.0,110.0,40.8,7.275862068965517,211.0
female,51,169.0,68.0,17.0,105.0,40.4,6.294117647058823,107.0
female,29,165.0,62.0,13.0,87.0,40.2,4.076923076923077,53.0
female,65,148.0,48.0,26.0,106.0,40.6,6.961538461538462,181.0
male,55,173.0,74.0,24.0,105.0,40.6,6.916666666666667,166.0
female,39,163.0,60.0,12.0,91.0,40.2,4.75,57.0
male,40,181.0,85.0,30.0,107.0,40.7,6.733333333333333,202.0
male,22,187.0,94.0,17.0,91.0,40.2,3.6470588235294117,62.0
female,37,170.0,71.0,26.0,105.0,40.9,6.038461538461538,157.0
male,51,173.0,77.0,4.0,78.0,38.8,2.75,11.0
male,22,176.0,78.0,11.0,91.0,39.7,3.272727272727273,36.0
female,35,163.0,59.0,20.0,107.0,40.6,6.35,127.0
female,41,158.0,54.0,19.0,99.0,40.3,5.684210526315789,108.0
female,49,174.0,75.0,7.0,93.0,39.2,4.857142857142857,34.0
male,67,184.0,91.0,23.0,106.0,41.1,8.0,184.0
female,67,163.0,59.0,25.0,107.0,40.6,6.92,173.0
male,59,173.0,79.0,27.0,107.0,40.4,7.518518518518518,203.0
female,40,135.0,42.0,14.0,94.0,40.2,5.285714285714286,74.0
male,32,186.0,89.0,9.0,93.0,39.8,4.333333333333333,39.0
male,23,187.0,79.0,25.0,108.0,40.9,5.92,148.0
male,71,187.0,93.0,28.0,113.0,40.9,9.285714285714286,260.0
female,40,172.0,70.0,11.0,94.0,39.7,4.909090909090909,54.0
female,32,174.0,63.0,7.0,83.0,39.5,3.7142857142857144,26.0
male,26,178.0,76.0,25.0,103.0,40.5,5.24,131.0
male,78,174.0,80.0,9.0,87.0,39.5,5.444444444444445,49.0
female,73,137.0,47.0,22.0,100.0,40.8,6.454545454545454,142.0
female,38,165.0,61.0,25.0,107.0,40.6,6.4,160.0
female,24,175.0,72.0,15.0,90.0,40.3,4.2,63.0
female,63,168.0,67.0,10.0,83.0,40.1,4.2,42.0
female,25,163.0,57.0,9.0,84.0,40.0,3.7777777777777777,34.0
female,27,154.0,58.0,10.0,81.0,39.8,3.5,35.0
female,20,170.0,64.0,23.0,96.0,40.5,4.869565217391305,112.0
female,29,144.0,49.0,22.0,98.0,40.3,5.454545454545454,120.0
male,43,187.0,94.0,25.0,102.0,40.7,6.32,158.0
male,48,180.0,81.0,24.0,97.0,40.7,5.541666666666667,133.0
male,20,173.0,74.0,25.0,100.0,40.6,4.48,112.0
female,25,169.0,68.0,14.0,88.0,40.1,4.071428571428571,57.0
male,24,167.0,66.0,13.0,87.0,40.2,2.5384615384615383,33.0
female,21,152.0,50.0,1.0,86.0,37.3,4.0,4.0
male,24,193.0,92.0,28.0,110.0,41.0,6.571428571428571,184.0
female,21,154.0,53.0,26.0,103.0,40.9,5.769230769230769,150.0
female,46,173.0,63.0,9.0,88.0,39.7,4.444444444444445,40.0
male,21,178.0,74.0,16.0,90.0,40.3,3.0,48.0
male,20,189.0,85.0,8.0,82.0,39.8,2.0,16.0
male,57,182.0,86.0,1.0,84.0,37.9,4.0,4.0
male,67,191.0,102.0,21.0,103.0,40.5,7.809523809523809,164.0
male,21,180.0,83.0,23.0,99.0,40.6,4.565217391304348,105.0
male,36,194.0,92.0,9.0,84.0,40.1,3.2222222222222223,29.0
female,42,178.0,75.0,30.0,110.0,40.8,6.6,198.0
female,27,184.0,78.0,28.0,108.0,41.0,6.071428571428571,170.0
female,32,172.0,72.0,8.0,80.0,39.5,3.25,26.0
female,29,160.0,56.0,28.0,113.0,40.6,6.928571428571429,194.0
male,75,179.0,84.0,3.0,88.0,38.7,5.666666666666667,17.0
male,34,192.0,87.0,24.0,105.0,41.2,6.166666666666667,148.0
female,32,174.0,70.0,24.0,100.0,40.6,5.416666666666667,130.0
female,53,177.0,77.0,17.0,95.0,40.1,5.176470588235294,88.0
male,33,201.0,104.0,9.0,85.0,39.9,3.4444444444444446,31.0
male,41,178.0,81.0,3.0,81.0,38.4,2.6666666666666665,8.0
female,67,171.0,72.0,11.0,88.0,39.9,4.7272727272727275,52.0
male,42,193.0,92.0,2.0,87.0,38.0,4.0,8.0
female,22,160.0,61.0,29.0,98.0,41.0,5.137931034482759,149.0
male,43,178.0,81.0,13.0,93.0,40.0,4.6923076923076925,61.0
male,35,183.0,89.0,19.0,96.0,40.3,4.894736842105263,93.0
male,50,185.0,83.0,13.0,97.0,40.3,5.6923076923076925,74.0
male,30,182.0,81.0,28.0,113.0,40.7,7.071428571428571,198.0
female,24,163.0,60.0,8.0,91.0,39.7,4.5,36.0
male,24,179.0,82.0,10.0,90.0,39.2,3.3,33.0
male,22,189.0,89.0,13.0,91.0,40.2,3.5384615384615383,46.0
female,26,151.0,51.0,7.0,83.0,39.6,3.7142857142857144,26.0
male,28,181.0,81.0,16.0,96.0,40.2,4.4375,71.0
female,33,162.0,57.0,16.0,88.0,40.3,4.3125,69.0
male,38,182.0,80.0,27.0,114.0,40.6,7.592592592592593,205.0
female,33,173.0,66.0,19.0,99.0,40.4,5.368421052631579,102.0
male,32,173.0,78.0,8.0,94.0,39.6,4.25,34.0
female,74,159.0,57.0,18.0,97.0,40.3,6.0,108.0
female,69,166.0,64.0,24.0,107.0,41.0,6.916666666666667,166.0
male,76,189.0,93.0,28.0,111.0,41.0,9.25,259.0
male,40,192.0,96.0,24.0,100.0,40.8,5.916666666666667,142.0
female,47,174.0,73.0,28.0,101.0,40.9,5.75,161.0
female,50,167.0,62.0,10.0,86.0,39.6,4.3,43.0
female,23,181.0,74.0,9.0,91.0,39.6,4.222222222222222,38.0
female,31,163.0,62.0,4.0,88.0,39.1,4.25,17.0
female,48,176.0,76.0,21.0,92.0,40.3,4.761904761904762,100.0
male,38,174.0,77.0,25.0,103.0,40.7,5.84,146.0
male,51,172.0,82.0,23.0,103.0,40.5,6.608695652173913,152.0
female,22,165.0,63.0,22.0,102.0,40.5,5.545454545454546,122.0
female,41,153.0,49.0,25.0,110.0,41.2,6.92,173.0
male,59,186.0,90.0,9.0,88.0,39.9,4.888888888888889,44.0
female,20,162.0,56.0,29.0,113.0,40.7,6.793103448275862,197.0
female,78,161.0,62.0,19.0,94.0,40.2,5.684210526315789,108.0
male,35,192.0,92.0,2.0,82.0,38.5,3.0,6.0
male,25,182.0,85.0,25.0,101.0,40.9,5.12,128.0
female,25,158.0,56.0,9.0,85.0,39.5,3.888888888888889,35.0
female,42,148.0,48.0,15.0,94.0,40.5,5.266666666666667,79.0
male,70,198.0,106.0,16.0,94.0,40.3,6.6875,107.0
male,38,179.0,86.0,15.0,108.0,40.3,6.8,102.0
female,39,167.0,72.0,20.0,96.0,40.6,5.1,102.0
female,26,170.0,63.0,22.0,106.0,40.4,6.045454545454546,133.0
male,44,186.0,86.0,27.0,97.0,40.5,5.444444444444445,147.0
female,27,157.0,54.0,10.0,92.0,40.2,4.7,47.0
male,23,182.0,84.0,15.0,93.0,40.6,3.8,57.0
female,29,146.0,47.0,12.0,94.0,39.9,5.0,60.0
female,23,161.0,60.0,22.0,111.0,40.7,6.590909090909091,145.0
female,28,164.0,66.0,3.0,87.0,38.9,4.0,12.0
male,34,198.0,97.0,18.0,101.0,40.5,5.777777777777778,104.0
male,20,178.0,81.0,20.0,98.0,40.5,4.3,86.0
female,53,150.0,54.0,15.0,86.0,40.2,4.533333333333333,68.0
female,33,166.0,62.0,20.0,99.0,40.0,5.45,109.0
male,75,184.0,83.0,23.0,104.0,40.8,7.913043478260869,182.0
male,28,174.0,81.0,14.0,95.0,40.1,4.285714285714286,60.0
female,43,164.0,63.0,2.0,83.0,38.2,4.0,8.0
female,44,152.0,50.0,29.0,104.0,40.8,6.344827586206897,184.0
male,76,182.0,82.0,10.0,92.0,39.7,6.1,61.0
female,61,160.0,60.0,3.0,88.0,38.5,4.666666666666667,14.0
male,22,168.0,66.0,25.0,107.0,40.8,5.44,136.0
male,68,185.0,87.0,10.0,101.0,39.9,7.2,72.0
male,45,211.0,112.0,24.0,108.0,40.8,7.708333333333333,185.0
male,42,188.0,89.0,16.0,96.0,40.2,5.25,84.0
male,71,168.0,68.0,18.0,98.0,40.2,6.5,117.0
female,64,157.0,54.0,16.0,95.0,40.5,5.6875,91.0
female,46,155.0,55.0,2.0,87.0,37.9,4.5,9.0
female,67,163.0,67.0,15.0,99.0,40.4,6.0,90.0
male,25,169.0,75.0,26.0,106.0,41.0,5.653846153846154,147.0
female,52,165.0,68.0,12.0,91.0,40.2,4.833333333333333,58.0
male,70,179.0,86.0,8.0,84.0,39.7,4.75,38.0
female,26,178.0,74.0,14.0,96.0,40.4,4.857142857142857,68.0
male,59,167.0,72.0,4.0,89.0,38.7,4.75,19.0
male,40,174.0,82.0,26.0,104.0,40.9,6.230769230769231,162.0
male,44,185.0,92.0,17.0,105.0,40.3,6.764705882352941,115.0
female,29,163.0,62.0,18.0,105.0,39.9,6.0,108.0
female,57,159.0,52.0,17.0,98.0,40.4,5.882352941176471,100.0
male,45,189.0,91.0,5.0,96.0,39.1,5.4,27.0
male,30,171.0,72.0,18.0,101.0,40.5,5.055555555555555,91.0
male,34,188.0,83.0,14.0,93.0,40.2,4.285714285714286,60.0
female,63,165.0,61.0,8.0,91.0,39.6,5.125,41.0
female,26,172.0,68.0,7.0,82.0,38.9,3.4285714285714284,24.0
male,60,182.0,90.0,11.0,90.0,40.2,5.2727272727272725,58.0
female,40,155.0,51.0,8.0,84.0,39.5,4.125,33.0
female,31,179.0,73.0,18.0,91.0,40.3,4.388888888888889,79.0
female,27,161.0,59.0,16.0,89.0,40.7,4.3125,69.0
male,65,175.0,77.0,26.0,116.0,40.8,9.115384615384615,237.0
male,57,204.0,113.0,6.0,75.0,39.2,3.3333333333333335,20.0
female,20,167.0,59.0,13.0,95.0,39.9,4.846153846153846,63.0
female,48,154.0,55.0,19.0,91.0,40.3,4.947368421052632,94.0
female,67,177.0,80.0,3.0,82.0,38.6,4.0,12.0
female,36,180.0,80.0,22.0,109.0,40.9,6.318181818181818,139.0
male,25,181.0,82.0,28.0,107.0,40.8,5.928571428571429,166.0
female,70,162.0,63.0,27.0,98.0,41.0,5.962962962962963,161.0
male,31,200.0,99.0,17.0,89.0,40.6,3.8823529411764706,66.0
female,53,170.0,71.0,18.0,101.0,40.3,5.888888888888889,106.0
female,35,164.0,65.0,27.0,112.0,40.9,6.814814814814815,184.0
female,34,181.0,72.0,23.0,102.0,41.2,5.6521739130434785,130.0
female,61,177.0,77.0,16.0,91.0,40.1,4.875,78.0
female,41,160.0,60.0,28.0,101.0,40.9,5.821428571428571,163.0
female,59,168.0,67.0,13.0,89.0,39.8,4.769230769230769,62.0
male,27,192.0,90.0,11.0,95.0,39.9,4.363636363636363,48.0
female,79,150.0,51.0,24.0,110.0,41.0,7.583333333333333,182.0
male,26,192.0,90.0,17.0,109.0,40.5,6.470588235294118,110.0
male,42,194.0,91.0,3.0,79.0,38.6,2.6666666666666665,8.0
female,54,151.0,57.0,25.0,115.0,40.4,7.6,190.0
female,58,169.0,68.0,22.0,101.0,40.6,6.0,132.0
male,36,210.0,117.0,4.0,76.0,39.0,2.5,10.0
male,30,180.0,82.0,26.0,99.0,40.3,4.961538461538462,129.0
female,68,173.0,66.0,28.0,106.0,40.8,6.75,189.0
male,56,181.0,82.0,20.0,102.0,40.2,6.7,134.0
female,60,168.0,64.0,6.0,84.0,39.4,4.333333333333333,26.0
female,64,169.0,65.0,17.0,94.0,40.3,5.411764705882353,92.0
female,56,174.0,72.0,25.0,108.0,40.5,6.68,167.0
male,44,175.0,78.0,15.0,100.0,40.5,5.733333333333333,86.0
male,37,185.0,87.0,11.0,96.0,39.5,5.0,55.0
female,21,171.0,62.0,1.0,76.0,37.7,3.0,3.0
male,24,196.0,94.0,22.0,99.0,40.6,4.954545454545454,109.0
male,56,182.0,87.0,22.0,101.0,40.4,6.636363636363637,146.0
male,35,182.0,84.0,22.0,98.0,41.0,5.090909090909091,112.0
male,56,188.0,94.0,12.0,93.0,39.9,5.583333333333333,67.0
male,42,164.0,61.0,20.0,111.0,40.9,6.9,138.0
female,36,173.0,68.0,27.0,108.0,40.8,6.37037037037037,172.0
female,34,178.0,79.0,19.0,96.0,40.6,4.894736842105263,93.0
female,29,174.0,65.0,9.0,90.0,39.6,4.333333333333333,39.0
male,28,178.0,78.0,8.0,89.0,39.9,3.25,26.0
male,54,196.0,101.0,19.0,98.0,40.5,6.368421052631579,121.0
male,43,203.0,103.0,21.0,105.0,40.2,6.9523809523809526,146.0
female,60,189.0,83.0,3.0,86.0,38.3,4.333333333333333,13.0
female,20,177.0,69.0,5.0,88.0,38.8,4.0,20.0
male,75,183.0,83.0,21.0,99.0,40.3,7.190476190476191,151.0
male,33,175.0,70.0,9.0,88.0,39.4,3.2222222222222223,29.0
male,25,196.0,96.0,27.0,107.0,40.9,6.2592592592592595,169.0
male,43,193.0,98.0,2.0,83.0,38.1,3.5,7.0
female,22,159.0,59.0,6.0,87.0,39.4,4.0,24.0
male,41,186.0,89.0,27.0,108.0,41.0,7.0,189.0
female,41,172.0,74.0,24.0,98.0,40.8,5.291666666666667,127.0
male,28,169.0,69.0,22.0,111.0,40.8,6.409090909090909,141.0
male,53,165.0,71.0,20.0,96.0,40.9,5.4,108.0
female,38,157.0,60.0,28.0,109.0,40.7,6.607142857142857,185.0
female,57,168.0,65.0,1.0,83.0,37.6,4.0,4.0
female,40,165.0,62.0,19.0,100.0,40.5,5.684210526315789,108.0
female,74,178.0,81.0,30.0,101.0,41.0,6.1,183.0
male,29,193.0,91.0,16.0,94.0,40.0,4.375,70.0
male,30,193.0,89.0,21.0,100.0,40.7,5.285714285714286,111.0
male,25,190.0,95.0,3.0,85.0,38.4,3.0,9.0
male,23,175.0,73.0,23.0,110.0,40.6,6.086956521739131,140.0
female,78,167.0,72.0,23.0,105.0,40.5,6.739130434782608,155.0
male,55,183.0,88.0,3.0,79.0,38.6,3.3333333333333335,10.0
female,64,167.0,67.0,14.0,87.0,40.3,4.642857142857143,65.0
female,51,151.0,58.0,5.0,83.0,38.9,4.2,21.0
male,71,186.0,90.0,20.0,105.0,40.4,8.05,161.0
male,28,182.0,76.0,21.0,107.0,40.6,5.9523809523809526,125.0
male,56,182.0,87.0,16.0,91.0,39.9,5.125,82.0
female,48,166.0,61.0,8.0,83.0,39.5,4.0,32.0
male,60,194.0,94.0,2.0,72.0,38.7,2.5,5.0
male,59,192.0,92.0,13.0,95.0,40.1,6.0,78.0
male,38,203.0,111.0,16.0,100.0,40.2,6.125,98.0
female,37,151.0,52.0,15.0,89.0,40.4,4.6,69.0
male,32,184.0,85.0,5.0,89.0,39.1,3.6,18.0
male,60,193.0,93.0,30.0,112.0,40.9,8.633333333333333,259.0
female,68,150.0,56.0,16.0,92.0,40.3,5.375,86.0
female,50,165.0,64.0,6.0,82.0,39.4,3.8333333333333335,23.0
male,62,197.0,101.0,17.0,103.0,40.3,7.529411764705882,128.0
female,35,150.0,50.0,25.0,104.0,41.0,6.16,154.0
female,28,143.0,46.0,4.0,84.0,38.4,4.0,16.0
female,23,170.0,60.0,19.0,100.0,40.4,5.421052631578948,103.0
female,57,173.0,70.0,18.0,104.0,40.7,6.277777777777778,113.0
male,79,191.0,91.0,8.0,90.0,39.6,6.125,49.0
female,44,162.0,60.0,9.0,87.0,39.2,4.333333333333333,39.0
female,27,147.0,52.0,13.0,87.0,39.9,4.153846153846154,54.0
male,26,171.0,77.0,28.0,105.0,40.7,5.571428571428571,156.0
female,66,187.0,82.0,11.0,92.0,40.0,5.0,55.0
female,28,186.0,84.0,29.0,110.0,41.1,6.206896551724138,180.0
male,26,182.0,80.0,24.0,102.0,40.6,5.208333333333333,125.0
female,24,164.0,61.0,16.0,81.0,40.0,3.375,54.0
male,22,171.0,74.0,9.0,89.0,39.6,2.888888888888889,26.0
male,32,171.0,78.0,29.0,112.0,40.9,6.931034482758621,201.0
female,40,156.0,55.0,26.0,105.0,40.6,6.3076923076923075,164.0
female,39,163.0,62.0,11.0,95.0,39.9,5.090909090909091,56.0
female,40,178.0,73.0,15.0,95.0,40.5,5.0,75.0
male,66,179.0,84.0,6.0,87.0,39.4,5.0,30.0
female,30,161.0,56.0,15.0,95.0,39.9,5.066666666666666,76.0
female,59,157.0,60.0,5.0,84.0,38.8,4.4,22.0
male,33,183.0,84.0,6.0,85.0,39.5,3.0,18.0
female,47,163.0,62.0,25.0,99.0,40.3,5.68,142.0
male,29,189.0,91.0,3.0,91.0,38.7,4.0,12.0
female,20,155.0,56.0,12.0,89.0,40.1,4.25,51.0
female,67,160.0,57.0,10.0,84.0,40.0,4.5,45.0
female,23,148.0,52.0,21.0,107.0,40.4,6.238095238095238,131.0
female,53,168.0,65.0,21.0,102.0,40.5,6.0476190476190474,127.0
female,21,163.0,62.0,29.0,116.0,40.7,7.0344827586206895,204.0
male,38,200.0,104.0,13.0,86.0,40.1,3.8461538461538463,50.0
male,26,203.0,100.0,4.0,81.0,38.9,2.5,10.0
female,32,153.0,56.0,7.0,82.0,39.8,3.7142857142857144,26.0
female,56,176.0,76.0,19.0,100.0,40.6,5.7368421052631575,109.0
female,49,168.0,66.0,2.0,81.0,38.3,3.5,7.0
male,32,186.0,84.0,10.0,85.0,39.9,3.0,30.0
male,65,186.0,93.0,13.0,97.0,39.9,6.615384615384615,86.0
female,35,169.0,66.0,5.0,75.0,39.0,2.8,14.0
female,41,169.0,62.0,9.0,85.0,40.0,4.111111111111111,37.0
male,30,187.0,88.0,10.0,94.0,40.2,4.4,44.0
male,77,166.0,66.0,25.0,109.0,40.4,8.4,210.0
female,49,164.0,63.0,5.0,91.0,38.9,4.8,24.0
male,44,177.0,81.0,24.0,111.0,40.7,7.458333333333333,179.0
female,53,157.0,63.0,6.0,84.0,39.1,4.166666666666667,25.0
female,48,165.0,65.0,14.0,85.0,40.0,4.142857142857143,58.0
female,28,176.0,68.0,22.0,95.0,40.5,4.818181818181818,106.0
male,41,173.0,71.0,28.0,104.0,41.2,6.035714285714286,169.0
male,57,188.0,97.0,11.0,95.0,39.9,6.0,66.0
female,22,168.0,60.0,10.0,87.0,39.7,4.0,40.0
male,50,187.0,91.0,25.0,94.0,40.7,5.4,135.0
male,35,182.0,89.0,24.0,108.0,40.8,6.708333333333333,161.0
female,22,147.0,49.0,27.0,105.0,40.7,6.074074074074074,164.0
male,60,190.0,89.0,10.0,101.0,39.8,6.9,69.0
female,63,170.0,70.0,20.0,97.0,40.6,5.65,113.0
male,36,199.0,102.0,5.0,91.0,39.4,4.4,22.0
female,47,161.0,61.0,3.0,84.0,38.8,4.0,12.0
male,45,186.0,92.0,4.0,75.0,39.0,2.25,9.0
female,23,171.0,65.0,27.0,105.0,40.4,5.851851851851852,158.0
male,62,182.0,80.0,8.0,79.0,39.3,3.5,28.0
male,64,178.0,82.0,22.0,101.0,40.6,6.909090909090909,152.0
male,59,190.0,93.0,22.0,93.0,40.7,5.7272727272727275,126.0
female,22,190.0,79.0,19.0,96.0,40.3,4.684210526315789,89.0
female,74,163.0,64.0,29.0,106.0,40.8,6.896551724137931,200.0
male,42,187.0,92.0,5.0,87.0,39.1,4.0,20.0
male,69,203.0,107.0,24.0,111.0,41.3,9.208333333333334,221.0
male,55,185.0,88.0,18.0,103.0,40.4,6.888888888888889,124.0
female,39,169.0,65.0,18.0,91.0,40.3,4.666666666666667,84.0
male,61,178.0,80.0,28.0,111.0,41.0,8.25,231.0
male,35,179.0,85.0,6.0,87.0,39.3,3.5,21.0
female,23,169.0,60.0,21.0,99.0,40.5,5.285714285714286,111.0
male,38,176.0,79.0,3.0,92.0,38.5,4.333333333333333,13.0
male,76,188.0,90.0,29.0,102.0,40.7,7.827586206896552,227.0
male,22,182.0,82.0,9.0,86.0,39.8,2.6666666666666665,24.0
male,79,176.0,83.0,3.0,83.0,38.7,5.0,15.0
female,32,162.0,58.0,19.0,108.0,40.6,6.421052631578948,122.0
male,20,176.0,80.0,18.0,101.0,40.4,4.777777777777778,86.0
male,48,178.0,80.0,6.0,76.0,39.5,2.3333333333333335,14.0
female,23,145.0,48.0,8.0,90.0,39.7,4.5,36.0
female,22,174.0,73.0,20.0,103.0,40.4,5.5,110.0
female,26,171.0,62.0,9.0,90.0,39.8,4.333333333333333,39.0
female,25,149.0,54.0,6.0,89.0,39.0,4.333333333333333,26.0
male,52,179.0,79.0,18.0,106.0,40.3,7.055555555555555,127.0
male,58,186.0,87.0,9.0,90.0,40.0,5.111111111111111,46.0
female,49,184.0,77.0,3.0,79.0,39.0,3.3333333333333335,10.0
male,61,183.0,86.0,1.0,81.0,38.3,4.0,4.0
male,77,195.0,99.0,11.0,97.0,39.6,7.2727272727272725,80.0
male,40,181.0,87.0,9.0,93.0,39.5,4.666666666666667,42.0
male,64,172.0,73.0,22.0,102.0,40.5,6.863636363636363,151.0
male,23,181.0,81.0,11.0,93.0,40.0,3.727272727272727,41.0
male,58,172.0,75.0,27.0,107.0,40.7,7.37037037037037,199.0
male,43,193.0,98.0,19.0,100.0,40.2,6.105263157894737,116.0
male,44,170.0,79.0,7.0,82.0,39.4,3.0,21.0
female,72,168.0,66.0,26.0,102.0,40.7,6.384615384615385,166.0
female,76,160.0,60.0,16.0,110.0,40.5,7.375,118.0
male,62,180.0,83.0,27.0,99.0,40.8,6.555555555555555,177.0
male,54,178.0,85.0,3.0,74.0,38.3,2.3333333333333335,7.0
female,27,175.0,68.0,22.0,101.0,40.7,5.454545454545454,120.0
female,33,164.0,61.0,20.0,105.0,40.6,6.1,122.0
male,47,167.0,74.0,18.0,103.0,40.0,6.222222222222222,112.0
male,60,183.0,91.0,30.0,107.0,40.9,7.833333333333333,235.0
male,70,189.0,87.0,16.0,94.0,40.5,6.25,100.0
male,36,181.0,82.0,25.0,108.0,41.0,6.64,166.0
female,43,174.0,74.0,1.0,77.0,37.7,3.0,3.0
male,61,206.0,103.0,12.0,94.0,39.6,6.166666666666667,74.0
female,26,170.0,67.0,19.0,97.0,40.6,5.052631578947368,96.0
female,72,148.0,53.0,14.0,86.0,40.0,4.857142857142857,68.0
female,52,174.0,71.0,17.0,101.0,40.5,5.882352941176471,100.0
male,61,181.0,87.0,29.0,103.0,41.0,7.172413793103448,208.0
female,41,149.0,54.0,26.0,102.0,40.7,6.0,156.0
female,54,145.0,49.0,17.0,98.0,40.5,5.882352941176471,100.0
female,63,182.0,85.0,6.0,91.0,39.4,4.833333333333333,29.0
female,60,161.0,63.0,3.0,89.0,38.3,4.666666666666667,14.0
male,23,177.0,73.0,23.0,108.0,40.6,5.782608695652174,133.0
male,79,183.0,86.0,12.0,96.0,39.8,7.0,84.0
male,45,177.0,77.0,3.0,82.0,38.5,3.0,9.0
female,74,178.0,71.0,20.0,101.0,40.5,6.25,125.0
male,57,193.0,97.0,8.0,85.0,39.4,4.5,36.0
male,24,193.0,96.0,25.0,105.0,40.8,5.88,147.0
male,79,179.0,81.0,15.0,98.0,40.1,7.133333333333334,107.0
female,79,174.0,76.0,26.0,112.0,40.7,7.461538461538462,194.0
male,28,191.0,89.0,22.0,106.0,40.3,6.090909090909091,134.0
female,58,170.0,72.0,8.0,103.0,39.9,6.125,49.0
male,55,191.0,98.0,24.0,113.0,40.8,8.625,207.0
male,42,190.0,97.0,22.0,102.0,40.6,6.318181818181818,139.0
female,58,164.0,59.0,27.0,99.0,40.8,5.925925925925926,160.0
female,60,152.0,50.0,7.0,89.0,39.8,5.0,35.0
female,56,171.0,70.0,2.0,79.0,38.1,3.5,7.0
female,27,162.0,56.0,24.0,104.0,40.4,5.958333333333333,143.0
female,39,173.0,69.0,3.0,92.0,38.6,4.666666666666667,14.0
female,24,163.0,66.0,7.0,87.0,39.3,4.0,28.0
female,70,178.0,81.0,8.0,93.0,39.5,5.25,42.0
male,21,199.0,91.0,16.0,98.0,40.2,4.5625,73.0
male,42,185.0,78.0,26.0,110.0,41.4,7.115384615384615,185.0
male,29,197.0,94.0,17.0,105.0,40.3,6.117647058823529,104.0
male,48,178.0,75.0,15.0,91.0,40.4,4.466666666666667,67.0
male,54,179.0,79.0,10.0,93.0,39.8,5.2,52.0
female,40,152.0,49.0,23.0,106.0,40.5,6.478260869565218,149.0
female,75,175.0,73.0,21.0,105.0,40.4,6.666666666666667,140.0
female,68,163.0,60.0,5.0,85.0,39.3,4.6,23.0
male,36,179.0,83.0,23.0,109.0,40.5,6.782608695652174,156.0
male,36,170.0,76.0,25.0,106.0,41.0,6.2,155.0
male,40,183.0,83.0,9.0,82.0,39.4,2.888888888888889,26.0
male,23,188.0,92.0,6.0,89.0,39.2,3.3333333333333335,20.0
male,66,198.0,96.0,14.0,98.0,40.4,6.857142857142857,96.0
female,27,186.0,82.0,29.0,109.0,40.7,6.137931034482759,178.0
male,49,203.0,102.0,17.0,93.0,40.4,5.411764705882353,92.0
male,48,170.0,72.0,6.0,90.0,39.0,4.333333333333333,26.0
female,51,172.0,71.0,13.0,96.0,40.4,5.3076923076923075,69.0
female,20,165.0,66.0,15.0,94.0,40.0,4.6,69.0
male,33,188.0,95.0,27.0,103.0,40.7,6.0,162.0
male,39,176.0,83.0,11.0,91.0,40.1,4.181818181818182,46.0
female,48,152.0,53.0,20.0,95.0,40.2,5.4,108.0
male,26,191.0,86.0,8.0,83.0,39.3,2.5,20.0
female,49,166.0,60.0,12.0,95.0,39.8,5.333333333333333,64.0
female,31,145.0,52.0,9.0,84.0,39.8,3.888888888888889,35.0
female,49,153.0,58.0,15.0,100.0,39.9,5.866666666666666,88.0
female,39,159.0,62.0,15.0,93.0,40.0,4.933333333333334,74.0
female,36,166.0,58.0,25.0,101.0,41.1,5.76,144.0
male,48,186.0,89.0,16.0,91.0,40.5,4.8125,77.0
female,22,172.0,67.0,14.0,91.0,40.7,4.285714285714286,60.0
female,25,162.0,66.0,30.0,112.0,41.3,6.633333333333334,199.0
male,35,178.0,80.0,11.0,90.0,39.8,3.8181818181818183,42.0
female,49,175.0,73.0,24.0,99.0,40.7,5.583333333333333,134.0
male,61,166.0,69.0,29.0,106.0,40.9,7.241379310344827,210.0
male,28,186.0,89.0,13.0,90.0,39.7,3.6923076923076925,48.0
female,26,162.0,59.0,15.0,92.0,40.4,4.6,69.0
female,25,180.0,75.0,23.0,97.0,40.6,4.913043478260869,113.0
male,66,164.0,71.0,20.0,100.0,40.6,6.65,133.0
male,57,186.0,89.0,9.0,83.0,39.6,4.0,36.0
female,24,166.0,65.0,24.0,114.0,40.8,6.833333333333333,164.0
male,24,179.0,76.0,17.0,100.0,40.4,4.705882352941177,80.0
female,41,171.0,69.0,21.0,105.0,40.1,6.142857142857143,129.0
female,63,163.0,60.0,19.0,98.0,40.2,5.894736842105263,112.0
female,35,173.0,68.0,29.0,108.0,40.4,6.344827586206897,184.0
female,69,170.0,71.0,11.0,91.0,40.2,5.090909090909091,56.0
male,57,189.0,92.0,8.0,90.0,39.5,5.125,41.0
female,44,152.0,55.0,11.0,91.0,39.7,4.909090909090909,54.0
male,23,180.0,78.0,17.0,110.0,40.8,6.235294117647059,106.0
female,58,161.0,62.0,19.0,104.0,40.5,6.421052631578948,122.0
male,43,179.0,83.0,5.0,81.0,39.5,3.0,15.0
female,28,159.0,61.0,29.0,109.0,40.3,6.448275862068965,187.0
male,37,176.0,76.0,26.0,115.0,40.5,7.615384615384615,198.0
female,66,175.0,69.0,7.0,86.0,39.4,4.571428571428571,32.0
male,57,182.0,84.0,11.0,98.0,39.9,6.181818181818182,68.0
male,33,191.0,97.0,14.0,94.0,40.1,4.714285714285714,66.0
female,77,172.0,66.0,14.0,93.0,40.2,5.5,77.0
male,69,172.0,77.0,20.0,101.0,40.8,7.05,141.0
male,28,185.0,82.0,27.0,99.0,40.9,4.888888888888889,132.0
male,25,172.0,79.0,15.0,93.0,40.1,3.7333333333333334,56.0
female,54,159.0,57.0,14.0,84.0,40.3,4.285714285714286,60.0
female,44,181.0,81.0,28.0,104.0,40.8,5.892857142857143,165.0
female,70,172.0,72.0,15.0,99.0,40.3,5.933333333333334,89.0
female,40,172.0,74.0,16.0,96.0,40.5,5.0625,81.0
female,54,153.0,53.0,25.0,106.0,40.8,6.68,167.0
male,35,194.0,100.0,18.0,100.0,40.3,5.777777777777778,104.0
female,38,169.0,66.0,20.0,104.0,40.2,6.0,120.0
male,73,185.0,83.0,1.0,76.0,37.7,4.0,4.0
male,20,180.0,79.0,7.0,83.0,39.3,2.0,14.0
female,51,178.0,74.0,23.0,95.0,40.6,5.173913043478261,119.0
male,37,182.0,80.0,6.0,88.0,39.1,3.6666666666666665,22.0
female,29,155.0,54.0,11.0,84.0,40.1,3.909090909090909,43.0
female,30,157.0,58.0,7.0,94.0,39.2,4.857142857142857,34.0
female,26,179.0,71.0,26.0,110.0,40.9,6.384615384615385,166.0
female,26,173.0,68.0,27.0,107.0,41.0,6.074074074074074,164.0
male,25,179.0,77.0,29.0,114.0,41.1,6.896551724137931,200.0
male,28,179.0,77.0,7.0,87.0,39.3,3.0,21.0
female,40,176.0,70.0,18.0,96.0,40.6,5.111111111111111,92.0
male,44,175.0,80.0,28.0,102.0,40.8,6.071428571428571,170.0
male,24,187.0,82.0,26.0,102.0,40.7,5.153846153846154,134.0
female,57,164.0,66.0,22.0,92.0,40.5,5.045454545454546,111.0
female,48,157.0,52.0,12.0,85.0,40.0,4.333333333333333,52.0
female,29,167.0,73.0,28.0,117.0,40.8,7.142857142857143,200.0
female,51,168.0,66.0,11.0,84.0,40.1,4.090909090909091,45.0
female,26,161.0,61.0,15.0,93.0,40.2,4.666666666666667,70.0
female,70,185.0,88.0,3.0,75.0,38.7,3.3333333333333335,10.0
male,58,175.0,77.0,14.0,92.0,40.2,5.142857142857143,72.0
male,69,195.0,102.0,22.0,95.0,40.5,6.681818181818182,147.0
male,35,193.0,93.0,10.0,83.0,39.7,3.0,30.0
male,24,186.0,86.0,22.0,99.0,40.7,4.7727272727272725,105.0
female,77,153.0,54.0,22.0,102.0,40.7,6.636363636363637,146.0
male,65,163.0,66.0,1.0,91.0,37.3,5.0,5.0
male,25,180.0,83.0,17.0,95.0,41.0,4.176470588235294,71.0
female,26,169.0,67.0,21.0,97.0,40.4,5.0476190476190474,106.0
male,70,189.0,94.0,23.0,107.0,40.5,8.391304347826088,193.0
female,67,154.0,57.0,20.0,96.0,40.6,5.8,116.0
female,46,151.0,51.0,28.0,108.0,40.9,6.785714285714286,190.0
female,52,170.0,67.0,19.0,101.0,40.5,5.894736842105263,112.0
male,79,169.0,76.0,23.0,95.0,40.6,6.608695652173913,152.0
male,79,188.0,93.0,21.0,107.0,40.5,8.761904761904763,184.0
male,39,189.0,90.0,27.0,101.0,40.8,5.888888888888889,159.0
male,41,177.0,79.0,7.0,82.0,39.3,2.857142857142857,20.0
female,24,141.0,45.0,9.0,91.0,39.8,4.666666666666667,42.0
male,30,176.0,73.0,9.0,89.0,39.4,3.2222222222222223,29.0
male,50,183.0,82.0,27.0,110.0,40.8,7.592592592592593,205.0
male,23,183.0,81.0,10.0,89.0,39.9,3.1,31.0
female,26,156.0,56.0,20.0,99.0,40.8,5.4,108.0
female,29,186.0,80.0,5.0,90.0,39.1,4.2,21.0
female,26,158.0,60.0,17.0,91.0,40.4,4.470588235294118,76.0
female,38,163.0,64.0,25.0,107.0,40.6,6.36,159.0
male,35,179.0,77.0,27.0,108.0,40.9,6.481481481481482,175.0
male,67,155.0,64.0,6.0,88.0,38.9,4.666666666666667,28.0
male,40,181.0,84.0,17.0,99.0,40.4,5.529411764705882,94.0
female,26,161.0,57.0,3.0,92.0,38.3,4.666666666666667,14.0
female,65,155.0,58.0,17.0,95.0,40.5,5.647058823529412,96.0
male,28,178.0,82.0,30.0,111.0,41.0,6.7,201.0
female,44,167.0,67.0,13.0,94.0,39.9,5.0,65.0
female,30,169.0,64.0,18.0,97.0,39.9,5.166666666666667,93.0
male,37,174.0,74.0,12.0,89.0,40.1,3.6666666666666665,44.0
male,22,160.0,64.0,21.0,102.0,40.5,4.666666666666667,98.0
male,79,172.0,77.0,24.0,107.0,40.7,8.416666666666666,202.0
female,20,177.0,70.0,12.0,97.0,39.8,4.916666666666667,59.0
female,41,164.0,64.0,4.0,93.0,38.8,5.0,20.0
female,77,169.0,67.0,28.0,109.0,40.7,7.214285714285714,202.0
male,69,176.0,78.0,18.0,100.0,40.3,6.944444444444445,125.0
female,36,144.0,49.0,11.0,91.0,40.2,4.818181818181818,53.0
female,43,173.0,69.0,2.0,79.0,38.2,3.5,7.0
female,26,163.0,60.0,21.0,98.0,40.7,5.238095238095238,110.0
female,58,169.0,72.0,6.0,89.0,39.1,4.666666666666667,28.0
male,36,187.0,88.0,25.0,106.0,40.9,6.44,161.0
female,45,161.0,61.0,10.0,93.0,40.0,5.0,50.0
male,44,210.0,106.0,19.0,90.0,40.2,4.7894736842105265,91.0
male,36,175.0,82.0,22.0,108.0,40.5,6.636363636363637,146.0
male,54,164.0,67.0,18.0,93.0,40.8,4.888888888888889,88.0
male,71,193.0,98.0,17.0,94.0,40.3,6.529411764705882,111.0
female,61,185.0,79.0,28.0,109.0,40.5,6.785714285714286,190.0
female,31,158.0,53.0,10.0,91.0,40.0,4.7,47.0
male,25,200.0,94.0,28.0,102.0,40.4,5.464285714285714,153.0
female,41,148.0,49.0,17.0,95.0,40.5,5.352941176470588,91.0
female,64,169.0,64.0,11.0,94.0,39.9,5.454545454545454,60.0
female,37,163.0,62.0,26.0,101.0,40.7,5.730769230769231,149.0
male,31,199.0,109.0,21.0,95.0,40.5,5.0,105.0
male,53,177.0,80.0,15.0,98.0,40.0,5.866666666666666,88.0
female,44,166.0,67.0,30.0,116.0,40.9,7.366666666666666,221.0
female,26,158.0,63.0,3.0,80.0,38.6,3.3333333333333335,10.0
female,39,169.0,62.0,29.0,113.0,41.0,7.0344827586206895,204.0
male,67,178.0,86.0,5.0,86.0,39.1,4.8,24.0
male,26,181.0,82.0,29.0,105.0,41.0,5.689655172413793,165.0
male,56,184.0,85.0,26.0,107.0,40.9,7.5,195.0
male,20,190.0,88.0,13.0,84.0,40.3,2.3846153846153846,31.0
male,38,190.0,96.0,8.0,83.0,39.5,3.25,26.0
female,27,158.0,57.0,22.0,101.0,40.4,5.636363636363637,124.0
female,28,160.0,60.0,16.0,94.0,40.0,4.8125,77.0
male,36,190.0,92.0,19.0,98.0,40.6,5.315789473684211,101.0
male,67,199.0,106.0,29.0,108.0,40.8,8.620689655172415,250.0
male,46,185.0,94.0,9.0,87.0,40.1,4.222222222222222,38.0
male,33,174.0,77.0,2.0,83.0,38.3,2.5,5.0
male,39,171.0,78.0,19.0,94.0,40.7,4.578947368421052,87.0
male,67,189.0,94.0,23.0,100.0,40.8,7.173913043478261,165.0
male,28,194.0,86.0,19.0,103.0,40.3,5.578947368421052,106.0
female,22,167.0,61.0,3.0,88.0,38.3,4.0,12.0
female,32,165.0,66.0,26.0,108.0,40.7,6.346153846153846,165.0
female,21,176.0,70.0,2.0,78.0,38.1,3.0,6.0
female,64,170.0,67.0,2.0,90.0,37.9,5.0,10.0
female,70,188.0,88.0,21.0,105.0,40.3,6.380952380952381,134.0
female,73,185.0,79.0,15.0,95.0,40.1,5.466666666666667,82.0
female,25,149.0,50.0,8.0,95.0,39.5,5.0,40.0
male,22,177.0,74.0,25.0,108.0,40.8,5.76,144.0
male,21,183.0,77.0,13.0,92.0,40.2,3.3846153846153846,44.0
male,27,162.0,59.0,15.0,95.0,40.4,3.7333333333333334,56.0
female,39,155.0,54.0,26.0,105.0,41.1,6.3076923076923075,164.0
male,44,174.0,71.0,11.0,80.0,39.9,2.5454545454545454,28.0
female,52,145.0,48.0,7.0,80.0,39.5,4.0,28.0
male,71,182.0,91.0,9.0,92.0,39.7,6.111111111111111,55.0
female,69,174.0,75.0,29.0,109.0,41.0,6.9655172413793105,202.0
male,25,200.0,107.0,9.0,92.0,39.7,4.222222222222222,38.0
male,45,182.0,84.0,28.0,113.0,41.0,7.857142857142857,220.0
female,21,166.0,60.0,17.0,96.0,40.0,4.9411764705882355,84.0
female,35,180.0,76.0,11.0,91.0,39.8,4.454545454545454,49.0
male,31,202.0,102.0,6.0,82.0,39.4,2.8333333333333335,17.0
male,27,184.0,84.0,11.0,91.0,39.7,3.6363636363636362,40.0
female,74,145.0,48.0,25.0,101.0,40.7,6.56,164.0
male,76,184.0,90.0,17.0,101.0,40.1,7.647058823529412,130.0
male,36,174.0,79.0,29.0,113.0,40.9,7.310344827586207,212.0
male,40,186.0,91.0,22.0,105.0,40.9,6.545454545454546,144.0
female,23,160.0,58.0,26.0,101.0,40.7,5.538461538461538,144.0
male,31,198.0,102.0,30.0,107.0,40.8,6.666666666666667,200.0
female,22,147.0,45.0,29.0,107.0,40.6,6.344827586206897,184.0
female,29,169.0,70.0,16.0,99.0,40.2,5.25,84.0
male,63,188.0,97.0,23.0,99.0,40.7,6.913043478260869,159.0
male,58,199.0,102.0,15.0,91.0,40.4,5.533333333333333,83.0
male,36,194.0,91.0,28.0,105.0,40.8,6.357142857142857,178.0
male,48,199.0,103.0,15.0,96.0,40.3,5.866666666666666,88.0
female,70,172.0,68.0,29.0,109.0,40.7,7.068965517241379,205.0
female,75,179.0,83.0,26.0,109.0,40.8,6.961538461538462,181.0
male,67,173.0,78.0,4.0,95.0,38.7,6.0,24.0
female,75,166.0,68.0,12.0,90.0,40.1,5.166666666666667,62.0
female,33,156.0,50.0,3.0,94.0,38.5,5.0,15.0
female,38,178.0,68.0,12.0,97.0,40.0,5.25,63.0
female,43,152.0,56.0,25.0,105.0,40.6,6.32,158.0
female,29,164.0,60.0,14.0,92.0,40.1,4.642857142857143,65.0
male,23,174.0,70.0,25.0,102.0,40.9,4.84,121.0
male,39,191.0,90.0,14.0,88.0,40.2,3.9285714285714284,55.0
male,73,186.0,87.0,16.0,95.0,40.4,6.5625,105.0
female,24,183.0,70.0,14.0,96.0,39.9,4.857142857142857,68.0
male,57,188.0,88.0,26.0,101.0,41.3,6.6923076923076925,174.0
female,50,161.0,58.0,4.0,85.0,39.2,4.25,17.0
male,22,180.0,79.0,13.0,87.0,40.1,2.6923076923076925,35.0
female,26,161.0,56.0,21.0,109.0,40.3,6.476190476190476,136.0
female,31,150.0,56.0,28.0,105.0,40.9,6.142857142857143,172.0
male,62,175.0,72.0,23.0,99.0,40.7,6.304347826086956,145.0
female,48,163.0,65.0,7.0,78.0,39.7,3.4285714285714284,24.0
male,26,193.0,92.0,29.0,101.0,41.0,5.310344827586207,154.0
male,25,196.0,102.0,14.0,87.0,39.9,3.357142857142857,47.0
female,43,158.0,61.0,22.0,106.0,40.8,6.363636363636363,140.0
male,46,190.0,99.0,3.0,85.0,38.7,4.0,12.0
female,46,170.0,73.0,20.0,105.0,40.7,6.15,123.0
female,55,163.0,67.0,30.0,110.0,40.9,6.933333333333334,208.0
male,29,173.0,78.0,17.0,104.0,40.2,5.588235294117647,95.0
female,32,158.0,57.0,23.0,101.0,40.6,5.695652173913044,131.0
male,69,188.0,92.0,17.0,91.0,40.2,5.882352941176471,100.0
male,54,202.0,108.0,18.0,97.0,40.2,6.388888888888889,115.0
male,27,193.0,88.0,24.0,105.0,40.5,5.875,141.0
female,46,154.0,54.0,28.0,104.0,40.8,6.321428571428571,177.0
male,33,171.0,73.0,26.0,108.0,40.9,6.269230769230769,163.0
female,53,158.0,61.0,24.0,106.0,40.7,6.541666666666667,157.0
female,45,171.0,70.0,21.0,101.0,40.7,5.761904761904762,121.0
female,65,156.0,63.0,21.0,102.0,40.4,6.333333333333333,133.0
female,72,150.0,55.0,17.0,100.0,40.3,6.352941176470588,108.0
female,39,165.0,64.0,29.0,96.0,40.8,5.206896551724138,151.0
male,46,185.0,90.0,17.0,95.0,40.1,5.294117647058823,90.0
male,27,188.0,81.0,8.0,92.0,39.6,3.75,30.0
female,43,143.0,50.0,5.0,80.0,39.1,3.8,19.0
female,37,160.0,59.0,9.0,95.0,39.9,5.111111111111111,46.0
female,72,168.0,66.0,13.0,96.0,40.1,5.769230769230769,75.0
female,45,167.0,63.0,6.0,84.0,39.5,4.0,24.0
female,32,157.0,59.0,6.0,86.0,39.6,4.0,24.0
male,20,176.0,78.0,18.0,89.0,40.4,2.888888888888889,52.0
female,74,172.0,72.0,14.0,91.0,40.4,5.142857142857143,72.0
male,37,192.0,97.0,27.0,103.0,40.7,6.2592592592592595,169.0
male,23,182.0,83.0,20.0,104.0,40.2,5.4,108.0
male,35,175.0,79.0,10.0,81.0,40.0,2.4,24.0
male,52,171.0,81.0,17.0,102.0,40.6,6.470588235294118,110.0
male,72,189.0,99.0,10.0,92.0,39.7,6.3,63.0
male,20,183.0,87.0,25.0,106.0,40.1,5.64,141.0
male,38,176.0,83.0,26.0,107.0,40.6,6.576923076923077,171.0
male,38,185.0,91.0,5.0,82.0,39.2,3.0,15.0
male,39,182.0,87.0,8.0,85.0,39.3,3.375,27.0
female,42,152.0,60.0,16.0,94.0,40.2,5.0625,81.0
female,25,167.0,65.0,17.0,96.0,40.7,4.9411764705882355,84.0
male,21,195.0,94.0,5.0,88.0,39.2,3.2,16.0
male,48,174.0,75.0,16.0,99.0,40.7,5.6875,91.0
female,26,172.0,69.0,17.0,89.0,40.6,4.176470588235294,71.0
male,41,168.0,73.0,29.0,101.0,40.3,5.620689655172414,163.0
female,40,152.0,55.0,8.0,83.0,39.7,4.0,32.0
female,26,162.0,59.0,4.0,80.0,38.9,3.25,13.0
female,29,159.0,63.0,27.0,111.0,40.7,6.62962962962963,179.0
male,46,196.0,92.0,19.0,98.0,40.4,5.7894736842105265,110.0
male,20,180.0,82.0,8.0,96.0,39.5,4.0,32.0
male,43,177.0,77.0,7.0,80.0,39.4,2.5714285714285716,18.0
female,38,170.0,64.0,9.0,91.0,39.6,4.666666666666667,42.0
male,35,179.0,77.0,25.0,105.0,40.6,6.0,150.0
male,50,209.0,108.0,19.0,95.0,40.2,5.894736842105263,112.0
male,32,195.0,102.0,15.0,100.0,40.4,5.666666666666667,85.0
male,34,196.0,103.0,17.0,96.0,40.4,5.176470588235294,88.0
male,29,196.0,91.0,22.0,96.0,40.6,4.681818181818182,103.0
male,60,193.0,96.0,11.0,90.0,39.3,5.363636363636363,59.0
male,47,185.0,92.0,2.0,94.0,38.1,5.5,11.0
female,55,175.0,69.0,30.0,117.0,41.2,7.666666666666667,230.0
female,74,165.0,68.0,29.0,106.0,41.0,6.827586206896552,198.0
male,33,193.0,91.0,13.0,89.0,40.3,3.8461538461538463,50.0
male,39,185.0,87.0,26.0,110.0,40.9,7.1923076923076925,187.0
female,54,169.0,71.0,29.0,107.0,40.5,6.551724137931035,190.0
female,46,168.0,66.0,4.0,78.0,39.1,3.25,13.0
female,37,147.0,51.0,18.0,100.0,40.7,5.777777777777778,104.0
male,33,196.0,101.0,12.0,92.0,39.9,4.5,54.0
male,28,186.0,91.0,18.0,100.0,40.3,5.222222222222222,94.0
female,32,171.0,67.0,7.0,84.0,39.6,3.7142857142857144,26.0
male,45,193.0,93.0,2.0,87.0,38.4,4.0,8.0
female,77,158.0,59.0,2.0,82.0,38.5,4.5,9.0
female,48,162.0,65.0,10.0,92.0,40.1,4.9,49.0
male,31,174.0,74.0,25.0,100.0,40.6,5.0,125.0
male,27,203.0,109.0,8.0,88.0,39.8,3.75,30.0
male,35,184.0,84.0,8.0,80.0,39.7,2.375,19.0
female,76,155.0,55.0,22.0,100.0,40.8,6.409090909090909,141.0
female,22,146.0,50.0,22.0,108.0,40.5,6.363636363636363,140.0
male,62,176.0,84.0,20.0,99.0,40.3,6.55,131.0
female,68,179.0,79.0,30.0,105.0,40.8,6.466666666666667,194.0
female,60,176.0,71.0,24.0,107.0,41.0,6.666666666666667,160.0
female,30,162.0,57.0,15.0,88.0,40.3,4.266666666666667,64.0
male,31,180.0,79.0,4.0,86.0,39.1,3.0,12.0
male,59,195.0,104.0,15.0,92.0,40.3,5.8,87.0
male,22,202.0,100.0,2.0,81.0,38.0,2.5,5.0
female,22,168.0,66.0,7.0,79.0,39.5,3.0,21.0
female,58,168.0,62.0,9.0,90.0,39.9,4.888888888888889,44.0
male,20,184.0,79.0,14.0,96.0,39.9,4.0,56.0
male,55,176.0,83.0,9.0,81.0,39.7,3.4444444444444446,31.0
male,30,195.0,92.0,30.0,101.0,41.0,5.5,165.0
female,25,171.0,66.0,9.0,86.0,40.3,3.888888888888889,35.0
male,38,180.0,81.0,20.0,95.0,40.5,4.75,95.0
male,44,180.0,79.0,21.0,100.0,40.9,5.714285714285714,120.0
female,34,150.0,58.0,4.0,79.0,38.9,3.25,13.0
male,57,177.0,83.0,8.0,91.0,39.6,5.125,41.0
male,76,193.0,103.0,18.0,95.0,40.3,7.055555555555555,127.0
female,42,180.0,78.0,6.0,79.0,39.3,3.1666666666666665,19.0
female,47,168.0,69.0,7.0,90.0,39.5,4.571428571428571,32.0
female,41,155.0,62.0,28.0,113.0,41.1,7.071428571428571,198.0
female,44,143.0,49.0,17.0,92.0,40.2,5.0588235294117645,86.0
female,68,163.0,57.0,13.0,95.0,40.2,5.6923076923076925,74.0
male,77,206.0,106.0,25.0,92.0,40.8,6.72,168.0
male,76,157.0,64.0,8.0,88.0,39.5,5.125,41.0
male,21,190.0,96.0,22.0,107.0,40.8,6.045454545454546,133.0
female,33,162.0,58.0,25.0,109.0,40.7,6.56,164.0
male,54,180.0,77.0,25.0,105.0,41.0,6.92,173.0
female,21,164.0,62.0,22.0,98.0,40.6,5.136363636363637,113.0
female,28,163.0,59.0,3.0,85.0,38.9,4.0,12.0
female,22,180.0,77.0,5.0,78.0,39.0,2.8,14.0
male,28,197.0,96.0,4.0,87.0,38.6,3.25,13.0
female,64,150.0,55.0,19.0,102.0,40.4,6.421052631578948,122.0
female,61,161.0,62.0,22.0,99.0,40.8,5.954545454545454,131.0
male,43,173.0,74.0,12.0,89.0,39.9,3.9166666666666665,47.0
female,29,163.0,59.0,26.0,111.0,40.9,6.6923076923076925,174.0
male,29,183.0,87.0,17.0,97.0,40.2,4.705882352941177,80.0
male,39,188.0,88.0,2.0,90.0,38.0,4.0,8.0
male,44,196.0,102.0,17.0,107.0,40.4,7.294117647058823,124.0
female,27,156.0,56.0,25.0,110.0,40.7,6.6,165.0
female,52,166.0,63.0,13.0,102.0,40.2,6.076923076923077,79.0
male,21,184.0,78.0,19.0,100.0,40.5,4.631578947368421,88.0
male,48,187.0,87.0,1.0,70.0,37.7,2.0,2.0
female,28,164.0,59.0,9.0,90.0,39.5,4.444444444444445,40.0
female,47,162.0,57.0,24.0,106.0,40.6,6.5,156.0
male,54,201.0,109.0,27.0,106.0,40.9,7.777777777777778,210.0
male,75,194.0,101.0,19.0,94.0,41.0,6.7894736842105265,129.0
female,50,151.0,51.0,6.0,87.0,39.3,4.666666666666667,28.0
male,24,178.0,79.0,12.0,83.0,40.1,2.25,27.0
female,59,164.0,64.0,18.0,100.0,39.9,6.0,108.0
male,34,167.0,74.0,20.0,93.0,40.4,4.1,82.0
male,48,210.0,114.0,20.0,102.0,40.4,7.0,140.0
female,22,151.0,54.0,17.0,100.0,40.2,5.470588235294118,93.0
male,49,189.0,96.0,3.0,86.0,39.0,4.333333333333333,13.0
female,73,150.0,50.0,27.0,111.0,41.0,7.592592592592593,205.0
female,22,173.0,73.0,7.0,85.0,39.1,3.5714285714285716,25.0
female,38,168.0,66.0,2.0,78.0,38.5,3.0,6.0
female,68,158.0,60.0,1.0,84.0,37.5,4.0,4.0
female,23,179.0,80.0,15.0,95.0,39.9,4.6,69.0
male,60,171.0,71.0,20.0,96.0,40.7,5.75,115.0
female,29,179.0,69.0,14.0,92.0,40.4,4.5,63.0
male,50,174.0,79.0,12.0,88.0,39.4,4.25,51.0
female,33,170.0,64.0,28.0,105.0,40.6,6.035714285714286,169.0
female,23,172.0,65.0,26.0,107.0,40.7,6.076923076923077,158.0
male,46,171.0,73.0,10.0,97.0,39.4,5.3,53.0
male,49,188.0,85.0,25.0,110.0,40.5,7.6,190.0
male,51,192.0,96.0,19.0,97.0,40.6,6.0,114.0
female,57,152.0,57.0,11.0,85.0,40.0,4.454545454545454,49.0
male,69,188.0,91.0,25.0,105.0,40.6,7.96,199.0
female,36,143.0,47.0,2.0,84.0,37.6,4.0,8.0
male,31,184.0,85.0,1.0,80.0,37.8,2.0,2.0
female,43,157.0,56.0,20.0,99.0,40.6,5.7,114.0
female,62,172.0,70.0,5.0,80.0,39.2,3.8,19.0
female,35,152.0,51.0,27.0,105.0,41.2,6.2592592592592595,169.0
male,28,180.0,81.0,28.0,108.0,41.2,6.214285714285714,174.0
male,22,189.0,85.0,5.0,83.0,38.8,2.2,11.0
female,78,189.0,84.0,10.0,85.0,40.0,4.4,44.0
female,66,153.0,58.0,15.0,90.0,40.1,5.133333333333334,77.0
female,37,176.0,73.0,3.0,82.0,38.8,3.6666666666666665,11.0
male,56,174.0,74.0,16.0,102.0,40.1,6.5,104.0
male,33,199.0,104.0,8.0,82.0,39.6,3.0,24.0
female,25,166.0,69.0,9.0,95.0,39.5,4.777777777777778,43.0
female,49,156.0,58.0,14.0,92.0,40.2,5.0,70.0
female,53,157.0,56.0,21.0,98.0,40.2,5.761904761904762,121.0
male,28,194.0,97.0,20.0,103.0,41.0,5.8,116.0
male,44,168.0,69.0,10.0,85.0,39.7,3.3,33.0
female,48,159.0,60.0,17.0,99.0,40.6,5.705882352941177,97.0
male,54,185.0,83.0,12.0,84.0,40.0,3.9166666666666665,47.0
female,22,160.0,65.0,13.0,99.0,40.4,5.230769230769231,68.0
female,31,153.0,54.0,4.0,86.0,39.1,4.0,16.0
male,66,193.0,97.0,20.0,95.0,40.6,6.45,129.0
male,65,187.0,89.0,18.0,101.0,40.0,7.111111111111111,128.0
male,38,175.0,77.0,15.0,103.0,40.4,5.866666666666666,88.0
male,31,189.0,88.0,12.0,98.0,40.1,5.0,60.0
male,72,208.0,110.0,16.0,97.0,39.9,7.3125,117.0
female,39,181.0,78.0,6.0,88.0,39.4,4.166666666666667,25.0
male,25,198.0,93.0,23.0,108.0,40.8,6.3478260869565215,146.0
female,29,160.0,54.0,8.0,101.0,39.7,5.75,46.0
female,38,151.0,52.0,23.0,98.0,40.8,5.565217391304348,128.0
female,38,164.0,61.0,23.0,101.0,40.7,5.739130434782608,132.0
female,31,148.0,53.0,5.0,74.0,39.5,2.8,14.0
female,70,171.0,69.0,8.0,87.0,39.3,4.75,38.0
female,54,138.0,41.0,30.0,113.0,41.1,7.6,228.0
male,45,192.0,95.0,17.0,94.0,40.3,5.235294117647059,89.0
male,56,175.0,82.0,11.0,88.0,39.9,4.545454545454546,50.0
female,25,190.0,85.0,13.0,82.0,39.9,3.1538461538461537,41.0
male,38,207.0,106.0,25.0,93.0,40.9,4.96,124.0
female,43,178.0,68.0,1.0,87.0,37.6,4.0,4.0
male,38,168.0,67.0,11.0,82.0,39.7,2.4545454545454546,27.0
male,41,193.0,98.0,5.0,85.0,39.3,3.8,19.0
female,60,152.0,58.0,14.0,86.0,40.2,4.571428571428571,64.0
male,51,185.0,85.0,24.0,102.0,40.4,6.5,156.0
male,72,184.0,86.0,25.0,98.0,40.6,6.92,173.0
male,46,185.0,88.0,28.0,112.0,40.7,7.821428571428571,219.0
male,29,173.0,82.0,28.0,115.0,40.9,7.357142857142857,206.0
male,29,188.0,91.0,10.0,89.0,39.9,3.6,36.0
female,43,169.0,63.0,22.0,109.0,40.6,6.681818181818182,147.0
female,77,166.0,68.0,19.0,101.0,40.1,6.368421052631579,121.0
female,79,164.0,67.0,6.0,91.0,39.2,5.333333333333333,32.0
female,28,162.0,58.0,4.0,75.0,38.8,2.75,11.0
female,22,169.0,66.0,6.0,83.0,38.9,3.5,21.0
male,77,176.0,84.0,13.0,88.0,40.3,5.615384615384615,73.0
female,25,163.0,61.0,2.0,75.0,38.2,2.5,5.0
male,39,185.0,86.0,27.0,107.0,40.6,6.703703703703703,181.0
female,28,167.0,64.0,16.0,108.0,40.7,6.3125,101.0
female,31,161.0,65.0,9.0,93.0,39.8,4.666666666666667,42.0
female,50,155.0,57.0,9.0,97.0,39.8,5.555555555555555,50.0
female,42,152.0,58.0,9.0,97.0,39.8,5.444444444444445,49.0
male,57,189.0,89.0,13.0,95.0,40.1,5.846153846153846,76.0
female,31,167.0,66.0,18.0,96.0,40.4,5.0,90.0
male,25,185.0,85.0,18.0,102.0,40.3,5.277777777777778,95.0
female,27,180.0,72.0,6.0,87.0,39.2,3.8333333333333335,23.0
male,56,182.0,88.0,8.0,96.0,39.3,5.875,47.0
female,75,161.0,67.0,29.0,105.0,41.1,6.758620689655173,196.0
female,34,163.0,66.0,27.0,107.0,40.6,6.2592592592592595,169.0
male,67,171.0,75.0,19.0,97.0,40.5,6.315789473684211,120.0
female,23,161.0,59.0,16.0,93.0,40.1,4.6875,75.0
male,53,181.0,85.0,10.0,85.0,39.7,4.0,40.0
female,39,168.0,62.0,16.0,91.0,40.4,4.6875,75.0
female,40,170.0,68.0,6.0,87.0,39.4,4.166666666666667,25.0
male,29,190.0,99.0,7.0,86.0,39.6,3.2857142857142856,23.0
male,30,194.0,101.0,8.0,83.0,39.4,3.0,24.0
male,33,180.0,85.0,14.0,94.0,39.8,4.428571428571429,62.0
female,20,172.0,67.0,3.0,88.0,39.0,4.0,12.0
male,33,184.0,87.0,27.0,99.0,40.7,5.222222222222222,141.0
female,38,164.0,61.0,20.0,94.0,40.6,5.0,100.0
male,68,172.0,74.0,23.0,94.0,40.6,5.869565217391305,135.0
female,72,169.0,71.0,29.0,105.0,41.0,6.655172413793103,193.0
male,63,177.0,82.0,11.0,90.0,40.1,5.181818181818182,57.0
male,40,177.0,81.0,8.0,83.0,39.6,3.0,24.0
female,58,147.0,49.0,27.0,106.0,40.8,6.814814814814815,184.0
male,49,170.0,73.0,11.0,86.0,40.1,3.727272727272727,41.0
male,37,185.0,90.0,11.0,80.0,40.0,2.6363636363636362,29.0
female,24,148.0,48.0,8.0,90.0,39.2,4.5,36.0
male,25,188.0,85.0,12.0,93.0,39.9,3.9166666666666665,47.0
female,27,148.0,49.0,8.0,88.0,39.6,4.375,35.0
female,62,178.0,73.0,8.0,84.0,39.6,4.25,34.0
male,51,198.0,92.0,19.0,102.0,40.5,6.631578947368421,126.0
female,42,163.0,60.0,10.0,90.0,40.0,4.7,47.0
female,36,163.0,58.0,4.0,84.0,39.0,4.0,16.0
female,78,159.0,56.0,18.0,93.0,40.4,5.666666666666667,102.0
male,28,181.0,82.0,2.0,88.0,37.8,3.0,6.0
male,33,191.0,92.0,26.0,103.0,40.8,5.923076923076923,154.0
male,33,180.0,83.0,20.0,103.0,40.6,5.75,115.0
male,52,184.0,88.0,27.0,111.0,41.2,7.962962962962963,215.0
female,53,153.0,52.0,17.0,104.0,40.5,6.470588235294118,110.0
female,65,187.0,79.0,28.0,108.0,40.7,6.75,189.0
female,34,168.0,62.0,18.0,102.0,40.3,5.777777777777778,104.0
male,31,195.0,100.0,9.0,91.0,39.7,4.222222222222222,38.0
male,32,190.0,89.0,15.0,98.0,40.3,5.066666666666666,76.0
male,55,179.0,79.0,24.0,110.0,40.6,7.791666666666667,187.0
male,42,190.0,88.0,2.0,79.0,38.7,2.5,5.0
female,64,165.0,67.0,29.0,110.0,40.7,7.103448275862069,206.0
female,32,165.0,61.0,3.0,79.0,38.6,3.3333333333333335,10.0
female,53,169.0,66.0,20.0,109.0,40.5,6.8,136.0
female,54,167.0,65.0,28.0,110.0,40.6,6.928571428571429,194.0
female,45,152.0,54.0,12.0,88.0,39.9,4.583333333333333,55.0
male,52,211.0,111.0,4.0,90.0,39.1,5.25,21.0
male,39,189.0,92.0,19.0,105.0,40.1,6.526315789473684,124.0
female,56,166.0,61.0,20.0,94.0,40.7,5.3,106.0
male,55,194.0,99.0,20.0,100.0,40.6,6.7,134.0
female,56,183.0,80.0,20.0,102.0,40.8,5.9,118.0
female,20,172.0,71.0,14.0,96.0,39.9,4.785714285714286,67.0
female,25,177.0,74.0,6.0,91.0,39.3,4.333333333333333,26.0
female,22,168.0,68.0,3.0,84.0,38.6,3.6666666666666665,11.0
male,52,184.0,85.0,6.0,89.0,39.2,4.666666666666667,28.0
male,73,190.0,94.0,7.0,92.0,39.3,6.285714285714286,44.0
male,43,189.0,87.0,22.0,106.0,40.5,6.7727272727272725,149.0
female,49,150.0,49.0,25.0,111.0,41.0,7.2,180.0
female,62,181.0,76.0,4.0,87.0,39.0,4.5,18.0
female,21,174.0,71.0,24.0,110.0,40.8,6.291666666666667,151.0
male,58,180.0,79.0,8.0,82.0,39.5,3.75,30.0
female,72,173.0,68.0,28.0,107.0,40.9,6.892857142857143,193.0
male,42,206.0,113.0,14.0,95.0,40.2,5.642857142857143,79.0
male,20,176.0,78.0,16.0,95.0,40.1,3.8125,61.0
male,39,197.0,106.0,8.0,95.0,39.3,5.375,43.0
male,25,188.0,90.0,25.0,107.0,40.8,6.12,153.0
male,41,164.0,68.0,13.0,92.0,39.9,4.153846153846154,54.0
female,24,164.0,56.0,8.0,81.0,39.5,3.375,27.0
male,26,184.0,83.0,1.0,86.0,37.8,3.0,3.0
male,28,178.0,76.0,11.0,94.0,40.2,4.0,44.0
male,55,156.0,62.0,9.0,86.0,39.6,3.7777777777777777,34.0
female,50,172.0,71.0,15.0,84.0,40.3,4.0,60.0
female,42,164.0,64.0,6.0,83.0,39.1,3.8333333333333335,23.0
female,25,178.0,71.0,5.0,94.0,39.2,4.6,23.0
female,22,157.0,55.0,20.0,97.0,40.5,5.15,103.0
male,30,190.0,94.0,28.0,111.0,41.0,7.035714285714286,197.0
male,48,182.0,85.0,1.0,80.0,37.7,3.0,3.0
male,76,183.0,82.0,19.0,101.0,40.5,7.473684210526316,142.0
male,32,169.0,77.0,27.0,99.0,41.2,4.962962962962963,134.0
female,37,174.0,72.0,4.0,83.0,39.2,3.75,15.0
female,43,139.0,45.0,12.0,90.0,40.0,4.916666666666667,59.0
female,71,163.0,66.0,17.0,96.0,40.0,5.705882352941177,97.0
female,76,169.0,70.0,16.0,99.0,40.0,6.0625,97.0
female,42,160.0,54.0,25.0,106.0,41.1,6.44,161.0
male,55,188.0,85.0,6.0,87.0,39.4,4.5,27.0
male,30,185.0,88.0,30.0,110.0,40.9,6.766666666666667,203.0
male,32,181.0,84.0,22.0,100.0,40.7,5.2727272727272725,116.0
male,66,178.0,85.0,26.0,112.0,40.7,8.73076923076923,227.0
female,58,162.0,60.0,21.0,106.0,40.8,6.666666666666667,140.0
female,33,159.0,60.0,25.0,104.0,40.8,6.0,150.0
male,47,182.0,88.0,19.0,99.0,40.4,5.947368421052632,113.0
male,69,189.0,93.0,30.0,104.0,40.9,7.833333333333333,235.0
female,63,162.0,58.0,27.0,106.0,40.9,6.777777777777778,183.0
female,30,172.0,68.0,28.0,107.0,40.8,6.142857142857143,172.0
male,64,170.0,76.0,1.0,79.0,37.9,3.0,3.0
male,45,184.0,85.0,16.0,91.0,39.9,4.5625,73.0
male,27,175.0,73.0,29.0,109.0,41.0,6.137931034482759,178.0
male,23,194.0,92.0,9.0,95.0,39.6,4.222222222222222,38.0
male,70,176.0,83.0,6.0,96.0,39.2,6.5,39.0
female,78,167.0,69.0,5.0,93.0,39.2,5.4,27.0
male,34,189.0,90.0,15.0,92.0,40.3,4.266666666666667,64.0
male,26,185.0,87.0,12.0,90.0,40.0,3.5,42.0
female,59,153.0,55.0,2.0,85.0,38.0,4.5,9.0
female,69,154.0,59.0,16.0,99.0,40.8,6.125,98.0
female,61,155.0,58.0,26.0,115.0,40.6,7.6923076923076925,200.0
female,43,152.0,54.0,19.0,95.0,40.5,5.315789473684211,101.0
female,65,149.0,50.0,25.0,105.0,40.4,6.8,170.0
female,25,175.0,72.0,10.0,83.0,39.3,3.4,34.0
female,59,171.0,71.0,26.0,99.0,40.8,5.769230769230769,150.0
male,53,170.0,81.0,5.0,87.0,39.4,4.2,21.0
male,31,178.0,80.0,13.0,94.0,39.8,4.230769230769231,55.0
male,74,185.0,93.0,9.0,89.0,39.7,5.777777777777778,52.0
male,24,177.0,81.0,9.0,85.0,39.8,2.5555555555555554,23.0
male,25,193.0,86.0,23.0,101.0,40.5,5.130434782608695,118.0
male,63,188.0,94.0,19.0,91.0,40.3,5.631578947368421,107.0
female,43,155.0,57.0,12.0,90.0,40.0,4.75,57.0
male,63,176.0,79.0,12.0,90.0,39.8,5.166666666666667,62.0
female,75,161.0,64.0,19.0,102.0,40.8,6.473684210526316,123.0
female,27,164.0,57.0,18.0,101.0,40.5,5.611111111111111,101.0
male,34,189.0,88.0,16.0,90.0,40.2,3.9375,63.0
male,76,190.0,89.0,22.0,97.0,40.4,7.045454545454546,155.0
male,31,201.0,97.0,22.0,102.0,40.4,5.818181818181818,128.0
male,32,171.0,71.0,9.0,83.0,39.6,2.4444444444444446,22.0
female,52,165.0,65.0,7.0,93.0,39.0,5.142857142857143,36.0
male,58,179.0,82.0,23.0,107.0,40.4,7.521739130434782,173.0
female,20,156.0,53.0,28.0,102.0,41.0,5.642857142857143,158.0
male,69,171.0,80.0,21.0,103.0,40.3,7.428571428571429,156.0
female,27,165.0,65.0,6.0,85.0,39.2,3.8333333333333335,23.0
male,22,189.0,91.0,12.0,96.0,40.0,4.333333333333333,52.0
female,57,166.0,67.0,2.0,83.0,38.5,4.0,8.0
female,75,161.0,69.0,19.0,93.0,40.3,5.421052631578948,103.0
female,25,185.0,74.0,8.0,90.0,39.2,4.125,33.0
female,37,151.0,51.0,30.0,115.0,40.9,7.366666666666666,221.0
female,24,169.0,66.0,7.0,85.0,39.6,3.7142857142857144,26.0
female,20,170.0,66.0,18.0,99.0,40.1,5.166666666666667,93.0
male,45,183.0,85.0,17.0,100.0,40.2,5.9411764705882355,101.0
female,35,180.0,78.0,12.0,98.0,40.2,5.166666666666667,62.0
male,21,169.0,69.0,25.0,102.0,40.5,4.72,118.0
female,41,156.0,61.0,14.0,98.0,39.9,5.5,77.0
male,50,183.0,89.0,28.0,106.0,40.6,7.142857142857143,200.0
male,22,177.0,74.0,21.0,97.0,40.5,4.095238095238095,86.0
female,44,181.0,75.0,22.0,95.0,40.4,5.045454545454546,111.0
female,67,162.0,62.0,26.0,93.0,40.7,5.384615384615385,140.0
female,30,163.0,58.0,19.0,92.0,40.3,4.684210526315789,89.0
female,74,164.0,62.0,26.0,104.0,41.0,6.6923076923076925,174.0
male,65,183.0,82.0,11.0,87.0,39.6,4.818181818181818,53.0
male,71,198.0,104.0,24.0,104.0,40.7,8.166666666666666,196.0
female,68,160.0,63.0,21.0,98.0,40.4,5.9523809523809526,125.0
female,67,167.0,70.0,14.0,93.0,39.9,5.285714285714286,74.0
male,28,206.0,109.0,6.0,92.0,39.5,4.333333333333333,26.0
male,63,194.0,103.0,25.0,94.0,40.8,6.28,157.0
female,62,171.0,71.0,9.0,90.0,39.6,4.888888888888889,44.0
female,48,159.0,59.0,5.0,87.0,39.3,4.4,22.0
male,55,199.0,94.0,22.0,98.0,40.5,6.2727272727272725,138.0
male,42,196.0,101.0,17.0,87.0,40.1,4.176470588235294,71.0
male,34,172.0,76.0,4.0,89.0,38.7,3.5,14.0
female,27,158.0,61.0,7.0,82.0,39.3,3.5714285714285716,25.0
female,21,174.0,65.0,20.0,110.0,40.7,6.35,127.0
male,36,173.0,79.0,22.0,109.0,40.5,6.7272727272727275,148.0
female,45,165.0,64.0,30.0,104.0,40.5,6.166666666666667,185.0
female,24,171.0,64.0,13.0,89.0,39.8,4.153846153846154,54.0
female,29,180.0,76.0,12.0,97.0,39.9,5.0,60.0
female,22,176.0,69.0,14.0,91.0,40.2,4.285714285714286,60.0
female,27,156.0,55.0,19.0,104.0,40.6,5.947368421052632,113.0
male,48,202.0,102.0,29.0,117.0,40.7,9.0,261.0
male,42,166.0,65.0,26.0,109.0,41.2,6.6923076923076925,174.0
male,44,183.0,85.0,17.0,109.0,40.3,7.235294117647059,123.0
male,51,199.0,96.0,14.0,88.0,40.5,4.642857142857143,65.0
male,27,203.0,104.0,6.0,86.0,39.2,3.3333333333333335,20.0
male,61,185.0,86.0,23.0,90.0,40.6,5.217391304347826,120.0
female,28,163.0,60.0,7.0,93.0,39.4,4.714285714285714,33.0
male,29,204.0,98.0,18.0,97.0,40.3,5.0,90.0
female,48,183.0,71.0,26.0,104.0,40.6,6.115384615384615,159.0
female,53,181.0,82.0,5.0,88.0,39.1,4.4,22.0
female,26,163.0,57.0,20.0,92.0,40.8,4.65,93.0
male,37,183.0,80.0,12.0,94.0,39.5,4.5,54.0
male,36,182.0,80.0,15.0,94.0,40.1,4.466666666666667,67.0
female,23,165.0,61.0,10.0,100.0,39.8,5.4,54.0
male,38,197.0,104.0,16.0,97.0,40.1,5.5625,89.0
male,70,187.0,89.0,28.0,112.0,40.8,9.0,252.0
female,65,169.0,71.0,17.0,96.0,40.3,5.588235294117647,95.0
female,71,164.0,68.0,24.0,100.0,40.8,6.125,147.0
male,20,181.0,87.0,30.0,110.0,40.9,6.266666666666667,188.0
female,44,169.0,69.0,18.0,97.0,40.7,5.333333333333333,96.0
male,41,173.0,79.0,29.0,105.0,40.8,6.344827586206897,184.0
male,45,184.0,85.0,10.0,90.0,39.8,4.4,44.0
male,39,190.0,93.0,28.0,106.0,40.7,6.714285714285714,188.0
male,34,192.0,92.0,21.0,105.0,40.4,6.285714285714286,132.0
male,21,189.0,83.0,26.0,99.0,40.8,4.576923076923077,119.0
male,28,180.0,79.0,28.0,103.0,40.7,5.428571428571429,152.0
female,33,151.0,44.0,16.0,89.0,40.0,4.625,74.0
female,25,167.0,61.0,24.0,107.0,40.2,6.166666666666667,148.0
female,21,163.0,60.0,1.0,90.0,37.7,4.0,4.0
female,55,167.0,65.0,15.0,96.0,40.1,5.466666666666667,82.0
female,20,158.0,54.0,10.0,99.0,39.8,5.3,53.0
male,34,186.0,79.0,10.0,84.0,40.2,2.8,28.0
male,55,178.0,78.0,18.0,90.0,40.1,4.722222222222222,85.0
female,61,154.0,55.0,14.0,95.0,40.2,5.571428571428571,78.0
female,35,148.0,53.0,5.0,84.0,39.2,4.0,20.0
female,47,155.0,55.0,16.0,93.0,40.5,5.125,82.0
female,31,161.0,58.0,29.0,110.0,40.8,6.620689655172414,192.0
female,66,186.0,89.0,7.0,88.0,39.6,4.428571428571429,31.0
male,35,163.0,66.0,29.0,112.0,40.9,6.827586206896552,198.0
female,78,150.0,54.0,8.0,87.0,39.6,5.0,40.0
male,45,172.0,75.0,28.0,109.0,40.9,7.071428571428571,198.0
female,27,147.0,52.0,4.0,79.0,39.2,3.25,13.0
male,25,174.0,79.0,12.0,97.0,40.3,4.333333333333333,52.0
male,41,179.0,81.0,3.0,84.0,38.6,3.3333333333333335,10.0
male,33,185.0,91.0,17.0,91.0,40.1,4.117647058823529,70.0
female,54,165.0,67.0,13.0,89.0,40.4,4.6923076923076925,61.0
male,71,181.0,91.0,6.0,94.0,39.1,6.333333333333333,38.0
male,27,179.0,78.0,27.0,111.0,40.7,6.555555555555555,177.0
female,40,167.0,63.0,19.0,97.0,40.5,5.315789473684211,101.0
male,61,192.0,92.0,24.0,100.0,40.9,6.833333333333333,164.0
male,29,176.0,73.0,3.0,80.0,38.8,2.0,6.0
female,21,167.0,67.0,23.0,111.0,40.7,6.434782608695652,148.0
male,44,201.0,102.0,10.0,88.0,39.8,4.4,44.0
female,23,160.0,66.0,13.0,95.0,40.1,4.769230769230769,62.0
male,51,187.0,91.0,24.0,98.0,40.9,6.041666666666667,145.0
female,58,168.0,71.0,10.0,90.0,40.0,4.8,48.0
female,28,176.0,69.0,13.0,99.0,40.0,5.230769230769231,68.0
female,33,155.0,55.0,4.0,80.0,38.7,3.5,14.0
male,24,194.0,87.0,12.0,89.0,40.2,3.25,39.0
female,53,165.0,63.0,12.0,93.0,40.0,5.166666666666667,62.0
male,33,164.0,68.0,12.0,93.0,39.8,3.9166666666666665,47.0
male,66,182.0,86.0,27.0,113.0,40.8,8.925925925925926,241.0
male,20,170.0,72.0,29.0,113.0,40.9,6.379310344827586,185.0
male,61,187.0,89.0,11.0,88.0,40.0,5.0,55.0
female,53,179.0,78.0,6.0,89.0,39.5,4.5,27.0
male,25,175.0,78.0,8.0,92.0,39.5,3.625,29.0
female,72,173.0,73.0,15.0,97.0,40.5,5.733333333333333,86.0
female,71,172.0,75.0,29.0,112.0,41.1,7.310344827586207,212.0
male,53,193.0,90.0,9.0,90.0,39.6,4.888888888888889,44.0
female,61,163.0,64.0,4.0,78.0,38.5,3.75,15.0
female,37,163.0,59.0,20.0,109.0,40.7,6.6,132.0
female,24,169.0,68.0,21.0,103.0,40.3,5.619047619047619,118.0
female,43,183.0,75.0,21.0,99.0,40.9,5.428571428571429,114.0
female,27,167.0,69.0,15.0,90.0,40.4,4.266666666666667,64.0
female,41,162.0,63.0,28.0,105.0,41.1,6.214285714285714,174.0
female,35,163.0,62.0,12.0,91.0,40.2,4.583333333333333,55.0
female,39,170.0,75.0,26.0,106.0,40.7,6.115384615384615,159.0
female,24,161.0,57.0,12.0,96.0,40.1,5.0,60.0
male,56,199.0,101.0,5.0,84.0,39.0,4.4,22.0
female,54,165.0,66.0,12.0,86.0,40.1,4.333333333333333,52.0
male,38,192.0,86.0,14.0,95.0,40.4,4.857142857142857,68.0
female,55,160.0,62.0,18.0,107.0,40.3,6.666666666666667,120.0
male,27,184.0,93.0,10.0,88.0,39.6,3.4,34.0
male,52,187.0,87.0,9.0,91.0,39.7,4.888888888888889,44.0
female,56,169.0,61.0,20.0,103.0,40.2,6.3,126.0
male,26,182.0,79.0,4.0,83.0,38.8,2.25,9.0
male,61,174.0,81.0,25.0,94.0,40.7,5.68,142.0
male,50,181.0,83.0,19.0,98.0,40.4,5.7894736842105265,110.0
female,64,182.0,83.0,25.0,105.0,40.9,6.32,158.0
male,59,193.0,91.0,2.0,80.0,38.3,3.5,7.0
male,26,194.0,99.0,8.0,85.0,39.6,3.0,24.0
male,60,192.0,88.0,27.0,109.0,40.6,8.074074074074074,218.0
male,51,185.0,90.0,15.0,99.0,40.4,6.133333333333334,92.0
female,37,171.0,75.0,7.0,88.0,39.3,4.142857142857143,29.0
female,62,161.0,59.0,17.0,88.0,40.3,4.823529411764706,82.0
male,25,179.0,84.0,18.0,94.0,40.6,4.0,72.0
male,27,194.0,90.0,2.0,81.0,37.8,2.5,5.0
female,56,158.0,61.0,2.0,81.0,38.3,4.0,8.0
male,48,199.0,101.0,11.0,95.0,40.0,5.636363636363637,62.0
male,66,176.0,83.0,27.0,102.0,40.7,7.185185185185185,194.0
female,73,164.0,67.0,17.0,97.0,40.2,5.882352941176471,100.0
female,78,159.0,64.0,28.0,111.0,40.7,7.5,210.0
female,41,182.0,83.0,15.0,91.0,39.8,4.466666666666667,67.0
female,47,171.0,67.0,10.0,96.0,40.1,5.3,53.0
female,54,170.0,72.0,15.0,89.0,40.2,4.6,69.0
female,56,167.0,60.0,12.0,86.0,40.2,4.5,54.0
female,33,155.0,54.0,20.0,100.0,40.5,5.65,113.0
male,44,183.0,88.0,8.0,88.0,39.5,4.125,33.0
male,79,180.0,89.0,11.0,79.0,39.6,4.454545454545454,49.0
male,60,183.0,84.0,18.0,97.0,40.5,6.166666666666667,111.0
male,20,184.0,78.0,18.0,87.0,40.1,2.611111111111111,47.0
male,35,196.0,95.0,11.0,93.0,39.4,4.636363636363637,51.0
female,33,161.0,57.0,18.0,99.0,40.5,5.5,99.0
male,46,181.0,87.0,20.0,103.0,40.8,6.45,129.0
female,49,173.0,66.0,4.0,81.0,38.9,3.75,15.0
female,30,169.0,68.0,2.0,83.0,38.4,3.5,7.0
female,71,164.0,60.0,18.0,97.0,40.5,5.944444444444445,107.0
female,58,156.0,56.0,27.0,117.0,40.7,7.888888888888889,213.0
female,47,183.0,79.0,1.0,84.0,37.8,4.0,4.0
female,25,169.0,63.0,5.0,86.0,39.3,3.8,19.0
male,28,199.0,96.0,29.0,107.0,41.1,6.379310344827586,185.0
female,45,167.0,63.0,16.0,97.0,40.2,5.4375,87.0
female,75,154.0,58.0,29.0,99.0,41.2,6.241379310344827,181.0
male,74,192.0,92.0,20.0,101.0,40.8,7.6,152.0
male,32,178.0,78.0,16.0,96.0,40.2,4.5625,73.0
male,66,184.0,85.0,26.0,111.0,40.7,8.576923076923077,223.0
male,40,196.0,93.0,22.0,98.0,40.6,5.545454545454546,122.0
male,44,183.0,87.0,27.0,104.0,40.7,6.518518518518518,176.0
female,65,186.0,79.0,7.0,77.0,39.2,3.4285714285714284,24.0
male,28,186.0,88.0,13.0,100.0,40.1,5.153846153846154,67.0
male,36,183.0,80.0,16.0,95.0,40.5,4.625,74.0
female,35,134.0,39.0,6.0,90.0,39.1,4.833333333333333,29.0
female,78,151.0,57.0,29.0,106.0,41.2,7.0344827586206895,204.0
male,36,164.0,66.0,18.0,92.0,40.4,3.888888888888889,70.0
male,27,192.0,94.0,24.0,104.0,40.9,5.833333333333333,140.0
male,42,183.0,90.0,12.0,95.0,39.7,5.083333333333333,61.0
female,20,170.0,59.0,6.0,83.0,39.3,3.5,21.0
male,78,182.0,87.0,1.0,79.0,37.5,4.0,4.0
female,33,167.0,65.0,18.0,98.0,40.6,5.277777777777778,95.0
female,31,162.0,57.0,8.0,86.0,39.6,4.125,33.0
female,79,160.0,64.0,26.0,109.0,40.5,7.3076923076923075,190.0
male,34,192.0,99.0,27.0,113.0,40.7,7.62962962962963,206.0
female,44,191.0,89.0,28.0,99.0,40.7,5.25,147.0
male,22,179.0,81.0,15.0,94.0,40.1,3.8,57.0
male,56,169.0,79.0,26.0,102.0,40.4,6.615384615384615,172.0
male,36,188.0,88.0,14.0,91.0,40.1,4.214285714285714,59.0
female,36,149.0,53.0,16.0,94.0,40.4,5.0625,81.0
male,28,181.0,79.0,13.0,91.0,40.3,3.6153846153846154,47.0
female,26,165.0,63.0,12.0,82.0,39.6,3.5,42.0
female,23,158.0,58.0,26.0,109.0,40.5,6.384615384615385,166.0
female,23,156.0,53.0,20.0,98.0,40.6,5.3,106.0
male,33,181.0,81.0,28.0,106.0,41.1,6.142857142857143,172.0
male,40,186.0,93.0,9.0,85.0,39.6,3.5555555555555554,32.0
male,65,176.0,82.0,15.0,97.0,40.1,6.333333333333333,95.0
female,28,177.0,70.0,14.0,93.0,40.0,4.571428571428571,64.0
male,78,194.0,95.0,10.0,87.0,39.7,5.8,58.0
female,43,157.0,56.0,6.0,83.0,39.2,4.0,24.0
male,45,190.0,99.0,18.0,105.0,40.6,6.944444444444445,125.0
male,24,187.0,86.0,17.0,98.0,40.7,4.647058823529412,79.0
male,71,210.0,115.0,14.0,99.0,40.2,7.642857142857143,107.0
female,59,182.0,84.0,16.0,94.0,40.0,5.0625,81.0
female,54,172.0,78.0,12.0,87.0,39.9,4.333333333333333,52.0
male,48,174.0,79.0,22.0,103.0,40.7,6.363636363636363,140.0
female,20,156.0,51.0,2.0,85.0,37.9,4.0,8.0
female,26,157.0,60.0,1.0,82.0,37.7,4.0,4.0
female,23,155.0,55.0,5.0,90.0,39.2,4.4,22.0
female,25,184.0,82.0,20.0,93.0,40.8,4.4,88.0
male,38,174.0,80.0,5.0,86.0,39.0,3.4,17.0
female,65,161.0,64.0,17.0,90.0,40.6,5.0,85.0
female,21,186.0,76.0,22.0,102.0,40.3,5.363636363636363,118.0
male,59,173.0,78.0,10.0,95.0,39.8,5.7,57.0
female,35,160.0,63.0,9.0,90.0,39.6,4.444444444444445,40.0
male,55,187.0,88.0,4.0,82.0,39.1,3.75,15.0
female,25,165.0,63.0,26.0,113.0,40.8,6.769230769230769,176.0
female,22,164.0,62.0,27.0,112.0,40.9,6.62962962962963,179.0
female,40,183.0,78.0,20.0,92.0,40.6,4.6,92.0
female,73,178.0,78.0,29.0,115.0,40.9,7.620689655172414,221.0
male,21,182.0,82.0,3.0,92.0,38.6,3.3333333333333335,10.0
female,26,168.0,70.0,28.0,101.0,41.3,5.428571428571429,152.0
male,44,186.0,96.0,15.0,88.0,40.2,4.266666666666667,64.0
male,76,170.0,78.0,15.0,95.0,40.0,6.533333333333333,98.0
female,36,168.0,69.0,13.0,101.0,39.9,5.615384615384615,73.0
female,49,161.0,57.0,10.0,89.0,40.2,4.7,47.0
male,33,174.0,74.0,24.0,111.0,40.9,6.75,162.0
female,75,162.0,65.0,7.0,89.0,39.6,5.0,35.0
female,54,163.0,58.0,16.0,98.0,40.5,5.75,92.0
female,20,164.0,64.0,15.0,101.0,40.1,5.4,81.0
male,21,188.0,94.0,14.0,93.0,40.3,3.9285714285714284,55.0
female,32,146.0,43.0,3.0,88.0,38.5,4.666666666666667,14.0
male,27,188.0,84.0,25.0,100.0,40.8,5.04,126.0
female,27,173.0,71.0,21.0,89.0,40.8,4.142857142857143,87.0
male,33,172.0,74.0,14.0,99.0,40.1,4.928571428571429,69.0
male,33,165.0,67.0,27.0,106.0,40.5,5.851851851851852,158.0
male,24,174.0,74.0,4.0,86.0,39.0,2.5,10.0
male,25,186.0,87.0,8.0,95.0,39.3,4.25,34.0
female,23,160.0,62.0,9.0,97.0,39.3,5.0,45.0
female,78,168.0,72.0,13.0,88.0,39.9,4.923076923076923,64.0
male,22,177.0,80.0,12.0,97.0,40.1,4.25,51.0
female,29,164.0,63.0,19.0,100.0,40.5,5.473684210526316,104.0
female,42,173.0,68.0,5.0,79.0,38.7,3.4,17.0
female,69,156.0,61.0,8.0,83.0,39.4,4.375,35.0
male,37,172.0,74.0,9.0,94.0,39.3,4.333333333333333,39.0
female,42,165.0,64.0,9.0,89.0,39.5,4.555555555555555,41.0
male,68,190.0,89.0,26.0,102.0,41.1,7.423076923076923,193.0
male,65,166.0,71.0,7.0,89.0,39.6,4.857142857142857,34.0
male,59,178.0,83.0,5.0,90.0,39.2,5.0,25.0
male,24,183.0,80.0,27.0,116.0,40.6,7.222222222222222,195.0
male,59,192.0,98.0,14.0,92.0,40.2,5.642857142857143,79.0
female,40,153.0,52.0,29.0,102.0,40.9,6.0344827586206895,175.0
female,40,154.0,58.0,25.0,103.0,41.0,6.04,151.0
male,49,180.0,84.0,26.0,108.0,40.8,7.3076923076923075,190.0
female,73,162.0,61.0,27.0,99.0,40.7,6.148148148148148,166.0
male,78,168.0,71.0,27.0,109.0,40.6,8.555555555555555,231.0
male,61,194.0,91.0,19.0,108.0,40.1,8.0,152.0
male,35,176.0,73.0,25.0,99.0,40.8,5.04,126.0
female,30,164.0,61.0,12.0,94.0,39.9,4.833333333333333,58.0
female,44,166.0,64.0,25.0,101.0,40.8,5.8,145.0
male,42,209.0,111.0,7.0,83.0,39.5,3.7142857142857144,26.0
male,52,183.0,87.0,11.0,90.0,39.7,4.818181818181818,53.0
male,69,171.0,76.0,4.0,94.0,38.8,6.0,24.0
female,25,149.0,54.0,11.0,95.0,39.7,5.0,55.0
female,29,165.0,64.0,11.0,93.0,40.0,4.7272727272727275,52.0
female,60,151.0,54.0,7.0,84.0,39.7,4.428571428571429,31.0
male,33,190.0,87.0,2.0,78.0,38.1,2.0,4.0
female,37,163.0,57.0,18.0,97.0,40.3,5.388888888888889,97.0
male,26,181.0,81.0,5.0,85.0,38.7,2.6,13.0
female,29,181.0,71.0,5.0,81.0,39.0,3.4,17.0
female,23,163.0,59.0,23.0,104.0,40.7,5.826086956521739,134.0
female,20,147.0,48.0,21.0,100.0,40.5,5.523809523809524,116.0
male,51,177.0,76.0,1.0,76.0,37.8,2.0,2.0
male,45,181.0,86.0,10.0,92.0,39.9,4.7,47.0
female,25,181.0,70.0,21.0,108.0,40.2,6.142857142857143,129.0
female,40,164.0,62.0,17.0,98.0,40.2,5.470588235294118,93.0
female,54,169.0,65.0,11.0,88.0,39.8,4.636363636363637,51.0
female,24,169.0,65.0,8.0,95.0,39.5,4.75,38.0
male,50,196.0,97.0,20.0,92.0,40.4,5.2,104.0
female,26,160.0,58.0,22.0,95.0,40.4,4.954545454545454,109.0
female,45,160.0,60.0,16.0,99.0,40.4,5.6875,91.0
male,42,188.0,95.0,10.0,94.0,39.8,5.1,51.0
male,39,209.0,111.0,22.0,102.0,40.5,6.5,143.0
female,60,151.0,46.0,28.0,103.0,41.2,6.571428571428571,184.0
male,43,167.0,71.0,16.0,100.0,40.3,5.5,88.0
male,55,187.0,89.0,18.0,94.0,40.1,5.555555555555555,100.0
male,31,189.0,93.0,5.0,82.0,39.1,2.6,13.0
female,24,175.0,72.0,4.0,87.0,38.7,3.75,15.0
female,61,162.0,67.0,10.0,88.0,39.8,4.7,47.0
female,25,162.0,62.0,15.0,92.0,40.1,4.533333333333333,68.0
female,33,145.0,49.0,13.0,95.0,40.3,5.153846153846154,67.0
female,58,162.0,61.0,21.0,107.0,40.2,6.761904761904762,142.0
female,43,148.0,52.0,29.0,108.0,40.5,6.724137931034483,195.0
female,33,161.0,65.0,5.0,82.0,39.0,3.6,18.0
male,62,200.0,105.0,5.0,91.0,38.8,5.8,29.0
male,36,194.0,100.0,6.0,79.0,39.3,2.6666666666666665,16.0
male,56,174.0,82.0,21.0,101.0,40.7,6.523809523809524,137.0
female,71,172.0,69.0,21.0,108.0,40.3,6.9523809523809526,146.0
female,34,148.0,53.0,16.0,94.0,40.4,5.0625,81.0
male,25,197.0,103.0,15.0,94.0,40.1,4.466666666666667,67.0
female,60,159.0,55.0,30.0,117.0,40.9,7.933333333333334,238.0
male,22,196.0,98.0,10.0,91.0,40.3,3.7,37.0
male,61,196.0,97.0,16.0,97.0,40.5,6.5,104.0
female,30,141.0,45.0,27.0,112.0,41.1,7.0,189.0
male,21,178.0,77.0,13.0,97.0,40.0,4.153846153846154,54.0
female,76,158.0,57.0,24.0,106.0,40.3,7.0,168.0
female,48,170.0,64.0,17.0,99.0,40.3,5.647058823529412,96.0
female,25,168.0,64.0,12.0,88.0,40.0,4.083333333333333,49.0
female,51,157.0,56.0,25.0,101.0,40.8,6.04,151.0
female,41,173.0,65.0,13.0,100.0,40.2,5.615384615384615,73.0
male,64,198.0,103.0,28.0,108.0,40.9,8.428571428571429,236.0
female,22,152.0,53.0,11.0,93.0,39.9,4.7272727272727275,52.0
female,21,169.0,63.0,11.0,91.0,40.0,4.363636363636363,48.0
female,61,146.0,52.0,20.0,97.0,40.3,5.85,117.0
male,47,193.0,99.0,20.0,99.0,40.6,6.15,123.0
male,32,179.0,82.0,6.0,86.0,39.7,3.1666666666666665,19.0
female,56,157.0,60.0,16.0,95.0,40.3,5.4375,87.0
male,36,184.0,84.0,23.0,105.0,40.8,6.217391304347826,143.0
female,58,159.0,58.0,20.0,101.0,40.7,6.15,123.0
female,65,168.0,66.0,24.0,111.0,40.6,7.25,174.0
female,47,165.0,59.0,10.0,89.0,39.8,4.7,47.0
male,27,191.0,90.0,18.0,107.0,40.6,6.222222222222222,112.0
male,22,162.0,64.0,28.0,111.0,40.5,6.0,168.0
male,70,176.0,77.0,25.0,118.0,40.8,9.68,242.0
female,24,160.0,60.0,17.0,102.0,40.6,5.647058823529412,96.0
male,41,194.0,96.0,22.0,105.0,40.6,6.7272727272727275,148.0
female,31,152.0,56.0,11.0,99.0,39.8,5.454545454545454,60.0
female,62,164.0,63.0,20.0,93.0,40.4,5.3,106.0
male,47,202.0,100.0,14.0,105.0,39.8,7.071428571428571,99.0
female,46,161.0,59.0,14.0,101.0,40.2,5.928571428571429,83.0
female,72,177.0,75.0,15.0,89.0,40.0,4.866666666666666,73.0
female,79,170.0,69.0,2.0,82.0,38.7,4.5,9.0
female,39,173.0,69.0,24.0,102.0,41.0,5.75,138.0
female,45,164.0,58.0,16.0,103.0,40.3,6.125,98.0
female,77,171.0,71.0,21.0,97.0,40.3,5.857142857142857,123.0
male,20,205.0,100.0,7.0,95.0,39.8,4.285714285714286,30.0
female,63,158.0,58.0,28.0,107.0,40.7,6.892857142857143,193.0
female,31,162.0,58.0,21.0,100.0,40.5,5.571428571428571,117.0
female,33,163.0,63.0,12.0,93.0,39.9,4.75,57.0
female,53,167.0,63.0,2.0,74.0,38.1,3.0,6.0
male,77,176.0,85.0,24.0,101.0,40.7,7.625,183.0
female,65,166.0,64.0,27.0,114.0,40.7,7.592592592592593,205.0
female,63,168.0,67.0,2.0,86.0,37.8,4.5,9.0
female,21,160.0,56.0,28.0,100.0,40.8,5.428571428571429,152.0
female,70,166.0,65.0,27.0,109.0,40.4,7.111111111111111,192.0
male,33,172.0,70.0,6.0,85.0,39.5,2.8333333333333335,17.0
female,25,172.0,71.0,15.0,103.0,40.1,5.6,84.0
female,31,165.0,61.0,30.0,105.0,40.7,6.066666666666666,182.0
female,55,176.0,70.0,11.0,90.0,40.2,4.7272727272727275,52.0
male,43,186.0,93.0,20.0,107.0,40.3,7.05,141.0
female,57,154.0,59.0,1.0,90.0,37.9,5.0,5.0
male,60,171.0,76.0,10.0,84.0,39.6,4.0,40.0
female,78,187.0,84.0,4.0,84.0,39.0,4.25,17.0
female,55,161.0,62.0,21.0,104.0,40.5,6.380952380952381,134.0
female,24,161.0,55.0,6.0,84.0,39.2,3.8333333333333335,23.0
female,51,167.0,63.0,26.0,112.0,41.0,7.115384615384615,185.0
female,22,166.0,59.0,7.0,82.0,39.7,3.4285714285714284,24.0
male,67,188.0,99.0,7.0,82.0,39.3,4.571428571428571,32.0
female,68,164.0,63.0,12.0,94.0,39.9,5.5,66.0
male,31,191.0,90.0,25.0,106.0,40.9,6.24,156.0
male,26,186.0,85.0,13.0,83.0,40.0,2.4615384615384617,32.0
male,40,178.0,80.0,17.0,96.0,40.4,4.9411764705882355,84.0
female,35,167.0,67.0,4.0,86.0,39.4,4.0,16.0
male,30,194.0,97.0,16.0,97.0,40.2,5.0,80.0
male,22,185.0,88.0,12.0,94.0,40.2,4.0,48.0
female,69,191.0,88.0,6.0,82.0,38.8,3.8333333333333335,23.0
male,50,183.0,89.0,23.0,96.0,40.4,5.6521739130434785,130.0
female,29,160.0,60.0,18.0,102.0,40.4,5.722222222222222,103.0
male,35,188.0,86.0,25.0,101.0,40.7,5.6,140.0
female,33,154.0,54.0,1.0,78.0,37.7,3.0,3.0
male,20,203.0,103.0,11.0,93.0,39.8,4.0,44.0
female,24,166.0,65.0,4.0,76.0,38.8,2.75,11.0
female,25,173.0,69.0,8.0,88.0,39.4,4.0,32.0
male,57,188.0,90.0,5.0,81.0,38.9,3.8,19.0
male,38,182.0,88.0,9.0,94.0,39.7,4.777777777777778,43.0
male,20,185.0,91.0,17.0,96.0,40.3,4.235294117647059,72.0
female,38,185.0,77.0,5.0,85.0,38.7,3.8,19.0
female,25,167.0,62.0,28.0,108.0,41.0,6.25,175.0
male,35,202.0,97.0,16.0,105.0,40.1,6.4375,103.0
female,77,161.0,65.0,11.0,89.0,39.9,5.090909090909091,56.0
female,40,171.0,70.0,24.0,107.0,40.7,6.291666666666667,151.0
female,62,191.0,91.0,25.0,100.0,40.6,5.68,142.0
female,77,178.0,77.0,29.0,108.0,41.3,6.9655172413793105,202.0
male,25,197.0,99.0,13.0,91.0,40.1,3.923076923076923,51.0
female,67,169.0,66.0,28.0,108.0,40.5,6.964285714285714,195.0
male,50,171.0,77.0,29.0,111.0,40.8,7.655172413793103,222.0
male,70,202.0,102.0,19.0,106.0,40.6,8.368421052631579,159.0
male,75,170.0,72.0,23.0,98.0,40.9,6.782608695652174,156.0
female,37,164.0,66.0,27.0,104.0,41.2,6.0,162.0
female,74,164.0,66.0,24.0,107.0,40.6,6.958333333333333,167.0
female,42,164.0,58.0,14.0,98.0,40.3,5.571428571428571,78.0
female,64,167.0,64.0,17.0,101.0,40.1,6.176470588235294,105.0
male,47,199.0,98.0,9.0,79.0,39.3,3.111111111111111,28.0
female,45,156.0,57.0,27.0,104.0,40.6,6.2592592592592595,169.0
male,28,184.0,84.0,16.0,98.0,40.1,4.75,76.0
male,32,181.0,82.0,15.0,93.0,40.3,4.2,63.0
male,23,191.0,88.0,10.0,91.0,39.7,3.6,36.0
female,72,163.0,63.0,4.0,83.0,39.1,4.5,18.0
female,21,175.0,67.0,17.0,93.0,40.4,4.529411764705882,77.0
male,77,176.0,78.0,29.0,112.0,40.8,9.10344827586207,264.0
male,24,190.0,93.0,28.0,109.0,40.8,6.428571428571429,180.0
female,23,151.0,53.0,26.0,102.0,40.7,5.6923076923076925,148.0
female,32,158.0,55.0,24.0,110.0,40.8,6.708333333333333,161.0
male,20,184.0,77.0,8.0,96.0,39.8,3.875,31.0
female,71,136.0,47.0,20.0,94.0,40.3,5.8,116.0
female,50,152.0,52.0,26.0,105.0,40.9,6.5,169.0
male,28,196.0,90.0,17.0,100.0,40.3,5.176470588235294,88.0
male,46,179.0,79.0,17.0,106.0,40.4,6.764705882352941,115.0
male,26,187.0,88.0,18.0,94.0,40.6,4.166666666666667,75.0
female,28,158.0,58.0,27.0,105.0,40.7,6.037037037037037,163.0
male,59,177.0,83.0,19.0,104.0,41.0,7.157894736842105,136.0
female,54,154.0,58.0,7.0,82.0,39.4,4.0,28.0
male,56,186.0,96.0,6.0,86.0,39.6,4.5,27.0
female,35,159.0,63.0,19.0,92.0,40.4,4.7368421052631575,90.0
female,42,155.0,57.0,22.0,110.0,40.6,6.863636363636363,151.0
male,48,195.0,95.0,15.0,93.0,40.2,5.2,78.0
male,29,178.0,81.0,23.0,101.0,40.8,5.217391304347826,120.0
female,33,165.0,66.0,29.0,111.0,41.1,6.655172413793103,193.0
male,57,190.0,89.0,19.0,97.0,40.6,6.105263157894737,116.0
male,46,180.0,83.0,6.0,86.0,39.6,3.8333333333333335,23.0
male,28,180.0,78.0,5.0,80.0,38.9,2.0,10.0
male,45,197.0,107.0,4.0,80.0,39.2,3.25,13.0
female,33,162.0,57.0,4.0,76.0,39.2,3.0,12.0
male,29,177.0,79.0,2.0,82.0,37.7,2.5,5.0
male,68,184.0,87.0,11.0,92.0,40.1,5.818181818181818,64.0
male,40,197.0,102.0,19.0,99.0,40.7,5.894736842105263,112.0
female,26,159.0,55.0,15.0,96.0,40.1,5.066666666666666,76.0
female,38,152.0,55.0,28.0,107.0,40.9,6.464285714285714,181.0
female,27,158.0,57.0,27.0,110.0,40.6,6.592592592592593,178.0
male,26,177.0,78.0,23.0,104.0,40.3,5.434782608695652,125.0
male,35,192.0,94.0,4.0,84.0,38.8,3.25,13.0
female,21,147.0,49.0,11.0,86.0,40.0,4.0,44.0
male,51,175.0,79.0,22.0,107.0,40.7,7.136363636363637,157.0
female,30,159.0,56.0,15.0,105.0,40.5,6.133333333333334,92.0
male,65,185.0,87.0,10.0,99.0,39.7,6.8,68.0
male,78,188.0,96.0,11.0,82.0,40.0,5.0,55.0
female,21,179.0,73.0,9.0,90.0,39.6,4.111111111111111,37.0
female,20,170.0,69.0,25.0,106.0,40.6,5.88,147.0
female,67,159.0,59.0,25.0,103.0,41.0,6.52,163.0
male,53,175.0,75.0,7.0,95.0,39.9,5.285714285714286,37.0
male,20,183.0,87.0,23.0,106.0,40.6,5.6521739130434785,130.0
female,73,183.0,84.0,2.0,82.0,38.3,4.0,8.0
female,28,157.0,61.0,17.0,90.0,40.5,4.411764705882353,75.0
male,31,183.0,90.0,8.0,89.0,39.5,3.75,30.0
male,33,194.0,100.0,6.0,92.0,39.4,4.5,27.0
male,68,184.0,90.0,26.0,113.0,40.9,9.076923076923077,236.0
male,45,175.0,78.0,26.0,99.0,40.8,5.615384615384615,146.0
female,50,160.0,58.0,17.0,92.0,40.1,5.0588235294117645,86.0
female,59,148.0,51.0,10.0,93.0,39.7,5.4,54.0
female,21,180.0,75.0,20.0,100.0,40.6,5.15,103.0
female,41,162.0,63.0,6.0,76.0,39.3,3.1666666666666665,19.0
female,73,163.0,68.0,1.0,80.0,38.0,4.0,4.0
male,22,181.0,86.0,26.0,104.0,40.6,5.423076923076923,141.0
female,67,165.0,67.0,4.0,89.0,38.9,5.0,20.0
male,24,191.0,83.0,8.0,81.0,39.7,2.0,16.0
male,28,197.0,98.0,13.0,94.0,40.6,4.461538461538462,58.0
female,32,161.0,61.0,3.0,78.0,38.6,3.3333333333333335,10.0
male,65,198.0,96.0,5.0,85.0,39.1,4.8,24.0
male,72,192.0,102.0,12.0,98.0,40.0,7.25,87.0
female,35,156.0,57.0,3.0,84.0,38.3,4.0,12.0
female,41,162.0,60.0,11.0,82.0,39.8,3.8181818181818183,42.0
male,26,179.0,84.0,1.0,84.0,37.7,3.0,3.0
female,58,162.0,60.0,17.0,98.0,39.9,5.823529411764706,99.0
female,55,165.0,71.0,3.0,86.0,38.6,4.333333333333333,13.0
male,50,178.0,83.0,11.0,86.0,40.0,4.0,44.0
female,28,174.0,68.0,10.0,94.0,39.3,4.7,47.0
female,62,160.0,64.0,7.0,80.0,39.4,3.857142857142857,27.0
male,25,179.0,78.0,17.0,101.0,40.3,4.9411764705882355,84.0
male,40,192.0,98.0,24.0,99.0,40.4,5.791666666666667,139.0
male,29,186.0,87.0,20.0,98.0,40.7,4.9,98.0
female,66,155.0,62.0,19.0,99.0,40.5,6.0,114.0
male,59,182.0,81.0,15.0,86.0,40.0,4.4,66.0
female,41,166.0,66.0,22.0,93.0,40.9,4.863636363636363,107.0
male,68,196.0,98.0,22.0,101.0,40.1,7.454545454545454,164.0
male,78,177.0,86.0,23.0,100.0,40.8,7.521739130434782,173.0
female,67,153.0,54.0,13.0,90.0,39.9,5.153846153846154,67.0
male,68,198.0,98.0,28.0,106.0,40.8,8.214285714285714,230.0
female,54,180.0,78.0,10.0,94.0,39.8,5.1,51.0
male,51,192.0,94.0,14.0,102.0,40.3,6.714285714285714,94.0
male,69,188.0,95.0,11.0,92.0,39.9,6.090909090909091,67.0
male,62,178.0,78.0,17.0,101.0,40.1,6.705882352941177,114.0
male,49,180.0,77.0,5.0,81.0,39.1,3.0,15.0
female,50,167.0,70.0,13.0,92.0,40.1,4.846153846153846,63.0
male,38,193.0,90.0,10.0,98.0,40.0,5.4,54.0
female,57,164.0,58.0,6.0,81.0,38.9,4.0,24.0
male,41,179.0,84.0,19.0,103.0,40.6,6.157894736842105,117.0
female,27,157.0,59.0,2.0,87.0,37.8,4.0,8.0
female,28,178.0,73.0,5.0,84.0,39.1,3.6,18.0
male,46,188.0,91.0,19.0,104.0,40.3,6.684210526315789,127.0
female,45,174.0,77.0,15.0,97.0,40.4,5.2,78.0
male,20,201.0,100.0,20.0,97.0,40.5,4.6,92.0
male,23,166.0,69.0,29.0,108.0,40.5,5.724137931034483,166.0
female,70,172.0,77.0,16.0,87.0,40.0,4.625,74.0
male,40,179.0,77.0,17.0,100.0,40.5,5.529411764705882,94.0
female,23,170.0,67.0,3.0,80.0,38.6,3.0,9.0
female,26,160.0,54.0,26.0,113.0,40.9,6.923076923076923,180.0
male,21,184.0,87.0,10.0,96.0,39.9,4.2,42.0
female,20,153.0,54.0,10.0,90.0,39.6,4.4,44.0
male,23,180.0,74.0,25.0,98.0,40.8,4.32,108.0
female,48,171.0,69.0,23.0,110.0,40.4,6.782608695652174,156.0
female,23,166.0,58.0,12.0,98.0,40.3,5.25,63.0
male,40,188.0,87.0,17.0,102.0,40.4,6.0,102.0
male,49,208.0,102.0,26.0,106.0,40.7,7.384615384615385,192.0
female,76,155.0,61.0,14.0,85.0,40.3,4.714285714285714,66.0
male,37,192.0,99.0,23.0,107.0,40.8,6.869565217391305,158.0
male,34,190.0,91.0,21.0,98.0,40.4,5.190476190476191,109.0
female,49,156.0,57.0,25.0,112.0,40.9,7.16,179.0
female,57,161.0,61.0,15.0,95.0,40.3,5.466666666666667,82.0
female,28,181.0,71.0,11.0,99.0,40.2,5.181818181818182,57.0
female,69,162.0,63.0,23.0,104.0,40.8,6.608695652173913,152.0
female,32,150.0,55.0,7.0,80.0,39.4,3.4285714285714284,24.0
female,56,153.0,52.0,16.0,97.0,40.4,5.75,92.0
female,56,156.0,57.0,9.0,93.0,39.9,5.222222222222222,47.0
female,20,172.0,60.0,27.0,101.0,40.7,5.444444444444445,147.0
male,50,208.0,112.0,18.0,90.0,40.0,5.222222222222222,94.0
female,52,157.0,56.0,26.0,110.0,40.8,7.038461538461538,183.0
female,31,151.0,52.0,5.0,79.0,39.1,3.4,17.0
female,65,173.0,67.0,25.0,108.0,40.4,6.88,172.0
male,47,197.0,94.0,6.0,89.0,39.1,4.5,27.0
male,22,194.0,92.0,17.0,97.0,40.3,4.529411764705882,77.0
male,47,183.0,81.0,5.0,77.0,39.3,2.4,12.0
female,58,179.0,79.0,11.0,88.0,39.8,4.454545454545454,49.0
female,53,170.0,71.0,10.0,101.0,39.5,5.9,59.0
male,47,192.0,94.0,24.0,105.0,40.4,6.958333333333333,167.0
female,55,184.0,73.0,16.0,97.0,40.1,5.4375,87.0
female,22,179.0,67.0,8.0,77.0,39.5,2.875,23.0
male,49,185.0,90.0,29.0,92.0,40.8,5.0,145.0
male,71,193.0,90.0,20.0,100.0,40.6,7.3,146.0
female,23,173.0,69.0,24.0,105.0,40.8,5.791666666666667,139.0
female,79,154.0,55.0,24.0,107.0,40.5,7.208333333333333,173.0
male,28,177.0,87.0,11.0,91.0,39.8,3.8181818181818183,42.0
male,46,179.0,76.0,28.0,102.0,41.0,6.071428571428571,170.0
female,33,159.0,55.0,27.0,105.0,40.7,6.185185185185185,167.0
male,26,190.0,88.0,14.0,95.0,39.7,4.285714285714286,60.0
male,27,178.0,75.0,16.0,100.0,40.5,4.8125,77.0
female,22,156.0,54.0,3.0,92.0,38.6,4.666666666666667,14.0
female,33,160.0,62.0,3.0,83.0,38.6,3.6666666666666665,11.0
female,28,163.0,62.0,19.0,93.0,40.4,4.684210526315789,89.0
male,40,206.0,101.0,29.0,109.0,41.0,7.379310344827586,214.0
male,48,170.0,75.0,3.0,90.0,38.7,4.333333333333333,13.0
female,24,167.0,63.0,26.0,107.0,40.8,6.115384615384615,159.0
female,34,153.0,52.0,2.0,79.0,38.3,3.5,7.0
male,32,205.0,107.0,3.0,89.0,38.3,4.0,12.0
female,50,167.0,62.0,22.0,100.0,40.8,5.863636363636363,129.0
female,55,169.0,66.0,28.0,104.0,40.9,6.321428571428571,177.0
female,21,177.0,70.0,27.0,105.0,40.8,5.7407407407407405,155.0
male,65,185.0,92.0,24.0,102.0,40.7,7.333333333333333,176.0
male,70,169.0,73.0,16.0,99.0,40.3,6.6875,107.0
male,58,162.0,71.0,10.0,88.0,39.5,4.4,44.0
male,50,191.0,95.0,11.0,93.0,40.1,5.2727272727272725,58.0
male,67,180.0,83.0,19.0,104.0,40.8,7.526315789473684,143.0
female,28,168.0,62.0,10.0,87.0,39.4,4.1,41.0
male,33,162.0,67.0,13.0,94.0,40.3,4.076923076923077,53.0
male,25,200.0,99.0,23.0,100.0,40.4,5.260869565217392,121.0
female,28,172.0,72.0,4.0,82.0,39.5,3.5,14.0
male,47,170.0,76.0,17.0,101.0,40.2,5.9411764705882355,101.0
male,25,179.0,77.0,24.0,108.0,40.8,6.0,144.0
male,23,181.0,87.0,25.0,104.0,40.9,5.52,138.0
male,74,184.0,85.0,28.0,101.0,41.1,7.464285714285714,209.0
female,59,169.0,65.0,25.0,112.0,40.6,7.24,181.0
male,29,187.0,82.0,15.0,97.0,40.1,4.6,69.0
female,49,145.0,49.0,19.0,91.0,40.6,5.052631578947368,96.0
male,27,200.0,97.0,12.0,98.0,40.2,5.0,60.0
male,60,193.0,90.0,15.0,95.0,40.0,6.0,90.0
male,39,182.0,89.0,15.0,90.0,40.5,4.2,63.0
female,28,146.0,50.0,25.0,97.0,41.0,5.32,133.0
female,79,160.0,57.0,14.0,85.0,40.0,4.857142857142857,68.0
male,50,183.0,87.0,10.0,88.0,39.6,4.4,44.0
female,25,169.0,68.0,11.0,96.0,40.1,4.909090909090909,54.0
female,52,165.0,65.0,19.0,105.0,40.4,6.368421052631579,121.0
male,46,179.0,80.0,25.0,108.0,40.7,7.08,177.0
female,57,157.0,57.0,18.0,91.0,40.1,5.055555555555555,91.0
male,23,183.0,84.0,29.0,112.0,40.9,6.655172413793103,193.0
male,30,197.0,95.0,12.0,91.0,40.2,4.083333333333333,49.0
female,75,165.0,69.0,25.0,104.0,40.8,6.6,165.0
female,71,161.0,68.0,29.0,114.0,40.7,7.620689655172414,221.0
male,52,183.0,86.0,11.0,87.0,40.0,4.2727272727272725,47.0
female,21,171.0,65.0,2.0,88.0,38.3,4.0,8.0
female,33,180.0,77.0,22.0,104.0,40.5,5.7727272727272725,127.0
female,41,188.0,79.0,25.0,102.0,40.4,5.68,142.0
female,37,153.0,56.0,18.0,104.0,40.5,6.111111111111111,110.0
male,73,187.0,84.0,3.0,81.0,38.5,4.333333333333333,13.0
female,73,170.0,71.0,16.0,91.0,40.2,5.1875,83.0
female,33,167.0,67.0,17.0,99.0,40.0,5.352941176470588,91.0
female,32,163.0,64.0,11.0,94.0,39.6,4.818181818181818,53.0
female,29,165.0,65.0,11.0,77.0,40.0,3.0,33.0
female,22,149.0,48.0,27.0,111.0,40.9,6.703703703703703,181.0
female,31,169.0,66.0,19.0,102.0,40.1,5.684210526315789,108.0
female,23,157.0,54.0,30.0,112.0,40.9,6.766666666666667,203.0
female,49,152.0,51.0,3.0,77.0,38.7,3.6666666666666665,11.0
female,60,158.0,63.0,3.0,78.0,38.4,3.6666666666666665,11.0
female,27,170.0,66.0,9.0,94.0,39.8,4.777777777777778,43.0
female,46,180.0,75.0,12.0,93.0,40.1,4.833333333333333,58.0
male,72,187.0,91.0,4.0,80.0,38.9,4.25,17.0
male,21,190.0,88.0,17.0,100.0,40.2,4.823529411764706,82.0
female,52,174.0,68.0,30.0,113.0,41.0,7.2,216.0
male,34,189.0,80.0,28.0,117.0,41.0,7.857142857142857,220.0
male,74,173.0,80.0,14.0,90.0,40.0,5.714285714285714,80.0
male,46,188.0,87.0,20.0,93.0,40.5,4.95,99.0
male,24,190.0,95.0,13.0,93.0,40.2,4.076923076923077,53.0
female,25,162.0,62.0,19.0,99.0,40.6,5.315789473684211,101.0
female,78,161.0,65.0,13.0,93.0,39.7,5.538461538461538,72.0
female,25,164.0,59.0,5.0,97.0,39.6,5.2,26.0
female,67,153.0,62.0,10.0,89.0,39.6,5.0,50.0
female,21,173.0,71.0,2.0,82.0,38.5,3.5,7.0
female,47,159.0,60.0,27.0,104.0,40.8,6.2592592592592595,169.0
female,42,159.0,57.0,12.0,93.0,39.8,5.0,60.0
male,57,181.0,85.0,18.0,92.0,40.7,5.277777777777778,95.0
male,71,174.0,78.0,15.0,105.0,40.0,7.8,117.0
male,69,192.0,100.0,17.0,95.0,40.3,6.647058823529412,113.0
female,25,154.0,54.0,20.0,98.0,40.4,5.3,106.0
female,73,159.0,57.0,7.0,87.0,39.0,5.0,35.0
female,25,155.0,59.0,19.0,93.0,40.3,4.684210526315789,89.0
male,34,182.0,81.0,20.0,105.0,40.6,6.05,121.0
male,26,177.0,71.0,4.0,82.0,39.2,2.0,8.0
male,37,177.0,77.0,21.0,98.0,40.4,5.0476190476190474,106.0
male,31,192.0,94.0,26.0,106.0,40.9,6.346153846153846,165.0
female,59,185.0,80.0,15.0,87.0,40.6,4.4,66.0
male,20,182.0,86.0,3.0,87.0,38.6,2.6666666666666665,8.0
male,40,169.0,70.0,22.0,101.0,40.5,5.5,121.0
female,63,175.0,73.0,23.0,106.0,40.6,6.565217391304348,151.0
female,44,146.0,52.0,25.0,101.0,40.7,6.0,150.0
male,20,186.0,84.0,22.0,93.0,40.5,3.6363636363636362,80.0
male,22,178.0,80.0,28.0,113.0,40.7,6.642857142857143,186.0
female,31,156.0,58.0,16.0,101.0,40.1,5.6875,91.0
male,27,197.0,100.0,29.0,111.0,40.9,7.0344827586206895,204.0
male,35,175.0,77.0,25.0,100.0,40.8,5.28,132.0
male,55,199.0,105.0,15.0,87.0,39.8,4.866666666666666,73.0
female,49,178.0,77.0,23.0,109.0,40.4,6.565217391304348,151.0
male,50,190.0,96.0,3.0,80.0,38.3,3.3333333333333335,10.0
female,69,161.0,59.0,24.0,105.0,40.8,6.75,162.0
male,35,192.0,103.0,14.0,91.0,40.2,4.5,63.0
female,39,171.0,67.0,19.0,105.0,40.5,6.105263157894737,116.0
female,38,165.0,66.0,27.0,114.0,40.9,7.074074074074074,191.0
male,36,200.0,103.0,17.0,101.0,40.4,6.0,102.0
female,43,158.0,63.0,12.0,93.0,40.0,5.0,60.0
female,42,157.0,59.0,22.0,95.0,40.5,5.2272727272727275,115.0
male,59,182.0,83.0,7.0,89.0,39.4,4.857142857142857,34.0
male,68,161.0,64.0,12.0,93.0,39.9,5.5,66.0
male,52,203.0,100.0,4.0,85.0,38.9,4.25,17.0
male,69,183.0,92.0,8.0,90.0,39.6,5.75,46.0
male,25,177.0,80.0,7.0,88.0,39.8,3.0,21.0
male,37,181.0,88.0,22.0,97.0,40.8,5.136363636363637,113.0
female,27,148.0,50.0,24.0,96.0,40.7,5.166666666666667,124.0
female,34,157.0,60.0,24.0,100.0,40.7,5.583333333333333,134.0
female,62,168.0,65.0,7.0,86.0,39.4,4.571428571428571,32.0
male,35,197.0,100.0,16.0,106.0,40.3,6.6875,107.0
female,29,148.0,49.0,10.0,98.0,39.9,5.4,54.0
male,52,177.0,85.0,5.0,79.0,39.2,3.0,15.0
male,27,175.0,74.0,13.0,102.0,40.1,5.076923076923077,66.0
female,76,160.0,58.0,5.0,82.0,39.0,4.4,22.0
female,59,182.0,84.0,17.0,92.0,40.3,4.823529411764706,82.0
male,36,186.0,84.0,19.0,97.0,40.5,5.0,95.0
female,65,163.0,59.0,5.0,81.0,39.3,4.2,21.0
female,30,161.0,61.0,30.0,106.0,40.8,6.133333333333334,184.0
male,73,172.0,80.0,30.0,101.0,41.2,7.3,219.0
female,74,177.0,77.0,3.0,81.0,38.4,4.0,12.0
male,47,183.0,85.0,24.0,98.0,40.7,5.708333333333333,137.0
female,26,170.0,66.0,20.0,107.0,40.3,6.1,122.0
male,32,196.0,96.0,28.0,110.0,40.9,7.035714285714286,197.0
male,57,187.0,88.0,25.0,113.0,40.9,8.52,213.0
male,27,205.0,109.0,26.0,103.0,41.0,6.0,156.0
female,23,169.0,67.0,7.0,81.0,39.5,3.2857142857142856,23.0
male,48,199.0,110.0,6.0,81.0,39.4,3.6666666666666665,22.0
female,39,168.0,63.0,29.0,108.0,40.7,6.482758620689655,188.0
female,22,175.0,66.0,7.0,90.0,39.3,4.285714285714286,30.0
female,46,166.0,65.0,24.0,107.0,40.8,6.5,156.0
male,69,186.0,83.0,29.0,114.0,40.9,9.137931034482758,265.0
female,26,166.0,63.0,2.0,73.0,38.9,2.5,5.0
female,40,169.0,63.0,11.0,93.0,39.6,4.909090909090909,54.0
female,55,169.0,67.0,21.0,102.0,40.6,6.095238095238095,128.0
male,21,191.0,95.0,25.0,110.0,40.8,6.48,162.0
male,20,192.0,89.0,10.0,89.0,39.6,3.1,31.0
female,20,175.0,74.0,24.0,108.0,40.8,6.0,144.0
male,49,202.0,102.0,20.0,103.0,40.4,6.95,139.0
female,36,139.0,47.0,29.0,112.0,41.2,7.103448275862069,206.0
male,41,170.0,69.0,18.0,101.0,40.2,5.555555555555555,100.0
male,44,178.0,74.0,26.0,112.0,40.3,7.423076923076923,193.0
male,22,190.0,94.0,26.0,108.0,40.6,6.1923076923076925,161.0
female,52,170.0,64.0,8.0,88.0,39.8,4.625,37.0
male,23,170.0,74.0,16.0,104.0,40.1,5.25,84.0
female,41,148.0,53.0,29.0,111.0,40.9,7.0,203.0
male,62,179.0,83.0,4.0,87.0,38.7,4.75,19.0
male,32,191.0,92.0,8.0,84.0,39.3,3.0,24.0
female,54,161.0,64.0,21.0,95.0,40.7,5.333333333333333,112.0
male,31,175.0,75.0,17.0,105.0,40.4,5.764705882352941,98.0
female,76,161.0,63.0,26.0,103.0,41.0,6.615384615384615,172.0
male,72,197.0,98.0,19.0,91.0,40.3,6.157894736842105,117.0
female,59,169.0,64.0,29.0,114.0,41.1,7.482758620689655,217.0
male,77,205.0,109.0,12.0,81.0,40.0,5.083333333333333,61.0
male,54,186.0,90.0,7.0,84.0,39.4,4.0,28.0
female,40,153.0,57.0,8.0,89.0,39.8,4.5,36.0
female,35,165.0,61.0,7.0,92.0,39.6,4.714285714285714,33.0
female,39,156.0,53.0,3.0,77.0,38.6,3.3333333333333335,10.0
male,35,167.0,68.0,12.0,95.0,39.8,4.333333333333333,52.0
male,40,191.0,94.0,9.0,83.0,39.7,3.3333333333333335,30.0
female,51,149.0,48.0,28.0,107.0,40.9,6.821428571428571,191.0
female,61,166.0,64.0,7.0,87.0,39.5,4.571428571428571,32.0
male,57,165.0,71.0,18.0,98.0,40.6,5.888888888888889,106.0
female,61,194.0,93.0,28.0,109.0,40.7,6.571428571428571,184.0
female,24,171.0,66.0,29.0,110.0,40.9,6.413793103448276,186.0
male,21,186.0,89.0,22.0,101.0,40.4,5.0,110.0
female,23,155.0,52.0,16.0,94.0,40.1,4.875,78.0
female,49,167.0,67.0,3.0,79.0,38.6,3.6666666666666665,11.0
male,54,186.0,88.0,7.0,92.0,39.7,5.142857142857143,36.0
female,34,159.0,57.0,28.0,117.0,40.9,7.464285714285714,209.0
male,70,192.0,92.0,3.0,76.0,38.8,3.6666666666666665,11.0
male,37,187.0,86.0,23.0,100.0,40.5,5.565217391304348,128.0
male,52,167.0,74.0,11.0,98.0,39.7,5.7272727272727275,63.0
male,56,178.0,80.0,25.0,109.0,40.6,7.68,192.0
male,44,198.0,100.0,12.0,98.0,39.9,5.916666666666667,71.0
female,26,164.0,59.0,23.0,108.0,40.5,6.304347826086956,145.0
male,29,190.0,84.0,21.0,102.0,40.4,5.428571428571429,114.0
female,49,168.0,64.0,28.0,104.0,40.7,6.214285714285714,174.0
female,54,172.0,69.0,10.0,87.0,39.3,4.4,44.0
female,66,179.0,72.0,23.0,115.0,40.3,7.608695652173913,175.0
male,20,189.0,92.0,28.0,108.0,40.9,6.071428571428571,170.0
male,74,184.0,94.0,29.0,109.0,41.0,8.862068965517242,257.0
male,34,179.0,85.0,12.0,93.0,39.9,4.333333333333333,52.0
male,57,176.0,82.0,23.0,101.0,41.0,6.565217391304348,151.0
female,60,170.0,71.0,3.0,82.0,38.1,4.0,12.0
male,61,194.0,92.0,24.0,99.0,40.9,6.666666666666667,160.0
female,61,157.0,56.0,17.0,95.0,40.5,5.588235294117647,95.0
female,33,147.0,51.0,14.0,84.0,39.9,4.0,56.0
male,21,205.0,102.0,8.0,87.0,39.3,3.125,25.0
male,43,190.0,98.0,17.0,107.0,40.2,7.176470588235294,122.0
female,61,147.0,56.0,18.0,98.0,40.2,5.888888888888889,106.0
female,31,168.0,64.0,20.0,100.0,40.1,5.5,110.0
female,40,153.0,52.0,9.0,80.0,39.8,3.6666666666666665,33.0
female,44,162.0,56.0,26.0,108.0,40.8,6.6923076923076925,174.0
male,53,172.0,69.0,16.0,97.0,40.3,5.5,88.0
female,71,178.0,77.0,16.0,100.0,40.1,6.0,96.0
female,25,158.0,58.0,27.0,115.0,40.9,7.074074074074074,191.0
female,25,168.0,65.0,21.0,107.0,40.3,6.095238095238095,128.0
female,74,163.0,65.0,22.0,100.0,40.5,6.2272727272727275,137.0
female,33,142.0,44.0,19.0,105.0,40.7,6.315789473684211,120.0
female,41,161.0,56.0,11.0,98.0,39.8,5.545454545454546,61.0
male,20,166.0,71.0,14.0,96.0,40.1,3.7857142857142856,53.0
female,31,158.0,52.0,5.0,89.0,39.2,4.4,22.0
female,35,161.0,62.0,10.0,101.0,39.9,5.7,57.0
male,55,195.0,100.0,21.0,100.0,40.9,6.714285714285714,141.0
male,50,191.0,89.0,22.0,90.0,40.3,4.7272727272727275,104.0
male,20,172.0,76.0,19.0,106.0,40.3,5.421052631578948,103.0
female,46,162.0,61.0,15.0,100.0,40.1,5.8,87.0
male,74,186.0,88.0,20.0,95.0,40.4,6.6,132.0
female,28,173.0,71.0,1.0,83.0,37.7,4.0,4.0
male,57,164.0,65.0,10.0,95.0,40.2,5.3,53.0
male,24,178.0,77.0,19.0,98.0,40.1,4.421052631578948,84.0
male,28,197.0,89.0,28.0,106.0,40.9,6.071428571428571,170.0
male,30,189.0,80.0,14.0,95.0,40.4,4.357142857142857,61.0
male,49,182.0,85.0,9.0,87.0,39.5,4.111111111111111,37.0
male,36,168.0,77.0,14.0,104.0,40.2,5.928571428571429,83.0
male,77,206.0,106.0,10.0,95.0,40.0,7.2,72.0
male,50,180.0,88.0,14.0,88.0,40.2,4.428571428571429,62.0
female,33,151.0,50.0,15.0,95.0,40.0,5.2,78.0
male,31,180.0,83.0,23.0,91.0,41.0,3.8260869565217392,88.0
female,54,169.0,68.0,14.0,94.0,40.0,5.214285714285714,73.0
male,58,186.0,90.0,20.0,103.0,40.6,7.1,142.0
male,21,166.0,67.0,12.0,88.0,39.6,2.5833333333333335,31.0
male,54,182.0,81.0,20.0,106.0,40.6,7.15,143.0
male,31,191.0,94.0,19.0,98.0,40.3,5.157894736842105,98.0
male,35,183.0,86.0,14.0,105.0,40.1,6.214285714285714,87.0
male,24,193.0,91.0,5.0,90.0,39.3,3.6,18.0
female,50,175.0,74.0,11.0,88.0,40.0,4.363636363636363,48.0
male,33,188.0,93.0,21.0,105.0,40.2,6.285714285714286,132.0
male,23,173.0,74.0,24.0,93.0,40.6,3.5416666666666665,85.0
female,47,161.0,57.0,10.0,86.0,39.8,4.4,44.0
male,65,193.0,99.0,5.0,89.0,39.3,5.6,28.0
female,21,160.0,55.0,3.0,81.0,38.7,3.3333333333333335,10.0
female,72,165.0,66.0,13.0,101.0,40.1,6.3076923076923075,82.0
male,50,189.0,94.0,26.0,107.0,40.5,7.423076923076923,193.0
male,35,194.0,98.0,6.0,86.0,39.5,3.6666666666666665,22.0
female,36,162.0,60.0,22.0,103.0,40.5,5.954545454545454,131.0
male,51,191.0,94.0,28.0,109.0,41.0,7.75,217.0
female,75,174.0,77.0,1.0,73.0,37.3,3.0,3.0
male,21,189.0,91.0,27.0,114.0,41.0,7.0,189.0
female,30,167.0,65.0,22.0,98.0,40.7,5.2272727272727275,115.0
female,21,147.0,45.0,29.0,116.0,41.1,7.275862068965517,211.0
female,32,164.0,62.0,25.0,100.0,40.3,5.52,138.0
male,57,176.0,82.0,6.0,92.0,39.2,5.166666666666667,31.0
female,27,179.0,79.0,19.0,96.0,40.5,4.7894736842105265,91.0
male,20,191.0,95.0,21.0,103.0,40.7,5.380952380952381,113.0
male,35,181.0,78.0,10.0,91.0,39.5,3.9,39.0
female,45,170.0,70.0,4.0,87.0,39.1,4.25,17.0
female,24,180.0,75.0,20.0,105.0,40.3,5.75,115.0
female,38,157.0,54.0,27.0,109.0,40.5,6.703703703703703,181.0
female,47,153.0,57.0,26.0,104.0,40.9,6.3076923076923075,164.0
male,21,185.0,83.0,10.0,98.0,39.7,4.4,44.0
male,57,183.0,88.0,5.0,86.0,38.6,4.4,22.0
male,25,196.0,97.0,14.0,95.0,39.8,4.428571428571429,62.0
male,64,184.0,93.0,19.0,108.0,40.4,8.210526315789474,156.0
male,23,190.0,90.0,25.0,99.0,40.7,4.8,120.0
female,20,168.0,63.0,22.0,104.0,40.7,5.7272727272727275,126.0
male,60,194.0,101.0,13.0,92.0,39.7,5.769230769230769,75.0
male,24,196.0,93.0,10.0,100.0,40.0,5.1,51.0
female,27,163.0,60.0,17.0,92.0,40.5,4.588235294117647,78.0
male,37,183.0,89.0,8.0,79.0,39.4,2.5,20.0
female,68,152.0,51.0,23.0,107.0,40.6,7.043478260869565,162.0
male,54,182.0,91.0,14.0,102.0,40.1,6.785714285714286,95.0
male,55,206.0,108.0,27.0,101.0,40.7,7.037037037037037,190.0
male,38,176.0,77.0,2.0,80.0,38.6,2.5,5.0
male,27,190.0,90.0,28.0,106.0,40.4,6.071428571428571,170.0
male,54,166.0,76.0,2.0,83.0,38.3,3.5,7.0
female,74,159.0,62.0,20.0,104.0,40.3,6.7,134.0
male,45,185.0,85.0,4.0,94.0,39.1,5.0,20.0
male,21,186.0,80.0,18.0,90.0,40.3,3.1666666666666665,57.0
male,25,187.0,80.0,21.0,106.0,40.5,5.761904761904762,121.0
male,43,183.0,82.0,21.0,98.0,40.7,5.476190476190476,115.0
female,41,169.0,62.0,29.0,111.0,41.0,6.862068965517241,199.0
male,70,170.0,76.0,12.0,101.0,40.2,7.083333333333333,85.0
female,28,197.0,87.0,22.0,95.0,40.8,4.590909090909091,101.0
female,24,165.0,66.0,14.0,90.0,39.7,4.285714285714286,60.0
female,30,167.0,63.0,4.0,87.0,38.5,4.0,16.0
female,56,155.0,60.0,3.0,84.0,38.7,4.333333333333333,13.0
male,68,164.0,69.0,26.0,106.0,40.7,7.576923076923077,197.0
female,65,166.0,61.0,16.0,87.0,40.6,4.75,76.0
male,59,186.0,84.0,2.0,84.0,37.8,4.0,8.0
male,20,172.0,72.0,9.0,88.0,39.8,2.6666666666666665,24.0
male,25,179.0,83.0,4.0,84.0,38.9,2.5,10.0
male,44,177.0,83.0,10.0,88.0,39.6,4.0,40.0
female,40,145.0,53.0,18.0,96.0,40.3,5.388888888888889,97.0
male,28,172.0,72.0,5.0,81.0,38.7,2.0,10.0
female,33,154.0,54.0,16.0,90.0,40.3,4.5625,73.0
male,67,183.0,91.0,1.0,84.0,37.9,5.0,5.0
female,26,163.0,59.0,4.0,86.0,38.8,4.0,16.0
male,44,177.0,77.0,16.0,91.0,40.5,4.3125,69.0
male,20,189.0,89.0,6.0,82.0,39.4,2.0,12.0
male,38,195.0,97.0,10.0,89.0,39.8,4.2,42.0
female,57,191.0,79.0,19.0,97.0,40.5,5.421052631578948,103.0
female,66,161.0,63.0,8.0,96.0,40.1,5.625,45.0
male,24,203.0,103.0,11.0,93.0,40.0,4.2727272727272725,47.0
female,62,163.0,62.0,3.0,84.0,38.3,4.333333333333333,13.0
female,34,171.0,69.0,26.0,96.0,40.8,5.038461538461538,131.0
female,38,166.0,63.0,2.0,85.0,38.3,4.0,8.0
female,54,184.0,79.0,23.0,92.0,40.9,4.826086956521739,111.0
male,24,196.0,97.0,4.0,83.0,39.3,2.5,10.0
female,66,176.0,74.0,27.0,116.0,40.8,7.666666666666667,207.0
male,56,174.0,78.0,4.0,83.0,38.5,3.75,15.0
male,20,189.0,86.0,11.0,91.0,40.1,3.3636363636363638,37.0
male,38,177.0,81.0,4.0,84.0,39.3,3.0,12.0
male,38,184.0,80.0,5.0,88.0,39.0,3.6,18.0
female,34,185.0,75.0,14.0,93.0,40.0,4.642857142857143,65.0
male,77,182.0,88.0,20.0,100.0,40.6,7.5,150.0
female,30,163.0,64.0,25.0,98.0,40.6,5.24,131.0
male,26,199.0,99.0,17.0,105.0,39.9,6.0588235294117645,103.0
male,70,195.0,102.0,15.0,93.0,40.1,6.4,96.0
female,26,151.0,52.0,22.0,98.0,40.2,5.363636363636363,118.0
male,32,202.0,99.0,27.0,115.0,40.5,7.851851851851852,212.0
male,26,187.0,89.0,22.0,103.0,40.7,5.545454545454546,122.0
male,34,195.0,101.0,13.0,88.0,39.6,3.923076923076923,51.0
male,51,173.0,73.0,21.0,112.0,40.6,7.761904761904762,163.0
female,56,173.0,72.0,21.0,108.0,40.5,6.666666666666667,140.0
female,41,177.0,71.0,27.0,111.0,40.7,6.7407407407407405,182.0
male,26,196.0,96.0,3.0,84.0,38.5,2.6666666666666665,8.0
male,29,169.0,74.0,26.0,105.0,40.7,5.653846153846154,147.0
male,22,174.0,71.0,22.0,115.0,41.2,6.7727272727272725,149.0
female,21,164.0,59.0,24.0,111.0,40.6,6.541666666666667,157.0
male,45,197.0,96.0,29.0,106.0,40.8,7.068965517241379,205.0
female,40,149.0,54.0,15.0,93.0,40.0,5.0,75.0
female,79,184.0,86.0,16.0,98.0,40.4,5.8125,93.0
female,44,174.0,72.0,19.0,102.0,40.3,5.842105263157895,111.0
female,26,157.0,54.0,19.0,97.0,40.6,5.2105263157894735,99.0
female,26,164.0,62.0,15.0,95.0,39.8,4.866666666666666,73.0
female,57,186.0,84.0,17.0,100.0,40.5,5.647058823529412,96.0
male,20,206.0,105.0,11.0,94.0,40.0,4.2727272727272725,47.0
male,21,204.0,98.0,16.0,94.0,40.1,4.125,66.0
female,35,161.0,65.0,14.0,91.0,40.2,4.571428571428571,64.0
male,73,169.0,78.0,26.0,102.0,40.9,7.423076923076923,193.0
male,26,190.0,87.0,23.0,100.0,40.7,5.043478260869565,116.0
male,48,179.0,81.0,19.0,101.0,40.9,6.105263157894737,116.0
female,30,183.0,81.0,10.0,90.0,39.5,4.2,42.0
female,36,176.0,74.0,23.0,108.0,40.8,6.304347826086956,145.0
female,35,178.0,71.0,8.0,85.0,39.8,3.875,31.0
female,38,162.0,59.0,8.0,89.0,39.3,4.5,36.0
male,49,175.0,75.0,26.0,103.0,40.6,6.346153846153846,165.0
female,34,147.0,52.0,19.0,92.0,40.4,4.842105263157895,92.0
female,39,179.0,76.0,20.0,105.0,40.5,6.0,120.0
female,53,161.0,63.0,11.0,84.0,40.2,4.181818181818182,46.0
female,21,175.0,74.0,13.0,95.0,40.2,4.615384615384615,60.0
female,73,163.0,62.0,19.0,105.0,40.5,6.7894736842105265,129.0
female,26,167.0,68.0,28.0,104.0,40.9,5.75,161.0
male,40,173.0,79.0,15.0,100.0,40.2,5.533333333333333,83.0
male,54,180.0,80.0,21.0,105.0,40.5,7.0,147.0
male,30,187.0,94.0,18.0,94.0,40.4,4.5,81.0
female,39,156.0,58.0,5.0,78.0,39.3,3.4,17.0
female,40,168.0,66.0,6.0,82.0,39.0,3.6666666666666665,22.0
male,27,198.0,103.0,29.0,107.0,41.0,6.482758620689655,188.0
female,28,158.0,55.0,9.0,90.0,40.1,4.444444444444445,40.0
female,75,182.0,76.0,27.0,102.0,40.8,6.296296296296297,170.0
female,39,163.0,58.0,8.0,87.0,39.2,4.375,35.0
female,63,168.0,63.0,7.0,92.0,39.4,5.142857142857143,36.0
male,25,180.0,85.0,23.0,105.0,41.0,5.695652173913044,131.0
female,64,161.0,68.0,23.0,109.0,40.8,6.956521739130435,160.0
female,20,142.0,48.0,19.0,91.0,40.1,4.526315789473684,86.0
male,26,197.0,97.0,20.0,102.0,40.7,5.55,111.0
female,35,151.0,57.0,21.0,99.0,40.4,5.523809523809524,116.0
female,73,184.0,83.0,25.0,121.0,40.6,8.2,205.0
female,42,174.0,67.0,10.0,94.0,39.6,5.0,50.0
female,66,175.0,77.0,10.0,90.0,39.9,4.9,49.0
female,53,154.0,57.0,4.0,86.0,38.9,4.5,18.0
female,53,174.0,73.0,5.0,88.0,39.4,4.4,22.0
female,28,149.0,53.0,28.0,109.0,41.0,6.535714285714286,183.0
female,64,153.0,52.0,7.0,91.0,39.2,5.285714285714286,37.0
female,22,158.0,58.0,9.0,101.0,39.5,5.555555555555555,50.0
female,24,169.0,65.0,30.0,112.0,41.3,6.633333333333334,199.0
female,49,173.0,68.0,19.0,104.0,40.2,6.157894736842105,117.0
female,53,148.0,51.0,27.0,106.0,40.9,6.703703703703703,181.0
male,60,189.0,91.0,22.0,100.0,40.6,6.7727272727272725,149.0
male,29,178.0,81.0,28.0,106.0,40.9,5.964285714285714,167.0
male,51,185.0,95.0,18.0,102.0,40.3,6.722222222222222,121.0
female,77,172.0,72.0,14.0,96.0,40.2,5.785714285714286,81.0
male,31,184.0,90.0,16.0,98.0,40.3,5.0625,81.0
male,28,191.0,93.0,19.0,93.0,40.6,4.2105263157894735,80.0
female,46,162.0,58.0,24.0,106.0,40.4,6.458333333333333,155.0
male,28,171.0,76.0,15.0,94.0,40.5,4.0,60.0
female,23,168.0,69.0,2.0,83.0,37.5,3.5,7.0
female,24,154.0,57.0,2.0,79.0,38.1,3.0,6.0
male,45,177.0,79.0,24.0,104.0,40.5,6.375,153.0
male,69,193.0,95.0,16.0,94.0,40.5,6.375,102.0
male,20,184.0,86.0,11.0,91.0,39.8,3.3636363636363638,37.0
female,53,175.0,75.0,3.0,75.0,38.7,3.0,9.0
female,23,160.0,57.0,7.0,85.0,39.3,3.857142857142857,27.0
female,39,187.0,87.0,13.0,101.0,40.2,5.384615384615385,70.0
male,42,194.0,100.0,13.0,98.0,40.1,5.769230769230769,75.0
male,23,167.0,69.0,22.0,102.0,40.5,4.818181818181818,106.0
female,41,161.0,55.0,23.0,107.0,40.4,6.521739130434782,150.0
male,29,189.0,94.0,6.0,95.0,39.3,4.666666666666667,28.0
female,26,151.0,53.0,4.0,76.0,39.0,3.0,12.0
male,58,180.0,83.0,30.0,105.0,41.2,7.266666666666667,218.0
male,25,177.0,80.0,22.0,93.0,40.4,3.772727272727273,83.0
male,20,176.0,75.0,6.0,83.0,39.1,2.0,12.0
male,26,196.0,95.0,16.0,94.0,40.6,4.3125,69.0
female,20,132.0,41.0,5.0,85.0,39.3,4.0,20.0
male,66,178.0,82.0,27.0,105.0,41.1,7.62962962962963,206.0
male,45,197.0,104.0,16.0,101.0,40.1,6.5,104.0
male,32,185.0,81.0,19.0,102.0,40.4,5.526315789473684,105.0
female,41,157.0,59.0,3.0,85.0,38.6,4.0,12.0
female,27,162.0,64.0,3.0,85.0,38.6,3.6666666666666665,11.0
male,78,172.0,74.0,28.0,103.0,41.0,7.714285714285714,216.0
male,58,185.0,89.0,2.0,89.0,38.4,5.0,10.0
female,31,167.0,65.0,19.0,99.0,40.3,5.368421052631579,102.0
female,40,171.0,65.0,20.0,101.0,40.7,5.75,115.0
female,31,153.0,60.0,12.0,93.0,40.0,4.75,57.0
female,20,171.0,68.0,2.0,86.0,38.0,3.5,7.0
female,57,172.0,73.0,5.0,86.0,39.5,4.4,22.0
female,40,162.0,64.0,6.0,88.0,39.0,4.333333333333333,26.0
male,26,191.0,93.0,13.0,89.0,40.3,3.5384615384615383,46.0
female,71,165.0,67.0,19.0,91.0,40.3,5.2105263157894735,99.0
male,30,191.0,91.0,7.0,84.0,39.6,2.857142857142857,20.0
male,50,191.0,95.0,11.0,94.0,39.9,5.454545454545454,60.0
male,56,192.0,93.0,1.0,80.0,37.8,4.0,4.0
male,27,186.0,93.0,25.0,114.0,40.9,7.32,183.0
male,36,178.0,77.0,29.0,105.0,41.2,6.068965517241379,176.0
female,33,155.0,59.0,23.0,106.0,40.9,6.217391304347826,143.0
male,48,178.0,78.0,26.0,107.0,40.9,6.961538461538462,181.0
male,21,189.0,88.0,15.0,99.0,40.2,4.666666666666667,70.0
female,29,182.0,76.0,5.0,86.0,39.1,3.8,19.0
male,51,182.0,88.0,8.0,85.0,39.6,4.0,32.0
male,22,192.0,91.0,26.0,113.0,40.7,6.884615384615385,179.0
male,20,176.0,72.0,22.0,102.0,40.6,4.7272727272727275,104.0
female,28,177.0,75.0,26.0,112.0,40.7,6.576923076923077,171.0
female,27,170.0,63.0,10.0,92.0,39.7,4.6,46.0
male,59,177.0,82.0,13.0,84.0,39.8,4.076923076923077,53.0
female,47,164.0,60.0,5.0,86.0,39.1,4.4,22.0
female,53,182.0,78.0,6.0,91.0,39.2,4.666666666666667,28.0
male,32,185.0,84.0,17.0,98.0,40.3,4.9411764705882355,84.0
male,43,182.0,85.0,29.0,108.0,40.9,7.0344827586206895,204.0
female,39,159.0,59.0,18.0,100.0,40.1,5.666666666666667,102.0
male,42,190.0,98.0,24.0,107.0,40.7,7.125,171.0
female,29,179.0,78.0,3.0,84.0,38.5,3.6666666666666665,11.0
male,64,203.0,109.0,11.0,102.0,39.6,7.636363636363637,84.0
male,41,178.0,74.0,8.0,80.0,39.7,2.5,20.0
female,31,171.0,68.0,28.0,107.0,40.7,6.178571428571429,173.0
male,63,196.0,101.0,9.0,95.0,39.5,6.333333333333333,57.0
male,24,179.0,82.0,24.0,100.0,40.5,4.833333333333333,116.0
female,30,144.0,42.0,24.0,105.0,41.0,6.291666666666667,151.0
female,43,159.0,59.0,4.0,85.0,39.0,4.25,17.0
male,44,179.0,82.0,29.0,108.0,40.8,7.0,203.0
male,33,177.0,82.0,23.0,102.0,40.8,5.565217391304348,128.0
female,23,163.0,62.0,20.0,103.0,40.3,5.7,114.0
female,68,155.0,58.0,15.0,100.0,40.3,6.2,93.0
male,78,196.0,105.0,4.0,89.0,38.9,6.25,25.0
male,26,185.0,85.0,3.0,86.0,39.1,3.0,9.0
male,25,183.0,78.0,3.0,83.0,38.9,2.3333333333333335,7.0
male,31,176.0,77.0,16.0,101.0,40.3,5.1875,83.0
female,23,159.0,55.0,3.0,84.0,38.4,3.6666666666666665,11.0
male,46,182.0,89.0,15.0,98.0,40.6,5.733333333333333,86.0
male,32,195.0,93.0,20.0,102.0,40.8,5.75,115.0
female,34,181.0,73.0,18.0,101.0,40.1,5.5,99.0
male,55,179.0,81.0,21.0,105.0,40.7,7.0476190476190474,148.0
female,61,175.0,74.0,13.0,92.0,40.1,5.0,65.0
female,20,175.0,66.0,28.0,104.0,41.0,5.678571428571429,159.0
female,30,158.0,57.0,29.0,117.0,40.7,7.379310344827586,214.0
female,28,155.0,55.0,11.0,84.0,39.9,3.8181818181818183,42.0
female,44,153.0,56.0,8.0,91.0,39.5,4.875,39.0
female,42,169.0,64.0,7.0,88.0,39.4,4.428571428571429,31.0
female,23,158.0,56.0,9.0,91.0,39.9,4.444444444444445,40.0
female,26,165.0,60.0,17.0,95.0,40.4,4.9411764705882355,84.0
female,31,145.0,46.0,28.0,104.0,40.7,6.142857142857143,172.0
female,46,169.0,70.0,18.0,94.0,40.3,5.0,90.0
female,28,174.0,68.0,3.0,83.0,38.7,3.6666666666666665,11.0
female,35,155.0,60.0,26.0,108.0,40.8,6.461538461538462,168.0
male,57,174.0,77.0,21.0,99.0,40.4,6.190476190476191,130.0
female,28,156.0,60.0,25.0,102.0,40.9,5.68,142.0
female,47,153.0,56.0,15.0,109.0,39.8,6.866666666666666,103.0
female,78,185.0,85.0,5.0,81.0,38.9,4.0,20.0
female,58,169.0,64.0,27.0,107.0,40.9,6.703703703703703,181.0
male,20,180.0,83.0,30.0,103.0,40.8,5.133333333333334,154.0
female,55,174.0,69.0,27.0,110.0,40.6,6.888888888888889,186.0
female,78,154.0,60.0,9.0,85.0,39.7,4.777777777777778,43.0
male,27,187.0,85.0,17.0,92.0,40.4,3.823529411764706,65.0
male,61,184.0,80.0,25.0,104.0,40.5,7.2,180.0
male,31,177.0,78.0,7.0,80.0,39.5,2.142857142857143,15.0
female,54,174.0,69.0,7.0,78.0,39.6,3.4285714285714284,24.0
female,23,156.0,55.0,14.0,86.0,40.3,4.0,56.0
male,67,197.0,102.0,8.0,75.0,39.6,3.625,29.0
female,44,156.0,62.0,15.0,93.0,39.8,5.0,75.0
male,63,199.0,101.0,14.0,81.0,40.1,4.285714285714286,60.0
female,30,148.0,46.0,29.0,111.0,40.8,6.896551724137931,200.0
female,36,165.0,62.0,6.0,83.0,39.3,3.8333333333333335,23.0
female,60,142.0,52.0,3.0,82.0,38.5,4.333333333333333,13.0
male,51,175.0,81.0,6.0,83.0,39.3,3.5,21.0
male,39,178.0,73.0,24.0,100.0,40.6,5.375,129.0
male,66,185.0,88.0,17.0,100.0,40.6,7.0,119.0
